customer_id,full_name,email,birth_date,gender,city,state,signup_date,customer_segment,acquisition_channel,monthly_income,credit_score,risk_level,is_active,churn_flag
1,Joan Cook,smithleon@example.org,1967-08-27,Male,West Ian,Nicaragua,2025-09-11,Standard,Google Ads,2660,743,Medium,True,False
2,Gordon Carr,mperry@example.org,1954-02-17,Non-Binary,West Paulinetown,Burkina Faso,2025-08-30,Standard,Referral,4719,650,Medium,True,True
3,Emily O'Connor,cartertracy@example.net,1953-09-17,Non-Binary,West Joanne,Turks and Caicos Islands,2025-06-21,Standard,Organic,3015,701,Medium,True,True
4,Mrs Pauline Wilson,bjones@example.org,1962-03-11,Female,South Geoffreyside,British Indian Ocean Territory (Chagos Archipelago),2024-08-22,Standard,Organic,4805,665,Medium,True,False
5,Chelsea Spencer,jaynejones@example.com,1957-12-31,Male,Bryantland,Cambodia,2026-05-20,Standard,Organic,3868,676,Medium,False,False
6,Kenneth Morley,lydiacollins@example.com,1992-10-03,Female,Suttonview,Costa Rica,2024-01-09,Standard,Organic,3939,697,Medium,True,True
7,Dr Vincent McDonald,rachel47@example.org,1954-05-31,Female,Nicolatown,Mauritius,2025-06-04,Premium,Organic,6955,745,Medium,True,False
8,Jeffrey Jones,hcoates@example.org,1997-03-11,Female,Knightburgh,Somalia,2023-06-18,Premium,Facebook Ads,10675,643,High,False,False
9,Richard Patel,butcherjasmine@example.net,2004-12-05,Female,East Rhystown,Christmas Island,2025-07-20,Standard,Google Ads,3075,690,Medium,True,False
10,Vanessa Henderson,shaunshaw@example.org,1961-01-24,Male,Sandersonview,Marshall Islands,2024-03-15,Standard,Organic,2179,675,Medium,True,False
11,Ms Holly Morris,hbutler@example.net,1949-05-10,Male,Butlerburgh,Christmas Island,2023-09-30,Standard,Google Ads,2952,746,Medium,True,False
12,Mrs Michelle Thornton,stephen10@example.org,1964-03-30,Male,Holdenberg,Netherlands Antilles,2026-06-09,Standard,Google Ads,3982,771,Low,True,False
13,Lynne Ward,woodjoan@example.com,1969-10-23,Male,Robinfurt,Aruba,2023-11-04,Standard,Referral,2604,765,Low,False,False
14,Dr Mohammad Murphy,victorparkes@example.com,1963-09-22,Female,Nigelhaven,Turkey,2023-08-07,Premium,Google Ads,5502,808,Low,True,False
15,Danny Woodward,samantha51@example.com,2006-09-17,Female,New Kevinland,Sudan,2023-10-14,Standard,Organic,3284,712,Medium,True,False
16,Tony Foster-Morris,maureen01@example.net,1950-10-07,Male,Lake Tony,Norway,2025-07-06,Standard,Organic,3478,690,Medium,True,False
17,Mr Howard Hunt,wilsoncheryl@example.org,1968-03-12,Male,Darrenborough,Haiti,2024-01-31,Standard,Google Ads,4425,582,High,True,False
18,Anne Williams,harveylouise@example.com,2003-03-21,Male,East Maryton,Nauru,2024-04-10,Premium,Organic,6663,771,Low,True,False
19,Denise Bray-Owens,jeremy62@example.net,2000-05-16,Male,New Pamelatown,Turkmenistan,2024-03-11,Standard,Organic,4480,723,Medium,True,False
20,Norman Pearce,qshah@example.com,1990-12-13,Male,Francescaborough,Jersey,2023-11-08,Standard,LinkedIn,2483,720,Medium,True,False
21,Kim Buckley-Evans,ibooth@example.net,1980-04-06,Male,Shaneville,Uzbekistan,2025-06-28,Standard,LinkedIn,3653,698,Medium,True,False
22,Katie Davies,hali@example.net,1955-04-21,Female,Roseside,North Macedonia,2026-01-05,Standard,Referral,3389,566,High,True,False
23,Miss Fiona Cooke,hilarywarren@example.net,1970-07-29,Male,North Angela,Faroe Islands,2024-09-06,Standard,LinkedIn,4577,791,Low,True,False
24,Miss Jacqueline Holden,gerald12@example.com,1979-01-11,Male,North Danielle,United States Virgin Islands,2025-05-18,Standard,Google Ads,3730,760,Low,True,False
25,Dr Cheryl Clarke,joshbishop@example.net,1976-06-04,Male,Patriciachester,Ethiopia,2024-04-27,Standard,LinkedIn,3594,836,Low,True,False
26,Mr Jason Moore,scott02@example.net,1977-06-14,Female,Lake Iain,Ghana,2026-01-04,Standard,Referral,4776,769,Low,True,False
27,Mrs Joan Peacock,gary33@example.net,1950-11-23,Female,Evansshire,Argentina,2023-12-09,Premium,Organic,11065,765,Low,True,False
28,Anne Hayward-Foster,valeriefreeman@example.org,1980-01-03,Male,Danielmouth,Colombia,2024-03-17,Standard,Google Ads,2252,601,High,False,False
29,Nathan Green,geoffreyburgess@example.org,1994-06-28,Female,East Denisside,India,2025-11-29,Premium,Referral,6154,677,Medium,False,False
30,Clive Morrison,georgiatucker@example.net,1967-12-17,Female,Rhodestown,Venezuela,2026-06-09,Standard,Organic,2053,785,Low,True,False
31,Miss Shirley Bates,gdickinson@example.com,1978-11-19,Male,Dannymouth,Congo,2024-05-19,Standard,Google Ads,2137,469,High,False,True
32,Miss Linda Holmes,sjarvis@example.com,1997-03-31,Female,Williamsfort,Wallis and Futuna,2026-03-15,Standard,LinkedIn,3327,635,High,True,False
33,Rachel Ryan,armstrongbrandon@example.com,1963-11-25,Female,North Joelberg,Dominican Republic,2024-04-13,Standard,LinkedIn,2269,628,High,False,False
34,Katie Gill,bullmaurice@example.net,1950-04-12,Female,West Robinburgh,Korea,2025-02-28,Premium,Organic,9893,634,High,True,False
35,Stacey Thomas,carole26@example.com,1950-02-01,Female,South Junemouth,Jordan,2024-10-09,Standard,Facebook Ads,2346,699,Medium,True,False
36,Miss Nicola Rowe,zcross@example.org,1945-08-02,Female,South Dorothy,Bouvet Island (Bouvetoya),2024-06-25,Standard,Organic,2101,715,Medium,False,False
37,Rosie Goddard,stewarttony@example.org,1966-03-22,Female,North Timothychester,Philippines,2025-10-27,Standard,Facebook Ads,3806,691,Medium,True,False
38,Harriet Allen,terencechan@example.net,1993-03-05,Male,South Lukechester,Moldova,2024-09-13,Standard,Google Ads,2425,560,High,True,False
39,Liam Foster,joannecooper@example.com,2000-11-29,Male,Williamsmouth,Somalia,2025-05-22,Premium,LinkedIn,5784,735,Medium,True,False
40,Ms Eleanor Martin,hbell@example.org,1950-01-04,Female,Simpsonside,Lesotho,2024-04-09,Standard,Referral,4750,842,Low,True,False
41,Samuel Mason,jknight@example.net,1999-02-15,Male,East Harry,Tokelau,2026-04-22,Premium,Facebook Ads,5971,575,High,True,False
42,Karen Green-Brady,lbradley@example.org,1991-06-28,Female,North Rita,Denmark,2023-10-04,Premium,Google Ads,11713,850,Low,True,True
43,Nicholas Long,carol00@example.net,1991-02-22,Female,Port Lawrenceview,Sweden,2025-05-27,Standard,Organic,4840,656,Medium,False,False
44,Rosemary Martin,kimberleyodonnell@example.com,1951-10-04,Non-Binary,East Jane,Andorra,2023-10-20,Standard,Google Ads,4714,762,Low,True,False
45,Ms Jemma Brown,bcrawford@example.org,1978-10-18,Male,Lake Dianachester,Norway,2025-06-14,Standard,Organic,2456,595,High,True,True
46,Miss Catherine Harris,simonosullivan@example.org,1973-05-03,Male,Harrietchester,Panama,2023-12-30,Standard,Organic,3731,540,High,True,True
47,Dr Hugh Ball,savagephillip@example.com,1949-07-02,Female,Port Oliviatown,British Indian Ocean Territory (Chagos Archipelago),2025-06-07,Standard,Organic,2359,721,Medium,True,False
48,Gregory Taylor,gregorynaylor@example.com,1997-03-11,Male,North Samland,Indonesia,2024-06-26,Standard,Organic,2796,850,Low,True,False
49,Ms Amelia Harris,nallen@example.org,1953-10-06,Male,West Maureenport,Iraq,2025-05-31,Standard,Organic,2757,681,Medium,True,False
50,Grace Khan-O'Donnell,daviesrachel@example.net,1972-03-11,Female,Charleneshire,Venezuela,2025-05-03,Standard,Organic,3870,849,Low,True,False
51,Claire Tucker-Marsh,jwilliams@example.net,1946-03-08,Female,New Aimee,Taiwan,2024-06-12,Standard,Facebook Ads,4289,850,Low,True,False
52,Mr Graham Griffiths,barbarasmith@example.org,1977-12-14,Male,East Andreaborough,Equatorial Guinea,2024-01-12,Premium,LinkedIn,11303,706,Medium,False,False
53,Hazel Berry-Barker,dale42@example.org,2002-03-29,Male,Shaunchester,Germany,2023-12-18,Standard,Organic,4538,735,Medium,True,False
54,Sharon Ahmed,neil09@example.com,1967-06-20,Female,Cameronport,Ecuador,2024-03-15,Standard,Google Ads,4346,790,Low,True,False
55,Dr Sam Reynolds,williamsjoan@example.org,2005-08-25,Female,Lake Lewisfort,New Zealand,2024-08-04,Standard,Facebook Ads,4869,652,Medium,True,False
56,Stephen Hobbs,margaret97@example.net,1986-03-18,Male,Matthewsmouth,Cayman Islands,2025-07-15,Premium,LinkedIn,8348,767,Low,False,False
57,Louis Burgess-Gill,tturner@example.com,1951-10-06,Female,North Tinastad,Korea,2023-07-04,Standard,Facebook Ads,2922,556,High,True,False
58,Nicola Miller-Roberts,mark18@example.org,1972-07-11,Male,New Fiona,Philippines,2024-01-14,Standard,Google Ads,3348,602,High,True,True
59,Marion Brown,pball@example.net,1996-04-19,Female,Grayfort,Aruba,2024-03-02,Standard,Organic,2528,754,Low,True,True
60,Sally White,billy67@example.org,2007-10-25,Female,Stokesside,Isle of Man,2025-05-23,Standard,Organic,2517,675,Medium,True,False
61,Graham Shaw,andrea62@example.net,1976-02-09,Female,Smithhaven,Bhutan,2025-09-15,Standard,Organic,2195,796,Low,True,False
62,Mrs Shirley Bradshaw,beverley59@example.com,1975-03-09,Female,Lake Lawrencefort,Cyprus,2025-08-25,Standard,Google Ads,4782,604,High,False,True
63,Holly Field,bentleyian@example.net,1966-06-12,Male,Youngstad,Madagascar,2025-11-11,Premium,Referral,9846,733,Medium,True,True
64,Ms Julie Evans,jamie68@example.com,1982-06-05,Female,Phillipsville,British Virgin Islands,2024-10-24,Standard,Organic,4793,654,Medium,False,True
65,Mr Craig Hancock,iandrews@example.com,1993-07-08,Female,Sarahside,Jamaica,2023-10-21,Standard,Google Ads,3188,792,Low,False,False
66,Paige Hill,uking@example.org,1992-08-01,Male,West Justin,Sierra Leone,2023-08-21,Standard,Google Ads,4292,661,Medium,True,False
67,Angela Jones,hughescarly@example.net,2007-11-20,Male,New Jennaville,Chad,2023-08-08,Standard,LinkedIn,1972,698,Medium,True,True
68,Anthony Jones-Newman,steelekelly@example.net,2008-02-13,Male,Stonehaven,Venezuela,2024-07-10,Premium,Organic,6996,676,Medium,True,False
69,Mandy Norman,sheila11@example.com,1945-11-12,Female,Cooperfurt,Nauru,2025-01-09,Standard,Facebook Ads,2940,705,Medium,False,True
70,Jessica Day,gilbertjeffrey@example.org,1992-05-10,Non-Binary,New Elliotport,Korea,2025-07-04,Standard,Referral,3056,778,Low,True,False
71,Mr Josh Cox,mitchelldawn@example.org,1976-02-06,Male,Leestad,French Polynesia,2025-10-05,Standard,Google Ads,2270,850,Low,True,False
72,Dorothy Ross,uwilliamson@example.com,2003-05-06,Male,Mauriceview,Reunion,2025-07-10,Standard,Organic,4579,635,High,True,True
73,Kevin Davies-Williamson,stewartjake@example.net,1945-08-08,Female,Naomishire,Korea,2024-03-04,Standard,Facebook Ads,3836,745,Medium,True,False
74,Mrs Lynn Davis,chapmankim@example.com,1945-12-10,Female,Irenebury,Cape Verde,2025-10-05,Premium,LinkedIn,6838,777,Low,False,False
75,Mrs Denise Baker,mortonnicholas@example.net,1970-12-28,Female,Port Ashleighburgh,Slovenia,2025-05-13,Standard,Google Ads,2815,794,Low,False,False
76,Alice Price-Day,alisongreen@example.net,1968-06-19,Male,South Jackfort,Malawi,2025-01-29,Business,Organic,18938,662,Medium,True,True
77,Dr Tracy Morgan,dominic04@example.com,2008-02-16,Female,Port Kenneth,Saint Pierre and Miquelon,2024-12-25,Standard,Referral,4670,720,Medium,False,False
78,Miss Amanda Hughes,russelljonathan@example.net,1999-01-04,Male,West Normanton,Cyprus,2023-08-13,Premium,Facebook Ads,9178,724,Medium,True,False
79,Amelia Johnson,russelljean@example.com,1950-08-07,Male,Rowleystad,Poland,2024-03-04,Standard,Google Ads,3269,726,Medium,True,False
80,Mrs Jill Martin,saundersfrancis@example.net,1988-11-23,Female,East Judith,Cuba,2024-02-07,Standard,LinkedIn,2570,739,Medium,True,False
81,Mr David Short,taylorvictoria@example.org,1955-08-28,Female,Leestad,Greece,2025-10-09,Premium,Referral,6848,654,Medium,True,False
82,Rachel Chamberlain,annetteharris@example.org,1957-03-22,Female,West Susanhaven,Gambia,2024-10-22,Premium,LinkedIn,9859,850,Low,False,False
83,Carl King,jayne24@example.net,2007-06-27,Female,Jamesfurt,Ecuador,2023-12-29,Standard,Facebook Ads,3817,716,Medium,True,False
84,Donna Knight,sjones@example.com,1983-03-07,Male,Lewisborough,Cape Verde,2024-11-05,Premium,Google Ads,5137,526,High,False,False
85,Mr Ross Hill,fosterowen@example.com,1971-01-16,Female,Lake Josh,Solomon Islands,2026-05-29,Business,Google Ads,26388,608,High,True,False
86,Lucy Francis,daviesgarry@example.com,1954-01-02,Male,West Sylviafurt,Bermuda,2026-05-15,Standard,Google Ads,3794,651,Medium,True,False
87,Dr Joshua Williams,xwilliams@example.com,1967-04-05,Female,South Jordan,Costa Rica,2023-10-18,Premium,Google Ads,8266,737,Medium,True,False
88,Christian Gregory,terrykelly@example.net,1970-03-26,Male,Jessicamouth,Saint Kitts and Nevis,2024-03-09,Standard,Organic,4381,701,Medium,True,True
89,Sylvia Edwards,carterangela@example.com,1948-02-10,Female,East Sian,Cyprus,2024-01-03,Standard,Google Ads,2901,602,High,True,False
90,Dr Glen Green,jake15@example.net,1967-08-19,Female,East Tobyport,Macao,2023-08-19,Standard,Referral,1847,607,High,True,True
91,Dominic Bryan,daniel06@example.com,1959-06-04,Female,Marionfurt,Belarus,2025-11-21,Standard,Referral,4566,763,Low,True,False
92,Jake Browne,hunteranne@example.com,1988-06-14,Female,Port Natasha,Luxembourg,2024-05-13,Standard,Google Ads,4546,705,Medium,True,False
93,Miss Lisa Hudson,albertjones@example.net,1956-04-28,Male,Lake Nicholasside,Bolivia,2025-05-14,Standard,Google Ads,4653,571,High,True,False
94,Fiona Barnett,wgibbs@example.org,1947-09-06,Female,Port Rhys,Guadeloupe,2025-12-27,Standard,Referral,1925,716,Medium,True,False
95,Dr Craig Freeman,blees@example.com,1965-07-05,Female,Carlyport,Netherlands,2026-01-17,Premium,LinkedIn,7156,850,Low,True,False
96,Lynn Davies,mkirby@example.org,1992-04-04,Female,Lake Bernard,Isle of Man,2025-12-18,Standard,Google Ads,4460,650,Medium,True,False
97,Dr Cameron Butler,pgraham@example.org,1978-10-02,Male,North Harrietmouth,Luxembourg,2024-04-23,Business,Referral,15812,650,Medium,True,False
98,Jay Bennett,lmoore@example.com,1966-03-29,Male,New Declanberg,Isle of Man,2024-10-07,Standard,Facebook Ads,2960,599,High,True,False
99,Gillian Allen-Williams,roybegum@example.com,1997-11-12,Female,Lake Oliviabury,Italy,2025-10-03,Standard,LinkedIn,2267,653,Medium,True,False
100,Gail Hussain,iparkin@example.org,1959-01-20,Non-Binary,Gregoryborough,Albania,2024-07-30,Standard,Referral,3258,760,Low,True,False
101,Oliver Parsons,anthony09@example.org,1947-07-19,Female,Port Clifford,Albania,2023-09-15,Standard,Organic,2331,663,Medium,True,False
102,Maureen Reynolds,kirstyadams@example.com,1948-05-01,Male,East Kerryfurt,Morocco,2023-06-14,Standard,Google Ads,3826,675,Medium,True,False
103,Clare Walker-Brown,kingaaron@example.net,1970-02-19,Female,Robertsberg,Qatar,2024-10-16,Standard,LinkedIn,4745,780,Low,True,False
104,Leah Nicholson,jeremy06@example.com,1975-08-16,Female,Millerberg,American Samoa,2023-09-19,Standard,Referral,3838,653,Medium,True,True
105,Ms Maureen Ellis,garry19@example.com,1990-12-04,Female,Josephport,Palau,2024-11-04,Standard,LinkedIn,3708,713,Medium,True,True
106,Jamie Cooper,gmoore@example.com,1986-07-18,Male,Lake Louis,Moldova,2025-07-28,Premium,Organic,8850,707,Medium,True,False
107,Samantha Blake,taylorsam@example.org,1975-03-07,Female,East Ann,Georgia,2025-06-18,Premium,Google Ads,5077,523,High,True,False
108,Roger Fletcher,thomas58@example.net,1973-01-25,Female,Susanside,Mongolia,2023-08-01,Standard,Google Ads,4269,728,Medium,True,False
109,Ben Morris-Wright,chopkins@example.org,2003-07-28,Female,Kylechester,Congo,2024-04-04,Standard,Organic,3797,516,High,True,False
110,Eric Johnson,houghtonmarcus@example.org,1997-11-08,Female,Josephineside,United States of America,2023-07-21,Premium,Organic,10408,814,Low,True,False
111,Mr Josh Bennett,ojames@example.org,1982-11-22,Female,Johntown,Wallis and Futuna,2024-10-15,Standard,Referral,4844,660,Medium,True,False
112,Lauren Stephens,kayleighwest@example.net,1993-05-16,Male,New Carolfurt,Sierra Leone,2025-04-15,Standard,Google Ads,3732,731,Medium,True,False
113,Mrs Lucy Webb,gwilliamson@example.com,1953-08-12,Female,East Maurice,Liberia,2024-07-21,Premium,Google Ads,8228,760,Low,True,False
114,Kevin Bailey,gfreeman@example.org,1987-08-13,Male,Ahmedtown,Heard Island and McDonald Islands,2026-05-19,Standard,Organic,3916,626,High,True,False
115,Sharon Giles,francis45@example.org,1985-02-24,Female,New Joelshire,Libyan Arab Jamahiriya,2025-02-16,Standard,Facebook Ads,2145,714,Medium,True,True
116,Geraldine Davis,colesgeoffrey@example.org,1983-09-18,Female,New Ryanborough,Romania,2024-04-17,Standard,Referral,3147,850,Low,True,True
117,Neil Ellis,elliott12@example.org,1969-05-27,Male,New Dylan,Antarctica (the territory South of 60 deg S),2025-11-14,Standard,Organic,3728,827,Low,False,False
118,Dr Ian Jennings,kennethwatson@example.net,1966-04-20,Male,North Sandraborough,Monaco,2024-01-03,Business,Google Ads,13645,659,Medium,True,False
119,Mathew Taylor,nichollsluke@example.com,1984-03-19,Male,Batesstad,Jamaica,2024-01-20,Standard,Google Ads,3734,652,Medium,True,False
120,Marc Williams-Powell,schofieldvanessa@example.com,1962-03-11,Male,South Sharonchester,Colombia,2025-12-09,Standard,Google Ads,2336,689,Medium,True,False
121,Dr Kim Jackson,david28@example.net,2002-11-21,Female,New Katherine,Egypt,2024-08-15,Premium,Google Ads,11783,679,Medium,True,False
122,Cameron Johnson,lauren75@example.org,1984-10-22,Male,Kylemouth,Syrian Arab Republic,2024-05-11,Premium,Organic,11320,579,High,True,True
123,Miss Annette Mahmood,ryan06@example.net,1962-01-12,Female,Lake Robinhaven,United Kingdom,2024-01-15,Standard,Organic,2648,636,High,False,False
124,Neil Mitchell,millerdorothy@example.net,1962-05-29,Male,Evansstad,Guadeloupe,2026-04-12,Premium,Organic,5951,686,Medium,False,False
125,Rhys Kent,tobyrahman@example.net,1947-06-05,Female,North Victorton,Jamaica,2024-11-03,Standard,Organic,4890,811,Low,True,False
126,Nicole Simpson,tdavies@example.com,1983-03-04,Male,Dorothyland,Belarus,2023-12-20,Standard,Facebook Ads,4772,487,High,True,False
127,Charles Hutchinson,gallen@example.com,2002-12-17,Male,Kathleentown,Vanuatu,2026-01-02,Standard,Google Ads,3934,679,Medium,True,False
128,Guy Davies,aimeereynolds@example.org,1979-10-09,Female,Port Deborah,Indonesia,2025-04-15,Standard,Organic,4608,781,Low,True,False
129,Reece Tucker,benwilson@example.org,1947-10-21,Female,East Dannychester,Zimbabwe,2023-09-07,Standard,Organic,3943,701,Medium,True,False
130,Kathryn Williams,ashleybarnett@example.org,1960-02-09,Male,Henryview,Tajikistan,2023-12-19,Standard,Organic,2622,704,Medium,False,True
131,Mr Luke Williams,deanpalmer@example.com,1950-03-27,Male,Owenville,Nauru,2025-02-21,Standard,Organic,2714,566,High,False,False
132,Tony Ahmed,craig90@example.com,1970-03-13,Male,Stevensland,Puerto Rico,2024-03-12,Standard,Referral,2270,841,Low,True,False
133,Declan Sheppard,hardypauline@example.org,1987-10-05,Female,North Adrianburgh,Bosnia and Herzegovina,2024-05-24,Standard,Google Ads,2876,716,Medium,True,True
134,Daniel Khan-Jones,jacquelineholmes@example.org,2006-08-20,Female,Hannahport,Kuwait,2025-12-28,Premium,Referral,9223,692,Medium,True,False
135,Shirley Simpson,leeholt@example.com,1948-08-05,Female,New Robert,Fiji,2023-12-05,Standard,Organic,3104,650,Medium,True,False
136,Henry Slater,goddardjade@example.net,1973-05-13,Female,Lake Emilyburgh,Kazakhstan,2024-08-11,Standard,Google Ads,1874,666,Medium,True,False
137,Kenneth Thomas,ross02@example.net,2007-07-03,Male,Mohammadmouth,Lesotho,2024-03-18,Standard,Facebook Ads,3500,782,Low,True,True
138,Marie Harding,kellygarner@example.net,1988-09-15,Female,New Abbieborough,Saint Martin,2025-04-25,Premium,LinkedIn,9263,737,Medium,True,False
139,Lewis Hill,boothdamian@example.org,1967-05-25,Female,Talbotberg,Kenya,2024-04-07,Premium,Organic,8028,730,Medium,True,False
140,Katherine Rees-Johnson,boothclaire@example.org,1989-08-04,Male,New Saraport,Sierra Leone,2025-11-11,Standard,Facebook Ads,2593,510,High,True,False
141,Peter Nicholls,probinson@example.org,1954-07-27,Female,Raymondhaven,Venezuela,2023-12-26,Premium,Organic,11887,624,High,True,False
142,Rachael Hawkins,gregoryreynolds@example.net,1962-07-17,Female,Derekside,Bulgaria,2025-04-08,Standard,Organic,3562,850,Low,True,False
143,Ian Reeves,sylvia23@example.net,1986-02-28,Female,Lake Linda,Bhutan,2024-11-20,Standard,Google Ads,3324,598,High,True,False
144,Mathew Iqbal-Burrows,vdavies@example.net,1978-07-07,Male,Barnesmouth,Peru,2024-08-07,Standard,Organic,3052,593,High,True,False
145,Ricky Harrison,pageraymond@example.com,1956-04-06,Female,Leonside,Puerto Rico,2025-12-12,Standard,Referral,4664,594,High,True,False
146,Dr Leslie Ross,rachael99@example.com,1955-11-30,Female,Wallborough,Greenland,2024-04-01,Standard,LinkedIn,4221,681,Medium,True,False
147,Mr Terry Smith,carole80@example.net,2005-08-04,Female,Lake Lindseyfurt,Bangladesh,2026-03-30,Standard,Organic,2288,734,Medium,True,False
148,Miss Marion Fowler,robertsmalcolm@example.net,2008-01-16,Male,Lake Denise,Philippines,2023-10-18,Standard,Referral,1936,716,Medium,True,True
149,Robert Schofield-Kirby,tparkin@example.org,1982-01-29,Female,New Oliverton,Greenland,2025-03-28,Premium,Organic,7419,662,Medium,True,True
150,Kieran Cooper-Davies,dpeacock@example.net,2005-05-21,Male,Saraport,Sao Tome and Principe,2025-11-21,Standard,Google Ads,2921,770,Low,False,False
151,Gregory Parry,gilbertkaty@example.org,1955-04-17,Male,Douglaschester,Sri Lanka,2025-09-12,Standard,Facebook Ads,4344,850,Low,True,False
152,Dr Ian Phillips,zknight@example.net,1968-09-17,Female,South Marystad,Poland,2024-06-23,Standard,Google Ads,2538,738,Medium,True,True
153,Kathryn Sanders,hydedebra@example.net,1997-11-22,Male,Port Natashaberg,Svalbard & Jan Mayen Islands,2025-01-16,Premium,Organic,8810,698,Medium,True,False
154,Simon Wilson,wendy99@example.org,1954-01-08,Male,Terryton,Bulgaria,2026-01-17,Standard,Google Ads,2139,655,Medium,True,False
155,Hazel Bradley,uwhite@example.com,1958-01-07,Male,North Martyn,Hungary,2024-02-09,Standard,Organic,4171,753,Low,True,False
156,Alexander Quinn,rbrown@example.net,1983-01-23,Female,Port Kayleigh,Honduras,2026-03-31,Standard,Organic,2763,829,Low,True,False
157,Dr Olivia Edwards,patricia31@example.net,1984-02-20,Female,Lake Katyland,Sao Tome and Principe,2025-10-24,Standard,Organic,3263,719,Medium,False,False
158,Rosie Hunter,eleanor91@example.org,1960-06-03,Male,Lake Christopherview,United Kingdom,2026-03-09,Standard,Organic,3133,774,Low,True,False
159,Dr Robin Evans,zpatterson@example.com,1955-03-29,Female,Port Nicolefurt,Tokelau,2025-08-04,Standard,Google Ads,4600,741,Medium,True,False
160,Louis Robinson,afreeman@example.net,1960-02-11,Male,North Ricky,British Virgin Islands,2025-04-13,Standard,Referral,4266,795,Low,True,False
161,Mr Damien Barber,jonathan01@example.net,1997-02-08,Male,Abbiefurt,Myanmar,2023-07-21,Standard,Facebook Ads,4991,520,High,True,False
162,Dr Clive Patel,xpowell@example.org,1986-10-05,Male,North Colin,Congo,2026-05-14,Standard,Google Ads,3286,629,High,True,False
163,Rachael Webb-Fletcher,andrewwilliams@example.com,2005-12-28,Male,Hazelchester,Morocco,2023-06-28,Standard,Facebook Ads,4175,681,Medium,True,False
164,Anna Turner,qrose@example.org,2001-03-27,Female,Chelseaville,Cote d'Ivoire,2026-05-11,Business,Referral,17233,708,Medium,True,False
165,Marcus Roberts,awarren@example.net,2007-06-13,Female,Maureentown,Brunei Darussalam,2024-02-16,Standard,Organic,3689,788,Low,True,False
166,Timothy Jones,connor40@example.com,1999-09-07,Female,South Stewart,Greenland,2024-04-21,Standard,Referral,4663,710,Medium,True,False
167,Mr Paul Griffin,rogersdorothy@example.net,1987-06-24,Female,North Callum,Uzbekistan,2025-07-01,Standard,Organic,4269,715,Medium,False,False
168,Mrs Rita Parkinson,jayne14@example.org,1957-03-13,Female,Port Hazelland,Belarus,2024-10-07,Premium,Referral,8508,687,Medium,True,False
169,Damien Ali,fwood@example.net,1973-09-20,Male,North Duncan,Guadeloupe,2025-06-14,Standard,Referral,2094,752,Low,True,False
170,Samuel Vaughan,lisanoble@example.org,1974-03-15,Non-Binary,Glenshire,Burkina Faso,2026-01-31,Standard,Google Ads,4314,548,High,True,False
171,Nathan Anderson-Fraser,hmanning@example.net,1983-09-18,Female,Mathewville,Iran,2024-11-07,Standard,Organic,3045,761,Low,True,False
172,Mr Craig Higgins,iantucker@example.net,1968-10-01,Female,East Kerryview,Japan,2023-09-02,Premium,Organic,11544,754,Low,True,False
173,Alexander Webb-Morgan,bdennis@example.org,1945-08-16,Male,East Gregoryburgh,Djibouti,2023-10-29,Premium,Organic,9799,653,Medium,True,False
174,Jane Knight,joneskathleen@example.net,1984-01-06,Male,Lake Alan,San Marino,2023-10-07,Premium,Organic,11222,850,Low,True,False
175,Anne Dunn,lisa83@example.net,2006-04-28,Female,McLeanburgh,Liechtenstein,2024-10-14,Standard,Organic,2315,584,High,True,False
176,Brian Payne-Moss,kingian@example.com,1952-10-03,Female,Morrisfort,Pitcairn Islands,2026-01-31,Standard,Facebook Ads,2773,524,High,True,True
177,Dean Jarvis,grace46@example.net,1949-03-07,Male,East Rachel,Mauritania,2026-05-30,Standard,Facebook Ads,2788,690,Medium,True,False
178,Rita Lawrence,jean72@example.com,2004-12-18,Male,Port Darren,Norway,2024-08-31,Standard,Referral,2733,750,Low,True,False
179,Gregory Powell,gerardgreen@example.org,2006-08-20,Male,Kellyville,Afghanistan,2023-09-04,Standard,Organic,3094,850,Low,True,False
180,Miss Michelle Knowles,stephaniewright@example.com,2000-04-10,Male,Lake Christineburgh,Monaco,2024-01-15,Standard,Facebook Ads,3835,567,High,True,False
181,Joel Harrison,smithconor@example.net,1949-10-04,Female,Lake Ashleighfurt,French Polynesia,2023-07-16,Business,Google Ads,27251,692,Medium,True,True
182,Joanna Scott-Jones,jacobchapman@example.net,1953-02-22,Male,Wardmouth,Comoros,2025-03-20,Standard,LinkedIn,2816,815,Low,True,False
183,Alice Pearson-Robinson,bbailey@example.net,1965-06-03,Male,Port Linda,Lesotho,2025-09-14,Standard,LinkedIn,2887,677,Medium,True,False
184,Rita Stone,ntaylor@example.com,1945-12-18,Female,Morrismouth,Czech Republic,2023-07-16,Standard,Referral,3124,697,Medium,True,False
185,Carole Buckley,browndebra@example.org,1956-12-15,Female,Kellyberg,Luxembourg,2023-06-23,Premium,Organic,6576,699,Medium,True,False
186,John Hayes,bclark@example.com,2006-11-13,Male,Chelseaview,Swaziland,2023-08-07,Standard,Referral,1801,607,High,True,False
187,Hazel Woodward,stephensgordon@example.org,1982-12-24,Male,Shahfurt,Samoa,2025-03-20,Standard,Organic,4974,715,Medium,True,False
188,Anne Begum-Osborne,derek77@example.com,1945-06-13,Female,Lake Kayleigh,Canada,2024-12-11,Standard,LinkedIn,3794,614,High,True,False
189,Dr Natasha Ryan,roybentley@example.com,1998-11-19,Male,North David,Montserrat,2025-07-05,Standard,Referral,2352,755,Low,True,False
190,Helen Thompson,goodwinjanet@example.net,1979-10-01,Female,North Ameliamouth,Denmark,2023-06-17,Standard,Google Ads,2907,731,Medium,True,False
191,Dr Keith Thomas,chelseahawkins@example.org,1999-07-16,Male,West Mohamed,Croatia,2024-07-04,Standard,LinkedIn,2673,834,Low,True,False
192,Jemma Bryant,knightben@example.net,1968-02-15,Female,North David,Maldives,2025-11-12,Standard,Referral,2549,663,Medium,True,False
193,Grace Garner,jduffy@example.net,1960-04-03,Female,West Maureen,Sao Tome and Principe,2024-05-01,Standard,Organic,3789,625,High,False,False
194,Mohammad Davies,paula04@example.com,1988-03-26,Female,West Kathrynberg,Tuvalu,2025-06-04,Standard,Organic,3940,760,Low,True,False
195,Howard Marshall,matthewberry@example.net,1946-06-25,Female,Baxterhaven,Slovakia (Slovak Republic),2025-08-20,Business,Google Ads,12956,730,Medium,True,False
196,Frances Collins-Phillips,lbibi@example.org,1952-07-18,Female,North Christinestad,Seychelles,2025-12-30,Standard,LinkedIn,4267,782,Low,True,False
197,Edward Stone-Johnson,judithduncan@example.org,1950-10-03,Female,East Stanley,Lao People's Democratic Republic,2025-11-20,Premium,LinkedIn,9390,752,Low,False,False
198,Glenn Lawson,elaine57@example.org,1979-01-30,Female,Lake Dianashire,Cape Verde,2024-05-02,Premium,LinkedIn,7914,573,High,True,False
199,Kyle Kelly-Adams,watkinsshaun@example.net,1951-02-19,Female,Port Mohammad,Netherlands Antilles,2024-07-26,Standard,Google Ads,1801,725,Medium,True,False
200,Mr Jonathan Cooper,edward76@example.com,1971-06-07,Female,Donaldfort,Moldova,2023-09-18,Standard,Google Ads,3808,676,Medium,True,True
201,Mr Nigel Bell,higginsbrian@example.org,1977-10-03,Male,Port Derek,Syrian Arab Republic,2023-06-20,Standard,Organic,3052,701,Medium,True,False
202,Connor Fitzgerald,reynoldsdamien@example.net,1952-04-25,Male,Ryanberg,Bolivia,2025-07-25,Premium,Referral,5629,692,Medium,True,False
203,Trevor Harper,hiltonalison@example.org,1954-03-17,Male,Port Gemmafurt,Latvia,2023-07-17,Standard,Referral,3599,820,Low,True,False
204,Paul Shepherd,duncanhoughton@example.org,1963-09-02,Male,West Hollie,Tonga,2025-10-27,Standard,Facebook Ads,4012,768,Low,True,False
205,Mrs Donna Price,bryan85@example.net,1961-11-26,Female,New Conor,Mexico,2023-12-05,Standard,Organic,3074,673,Medium,True,False
206,Mr Francis Morrison,miahsuzanne@example.org,1950-08-24,Male,South Trevor,Iran,2024-10-13,Standard,LinkedIn,1997,655,Medium,True,True
207,Ryan Wood,gerardjones@example.com,2003-04-09,Female,Wellston,Comoros,2023-06-28,Standard,Referral,2075,773,Low,True,False
208,Mrs Kathleen Turner,tony98@example.net,2001-06-19,Female,Parkerburgh,Sri Lanka,2025-08-26,Standard,Referral,4231,727,Medium,True,True
209,Brian Hobbs,qelliott@example.com,1967-04-16,Male,Shawfort,Pakistan,2025-04-12,Standard,Referral,3164,722,Medium,True,False
210,Frances Brooks,mortonlauren@example.org,1954-02-05,Female,Edwardsmouth,Poland,2026-01-02,Premium,Facebook Ads,7474,647,High,True,False
211,Marie Lees,wrightolivia@example.com,1961-04-24,Female,North Carolyn,Mayotte,2023-11-29,Standard,Referral,2387,715,Medium,False,False
212,Dr Robert Daniels,sylvia97@example.org,1967-11-12,Non-Binary,North Mark,Kuwait,2025-01-17,Standard,Organic,4208,679,Medium,True,False
213,Ian Hanson,kthorpe@example.org,2003-08-17,Female,Carolynchester,Myanmar,2023-09-30,Business,Facebook Ads,19848,679,Medium,True,False
214,Max White,benread@example.org,1981-12-08,Female,East Shirley,Croatia,2026-03-03,Standard,Organic,4244,659,Medium,True,False
215,Malcolm Stevens,jacknaylor@example.org,1993-01-18,Male,Hussainfort,Grenada,2024-05-30,Standard,Google Ads,3424,788,Low,True,False
216,Norman Wood,pamela91@example.com,1986-07-13,Male,South Alanfort,Senegal,2025-08-20,Standard,LinkedIn,2535,583,High,True,True
217,Kieran Skinner-Phillips,tbell@example.org,1960-09-23,Female,Reynoldsborough,Norfolk Island,2023-07-06,Standard,Facebook Ads,4689,700,Medium,True,False
218,Teresa Smith,nicholas19@example.com,1985-10-06,Female,Cliffordbury,Marshall Islands,2024-07-21,Premium,Google Ads,9760,829,Low,True,False
219,Joyce Holloway,hunterpaula@example.org,1981-12-14,Female,West Bethany,Cambodia,2024-06-13,Standard,Google Ads,2743,829,Low,True,False
220,Dr Kenneth Collins,fjones@example.net,1987-06-20,Female,Sallybury,Jamaica,2024-09-27,Premium,Organic,8188,726,Medium,False,False
221,Jonathan Bennett-Brown,rossholmes@example.com,1974-04-10,Female,West Abbie,Netherlands,2024-08-03,Premium,Facebook Ads,9565,662,Medium,True,False
222,Mr Ian Carr,sharris@example.com,1958-03-26,Female,New Sophieport,Portugal,2026-04-20,Standard,Organic,3471,665,Medium,True,False
223,Mrs Elaine Leach,cthorpe@example.com,1972-03-06,Female,East Molly,Martinique,2023-08-05,Standard,Organic,2149,744,Medium,True,False
224,Mohamed Smart,jeremyclarke@example.com,1996-04-27,Male,Lake Trevorshire,Iraq,2025-03-11,Standard,Referral,4145,622,High,False,False
225,Mr Damien Stephens,xgill@example.net,1986-12-03,Female,Dixonton,Puerto Rico,2024-04-21,Standard,Organic,3508,737,Medium,True,False
226,Mohammed Hyde,eclark@example.com,1979-03-29,Female,New Jay,Saint Kitts and Nevis,2023-06-24,Standard,Referral,1809,711,Medium,True,False
227,Rhys King,taylorgraeme@example.com,1990-01-28,Female,Port Maryhaven,Tuvalu,2026-05-19,Standard,Organic,2658,642,High,True,False
228,Joanne Evans,zhobbs@example.org,1978-06-30,Male,South Wendy,Nigeria,2023-08-09,Standard,Facebook Ads,4840,771,Low,True,False
229,Ms Julie Taylor,heathermiller@example.net,1974-05-18,Male,Dianeside,United States Virgin Islands,2024-09-17,Standard,LinkedIn,4508,797,Low,True,False
230,Miss Lesley White,oliversaunders@example.net,1957-09-16,Female,Georgetown,Cape Verde,2024-01-07,Standard,Google Ads,2569,829,Low,True,False
231,Abigail Peters,newtonsuzanne@example.org,1965-11-28,Male,Richardsborough,Rwanda,2025-04-20,Standard,Organic,4306,724,Medium,True,False
232,Dr Mohammad Nicholson,carolynpratt@example.com,1948-10-17,Male,West Jayneberg,Tokelau,2024-11-23,Premium,LinkedIn,11018,657,Medium,True,False
233,Dr Ross Cox,shawmartin@example.net,1945-10-23,Female,Frymouth,Serbia,2026-01-28,Standard,Google Ads,4675,718,Medium,False,False
234,Mr Jack Connor,carolejackson@example.com,1987-08-10,Female,New Billyland,Belgium,2025-08-11,Standard,Referral,2953,575,High,False,False
235,Miss Barbara Butler,alisonclements@example.com,1995-05-26,Male,South Roy,Russian Federation,2023-11-22,Standard,Google Ads,2461,744,Medium,True,False
236,Ricky Stephenson-Edwards,waltersmohammed@example.com,1996-08-08,Male,Smithstad,San Marino,2024-10-13,Standard,Facebook Ads,2432,706,Medium,True,True
237,Ellie Young,joewoods@example.com,1975-06-11,Male,Mooremouth,Nauru,2024-07-15,Standard,Referral,2036,639,High,True,True
238,Dr Julian Bryan,kaurlee@example.org,1955-07-17,Female,West Georgiaport,Malawi,2023-11-10,Premium,Organic,6012,763,Low,True,False
239,Henry Chapman,fergusonsandra@example.org,1970-12-29,Female,East Angelaport,Spain,2024-02-10,Standard,Referral,3961,607,High,True,True
240,Miss Kathleen Hughes,plee@example.net,1956-02-25,Female,North Hollie,Ireland,2024-03-19,Standard,Google Ads,3489,576,High,True,False
241,Christine Simpson-Todd,darrengriffiths@example.org,2001-07-15,Female,Carrshire,Equatorial Guinea,2023-11-07,Business,Referral,16107,664,Medium,True,False
242,William White,harrisjanet@example.org,1956-09-25,Male,Debraside,Portugal,2025-05-28,Standard,Organic,1872,793,Low,True,True
243,Connor Elliott,warderic@example.net,1998-04-29,Female,New Kirstyland,Kuwait,2025-09-16,Business,Google Ads,34481,786,Low,True,False
244,Valerie Robinson,hazel33@example.com,1965-10-20,Female,Lake Charlotteburgh,Benin,2023-09-09,Standard,Referral,2621,737,Medium,True,False
245,Katy French,gmistry@example.net,1992-06-06,Female,New Ellie,Guatemala,2023-10-09,Standard,Google Ads,4329,740,Medium,True,False
246,William Holland,burkedean@example.net,1980-11-17,Female,South Charlotteberg,Guatemala,2023-09-22,Standard,Google Ads,2189,704,Medium,True,True
247,Hayley Baker,iain07@example.net,1950-12-14,Male,Lake Sam,Wallis and Futuna,2025-09-17,Standard,Referral,3340,682,Medium,True,False
248,Lawrence Davies-Fletcher,holly30@example.net,2007-10-08,Male,Lake Natalieview,Saint Pierre and Miquelon,2025-10-14,Business,Organic,24168,819,Low,True,False
249,Brenda Taylor,marionclarke@example.com,1986-06-20,Male,Emmaborough,Bahrain,2025-12-31,Standard,Organic,4611,821,Low,True,False
250,Dr Anna Watson,hreid@example.net,1950-05-19,Female,Janicemouth,Mali,2025-06-20,Standard,Google Ads,2221,807,Low,True,False
251,Conor Storey,howard57@example.net,1954-10-13,Non-Binary,Barnesmouth,Netherlands Antilles,2024-03-23,Standard,Organic,4366,544,High,True,False
252,Miss Katy Kaur,catherinesmith@example.net,1980-09-12,Female,Mohamedton,Canada,2024-07-15,Standard,Organic,4252,850,Low,True,False
253,Samantha Morris-Scott,robinsonoliver@example.net,1971-04-13,Male,Geoffreyshire,Saint Vincent and the Grenadines,2024-06-19,Standard,Organic,3912,774,Low,True,False
254,Max Burke,ghobbs@example.net,1959-12-04,Female,Smithchester,Iceland,2023-10-31,Standard,Organic,2296,660,Medium,True,False
255,Kathleen Wright-Davies,abennett@example.org,1987-09-16,Female,Saraview,Mozambique,2025-02-22,Standard,Facebook Ads,3531,668,Medium,True,False
256,Dr Harry Finch,allan15@example.org,1959-08-08,Female,Sandraville,Lesotho,2025-11-24,Standard,Google Ads,4401,744,Medium,False,False
257,Mr Karl Parry,robin58@example.com,2007-01-11,Female,South Yvonne,Cocos (Keeling) Islands,2025-06-29,Standard,Referral,2371,684,Medium,False,False
258,Joanne Jones,molly28@example.org,1949-02-17,Female,South Trevor,South Africa,2025-07-05,Standard,Organic,2575,669,Medium,False,False
259,Georgina Williamson,joanna94@example.org,1964-07-02,Female,West Emilytown,Australia,2025-09-25,Standard,Referral,4314,651,Medium,True,False
260,Gregory Brooks,gary18@example.org,1954-09-23,Male,Kennethfort,Holy See (Vatican City State),2025-06-01,Standard,Organic,4888,693,Medium,False,False
261,Declan Fraser,irees@example.com,1945-08-06,Male,Port Barbaraview,Azerbaijan,2023-11-16,Standard,Google Ads,2198,613,High,True,False
262,Chloe Law-Cooper,edwardsmaria@example.org,1989-01-30,Female,Teresaton,Uruguay,2026-05-25,Standard,LinkedIn,4215,557,High,False,True
263,Terry McLean,taylorsamantha@example.com,1962-07-03,Female,Jenningstown,Reunion,2026-03-16,Standard,Google Ads,4793,683,Medium,False,False
264,John Jordan,begumkatie@example.org,1981-07-02,Female,Martinhaven,Tuvalu,2025-04-20,Standard,Referral,3682,690,Medium,False,False
265,Garry Stephenson-Young,greenarthur@example.net,1956-12-22,Male,Arnoldfurt,Bulgaria,2025-02-11,Premium,Google Ads,10345,670,Medium,False,False
266,Charles Jones-Jones,geraldine18@example.com,1999-11-28,Female,East Wayne,Tajikistan,2026-01-27,Standard,Referral,4832,632,High,True,True
267,Derek Mills,mwoods@example.com,2003-01-26,Female,Port Donna,Singapore,2026-02-26,Standard,Facebook Ads,3960,592,High,True,False
268,Mr Albert Clarke,ballronald@example.com,1954-03-03,Female,East Peterfurt,Mauritius,2026-04-26,Standard,Referral,4869,773,Low,True,False
269,Ms Laura Jones,rahmanjeffrey@example.com,1963-04-27,Female,Pickeringmouth,Svalbard & Jan Mayen Islands,2025-05-01,Standard,Organic,4050,789,Low,True,False
270,Carly Dickinson,donaldfraser@example.com,1990-07-12,Female,Port Tracy,South Georgia and the South Sandwich Islands,2026-02-13,Standard,Referral,4283,636,High,True,True
271,Billy Humphreys-Saunders,ddennis@example.org,1988-09-07,Male,Clarkechester,Ethiopia,2024-11-02,Premium,Organic,8754,764,Low,True,False
272,Terence Wright,hannah55@example.org,1969-01-26,Male,Gouldview,Poland,2025-09-12,Standard,Organic,3104,768,Low,True,False
273,Mary Mellor,jamesalex@example.org,1999-08-27,Female,Martinfurt,Trinidad and Tobago,2023-12-12,Standard,Google Ads,3084,671,Medium,True,False
274,Grace Edwards,kennethharrison@example.net,2003-11-29,Male,West Joyce,Ukraine,2024-03-03,Premium,Referral,11445,748,Medium,True,False
275,Susan Sharpe,dclark@example.com,1982-12-28,Female,North Elizabethhaven,Niue,2024-06-12,Standard,Referral,4445,718,Medium,True,True
276,Bryan O'Neill-Shepherd,martyn49@example.net,1945-10-16,Female,Sallymouth,Armenia,2026-03-07,Standard,Organic,3578,718,Medium,True,False
277,Dr Harry Butler,smithharry@example.com,2005-10-19,Male,Hydeberg,Tanzania,2025-08-29,Standard,Referral,2955,747,Medium,True,False
278,Molly Bailey,anna87@example.net,1980-06-16,Male,Alexandrafurt,Cambodia,2024-10-24,Standard,Google Ads,3885,727,Medium,True,False
279,Miss Jodie Ellis,david79@example.org,1965-07-20,Female,Pamelaland,Ethiopia,2023-11-24,Premium,LinkedIn,8292,654,Medium,True,False
280,Ms Maureen Murphy,lee03@example.net,1956-10-06,Male,Hooperburgh,Martinique,2024-12-21,Standard,LinkedIn,2393,714,Medium,True,True
281,Eric Holloway,leachshaun@example.com,1953-03-17,Female,South Natasha,Niue,2024-09-24,Standard,Google Ads,2463,789,Low,True,False
282,Zoe Turner,lkennedy@example.org,1955-04-14,Male,Bennettburgh,Belize,2025-07-17,Standard,Organic,1982,648,High,True,True
283,Jessica Hart,daveyrobin@example.net,1986-08-28,Male,Port Sandra,United States Minor Outlying Islands,2025-01-12,Premium,Google Ads,6326,618,High,True,False
284,Nicholas Morris-Bray,chelsea72@example.net,1978-09-09,Male,New Kim,Haiti,2024-10-03,Premium,LinkedIn,5074,848,Low,True,False
285,Carole Marshall,frank37@example.com,1967-12-01,Female,Stuartfurt,Italy,2025-07-21,Business,Organic,26082,657,Medium,True,False
286,Marian Hooper,pickeringstacey@example.org,1947-05-22,Female,Joycemouth,Bangladesh,2023-11-22,Standard,Google Ads,2380,761,Low,True,False
287,Mr William Webb,osbornediane@example.org,1985-10-23,Female,Baileyville,Chad,2023-12-21,Standard,Referral,3425,716,Medium,True,False
288,Sheila Fisher,alexanderbeth@example.net,1983-08-21,Female,Jamesfort,Svalbard & Jan Mayen Islands,2024-11-05,Standard,Google Ads,3651,669,Medium,True,False
289,Leigh Dale,lisajones@example.org,1964-10-14,Female,Wilsonchester,Israel,2024-09-12,Standard,Organic,3231,691,Medium,True,False
290,Hayley Fletcher,jack43@example.com,2005-10-25,Male,Macdonaldport,Northern Mariana Islands,2025-04-01,Standard,Google Ads,3814,683,Medium,True,False
291,Gareth Chamberlain-Phillips,elliemason@example.org,1984-11-08,Female,New Tony,Pitcairn Islands,2025-11-06,Standard,Organic,4443,784,Low,True,False
292,Rosemary Knight-Carr,jill68@example.com,1989-09-19,Female,Wilsonshire,Bouvet Island (Bouvetoya),2023-11-26,Standard,Facebook Ads,2471,850,Low,True,False
293,Mohammed Graham,itaylor@example.net,1993-07-12,Male,Walkershire,Equatorial Guinea,2023-08-30,Standard,Referral,4339,743,Medium,True,False
294,Clifford Arnold,callum29@example.com,1946-10-22,Female,Hollymouth,Equatorial Guinea,2026-02-19,Standard,Google Ads,4152,800,Low,True,False
295,Gemma Sinclair,brettsmith@example.net,1989-10-21,Female,South Bruce,China,2024-01-22,Standard,Organic,2428,641,High,True,False
296,Hilary Chamberlain-Stokes,macdonaldgerard@example.com,1999-02-15,Female,Douglasfort,Wallis and Futuna,2025-09-25,Premium,Organic,7090,635,High,True,False
297,Francesca Kerr,stevensonharriet@example.net,1999-11-22,Female,East Frederick,El Salvador,2024-11-21,Standard,Google Ads,4689,734,Medium,True,False
298,John Hussain,dsmith@example.com,2008-02-18,Male,Pearsonberg,Northern Mariana Islands,2025-12-09,Standard,Referral,3117,772,Low,True,False
299,Henry Bradley,cpeters@example.net,1983-02-17,Male,Natalieberg,Ghana,2025-10-09,Standard,Organic,4238,710,Medium,True,False
300,Denise Parker,rclarke@example.org,1984-10-07,Male,New Dean,Guam,2023-10-07,Standard,Facebook Ads,4475,785,Low,True,False
301,Miss Jayne Harris,bhardy@example.net,1953-11-14,Male,Gemmachester,Tuvalu,2026-03-21,Premium,Referral,9542,628,High,True,True
302,Christine Holt-Marsh,pberry@example.com,2001-04-04,Female,Amberville,Singapore,2025-03-18,Standard,Facebook Ads,3614,709,Medium,True,False
303,Mrs Ruth Fry,vsutton@example.com,1992-11-04,Female,North Trevorport,Germany,2025-04-29,Standard,Google Ads,1807,773,Low,True,False
304,Sylvia Hawkins,johnwilliamson@example.net,2006-05-25,Female,Alisonborough,Oman,2023-11-16,Premium,Organic,10223,646,High,True,False
305,Hazel Watson,kerryholmes@example.net,2001-02-12,Male,Fordtown,Maldives,2023-12-26,Standard,Organic,4724,678,Medium,False,True
306,Tina Humphreys,xlewis@example.org,1996-09-10,Female,New Gavinhaven,Croatia,2024-08-17,Premium,Facebook Ads,11011,738,Medium,True,False
307,Mrs Kelly Hawkins,cchapman@example.net,1969-09-22,Non-Binary,North Diana,Senegal,2025-05-21,Premium,Referral,7696,701,Medium,False,False
308,Jean Green,zharvey@example.org,1950-12-27,Female,East Liam,Kuwait,2023-11-08,Standard,Organic,3083,812,Low,False,False
309,Mandy Clark-Taylor,zbuckley@example.com,2004-08-28,Female,Atkinsonville,Paraguay,2024-06-24,Standard,Organic,3978,843,Low,False,False
310,Dr Adrian Nicholson,zjames@example.net,2006-07-06,Female,East Benjamin,Monaco,2025-06-25,Premium,Facebook Ads,6395,717,Medium,False,True
311,Jenna Davis,kelly10@example.org,1965-07-12,Male,North Lawrence,Ireland,2024-05-30,Premium,Organic,10483,530,High,True,False
312,Dr Benjamin Hopkins,normanrobinson@example.net,1961-01-10,Male,Simsborough,Peru,2025-03-29,Premium,Facebook Ads,8831,651,Medium,True,False
313,Miss Leanne Howell,fergusonmartin@example.com,1999-07-17,Female,Mauriceton,Malta,2024-03-19,Premium,Google Ads,9433,761,Low,True,False
314,Elliott Hughes,andrewalexander@example.net,1955-08-27,Male,South Nigelport,China,2024-12-16,Business,Google Ads,21122,800,Low,True,False
315,Harry Wright,williamslouis@example.org,2000-08-15,Male,Stevensonton,Myanmar,2024-07-09,Standard,LinkedIn,2870,722,Medium,True,False
316,Jane Ward,savagejoel@example.com,1978-03-31,Male,Port Catherine,Greece,2023-09-01,Standard,Referral,3744,679,Medium,True,False
317,Mr Alex Butler,edwarddavis@example.com,1949-10-16,Male,North Aaronfort,Netherlands,2025-11-16,Standard,Facebook Ads,3819,728,Medium,True,False
318,Clare Cunningham,barnold@example.com,1951-01-27,Male,West Bethanmouth,Canada,2025-12-16,Standard,Organic,4254,739,Medium,True,False
319,Callum Carter,malexander@example.net,1975-12-15,Male,Simpsonmouth,Zimbabwe,2025-08-19,Standard,Referral,4549,720,Medium,True,False
320,Ms Helen Jones,leeraymond@example.com,1955-10-24,Non-Binary,Karlshire,Bulgaria,2024-07-11,Premium,Referral,6750,694,Medium,True,False
321,Dr Robin Barnes,jlewis@example.net,1983-05-24,Female,Hollandberg,Colombia,2025-01-27,Standard,Organic,4131,625,High,True,True
322,Roy Robson-Jones,joanna51@example.net,2005-09-18,Male,East Christinechester,Comoros,2023-10-24,Premium,LinkedIn,10948,786,Low,True,False
323,Mr Alexander Collins,morrisfrancis@example.com,1952-06-06,Male,Lake Sophiebury,Uganda,2023-11-02,Standard,Facebook Ads,3477,571,High,True,False
324,Kenneth Wallace,eleanor90@example.com,1983-12-27,Male,North Brett,Iraq,2025-09-11,Premium,Organic,10717,762,Low,False,False
325,Rosemary Phillips,dalewalton@example.net,1979-09-20,Female,Hannahbury,Namibia,2025-06-23,Premium,Organic,6693,569,High,True,False
326,Mr Kenneth Hill,craig55@example.org,1947-11-13,Female,Port Mitchellfurt,Maldives,2025-11-25,Standard,Referral,4860,660,Medium,True,False
327,Mrs Leanne Parker,paul39@example.org,1989-08-22,Male,New Lindsey,Burundi,2024-05-18,Premium,Facebook Ads,8136,610,High,True,True
328,Iain Harper-Kelly,rosemary78@example.net,1976-09-28,Female,Brucebury,Dominica,2024-11-05,Standard,Organic,2304,691,Medium,True,False
329,Dr Eric Phillips,danny61@example.org,1970-10-30,Female,Juneport,Antarctica (the territory South of 60 deg S),2026-03-14,Standard,LinkedIn,2378,733,Medium,True,False
330,Howard Freeman,phillipsgarry@example.com,1972-01-28,Female,North Lynne,Gibraltar,2026-03-17,Standard,Organic,3736,711,Medium,True,False
331,Dr Katy Jackson,nicholas59@example.com,1945-09-02,Male,East Kimland,Bhutan,2024-05-20,Standard,Organic,2240,682,Medium,True,False
332,Hugh Jones,ywilliams@example.net,1966-05-19,Female,South Matthewchester,Haiti,2023-12-06,Standard,Referral,2797,534,High,True,True
333,Dr Alison Wong,rhayes@example.com,1963-10-18,Female,Perryborough,Cote d'Ivoire,2025-05-14,Standard,Google Ads,3630,725,Medium,True,False
334,Jade Steele,lynne92@example.net,1985-02-17,Female,Oliviaport,Gabon,2024-02-19,Standard,LinkedIn,2352,807,Low,True,False
335,Dr Kyle Smith,vharrison@example.net,1998-04-11,Male,Declanton,Poland,2025-12-28,Standard,Facebook Ads,3527,668,Medium,True,False
336,Dominic Fox,brownanna@example.org,1950-05-29,Female,Zoemouth,Chad,2025-06-14,Premium,Facebook Ads,8339,647,High,True,True
337,Dr Patrick Fuller,mohammedjones@example.net,1994-02-03,Female,Howellfurt,Mauritania,2026-05-13,Premium,Organic,9954,669,Medium,True,False
338,Ms Ruth Frost,valerie72@example.com,1978-09-28,Male,Lake Andrew,British Virgin Islands,2025-11-30,Standard,Google Ads,2735,746,Medium,True,True
339,Annette Jones-Tomlinson,millsandrew@example.org,1989-11-21,Female,North Francesberg,Kenya,2023-08-25,Premium,Organic,10054,806,Low,False,False
340,Leon Butler,anne85@example.com,1997-03-08,Female,West Chloeview,Cocos (Keeling) Islands,2026-03-30,Standard,Google Ads,3363,806,Low,True,False
341,Ms Amy Turner,grahamknowles@example.com,1965-12-11,Male,Port Danny,Fiji,2024-12-20,Premium,Organic,8421,564,High,True,False
342,Yvonne Gill-Carr,darren97@example.org,1963-09-13,Male,Lake Juliaberg,Mexico,2026-03-28,Standard,Google Ads,2022,648,High,True,False
343,Elliott Thomas,hmarshall@example.com,1978-10-04,Male,Bradleyshire,Cocos (Keeling) Islands,2023-09-06,Premium,Referral,11563,604,High,True,False
344,Marion Warren-Nolan,christopherrussell@example.net,1958-07-18,Male,Andersonton,Turks and Caicos Islands,2023-09-21,Premium,Facebook Ads,10275,773,Low,True,False
345,Ian Quinn,aaronhayward@example.com,1976-04-07,Male,North Iaintown,Myanmar,2023-11-20,Standard,Organic,2941,782,Low,True,False
346,John Taylor,matthewwilliams@example.org,2000-08-08,Female,Port Douglasfurt,Mauritius,2025-03-10,Premium,Google Ads,8264,790,Low,False,False
347,Dr Victoria Lewis,anneharper@example.com,1958-04-24,Female,Lake Stephenside,Greece,2024-01-07,Standard,Google Ads,4854,687,Medium,True,False
348,Tracey Higgins,lindabrown@example.net,2002-04-28,Non-Binary,Dixonberg,Ireland,2025-06-19,Standard,Organic,2632,642,High,True,True
349,Mr Mohammed Davey,jodiesimpson@example.org,1978-07-14,Female,Carrollshire,Estonia,2023-09-18,Business,Organic,34602,558,High,True,True
350,Mr Louis Lawson,chloe43@example.org,1951-03-25,Female,West Leahchester,Turkey,2024-06-12,Premium,LinkedIn,10668,583,High,False,False
351,Emily Campbell-Wheeler,hwilson@example.org,1966-08-20,Non-Binary,East Julieton,Vietnam,2026-01-17,Premium,Referral,7416,716,Medium,True,True
352,Stewart Campbell,dpowell@example.com,2005-10-23,Female,Dawntown,Syrian Arab Republic,2024-06-27,Business,Referral,27848,637,High,True,False
353,Mrs Amy Jordan,catherinebradley@example.net,1957-05-20,Female,Lake Louis,Finland,2025-11-25,Standard,Organic,3377,743,Medium,True,False
354,Mrs Brenda Wilkinson,adamsdylan@example.net,1986-10-24,Male,Marcusburgh,Djibouti,2025-09-23,Premium,Google Ads,9931,767,Low,True,False
355,Sandra Hughes,annjames@example.com,2007-06-26,Male,Benbury,Marshall Islands,2024-11-25,Standard,Referral,3986,750,Low,True,False
356,Lee Jones-Jones,gracephillips@example.org,1971-07-03,Male,Vanessahaven,Brazil,2023-11-03,Standard,Google Ads,2798,647,High,True,True
357,Stuart Gray,darren64@example.com,1955-03-10,Male,South Leetown,Liberia,2023-12-30,Standard,Referral,3911,833,Low,True,False
358,Emily Thomas-Fletcher,william39@example.com,1946-01-14,Male,West Andrewstad,Mauritania,2024-04-01,Standard,Facebook Ads,2776,824,Low,True,False
359,Damien Thomas,qnewton@example.com,1962-01-18,Male,New Stephenview,Latvia,2023-09-27,Premium,Organic,9761,698,Medium,True,False
360,Dr Ricky Hughes,harriet82@example.com,1977-05-27,Female,Loweburgh,Germany,2024-10-28,Standard,Google Ads,3039,731,Medium,True,False
361,Steven Howells,harveyrobin@example.net,1977-08-26,Female,Timothyside,Cambodia,2025-03-23,Premium,Facebook Ads,11068,695,Medium,True,False
362,Kathryn Welch,richard19@example.com,1981-04-11,Female,East Joannafurt,Senegal,2025-01-04,Standard,Facebook Ads,3663,722,Medium,True,False
363,Mrs Yvonne Taylor,smithfrancesca@example.net,1978-06-25,Male,North Junebury,Morocco,2024-12-19,Standard,Google Ads,3146,747,Medium,True,False
364,Marcus Wood,dennisrobinson@example.net,1985-02-17,Female,Victoriastad,Jersey,2024-03-25,Standard,LinkedIn,2482,464,High,True,False
365,Miss Lisa Parker,morrissarah@example.com,1997-01-05,Non-Binary,New Gemmamouth,Turkmenistan,2026-02-24,Premium,Referral,8752,628,High,False,True
366,Jordan Evans,pbailey@example.org,1957-09-02,Male,East Gerard,Andorra,2025-05-31,Premium,LinkedIn,8398,645,High,True,True
367,Gregory Lawrence,greenleanne@example.net,1976-05-16,Female,Dylanchester,Libyan Arab Jamahiriya,2024-03-22,Standard,LinkedIn,1940,764,Low,True,False
368,Mandy Cole,leah96@example.net,1949-11-12,Male,Carolinetown,French Polynesia,2023-08-13,Standard,Organic,2601,760,Low,True,False
369,Mrs Caroline Webb,robertjones@example.org,1977-04-21,Female,Sandrashire,Singapore,2026-03-11,Standard,Referral,2709,548,High,True,False
370,Sandra Watkins,wrighthelen@example.net,1967-07-13,Male,North Gillian,Indonesia,2025-06-13,Standard,Facebook Ads,2249,717,Medium,True,False
371,Dr Thomas Pugh,craig48@example.org,1990-10-02,Male,Port Stanley,Somalia,2024-05-16,Standard,Organic,3038,687,Medium,False,False
372,Dr Eileen Fuller,williamsphillip@example.net,1960-05-27,Male,West Simon,Western Sahara,2023-07-23,Standard,Referral,2236,756,Low,True,False
373,Albert Shaw,annette15@example.net,2005-07-12,Male,Coopertown,Cayman Islands,2025-12-09,Standard,Referral,1982,458,High,True,False
374,Dr Terence Butler,lindsey65@example.net,1971-09-24,Male,Port Michelleshire,Lesotho,2024-07-10,Standard,LinkedIn,4259,714,Medium,True,False
375,Mr Derek Hawkins,catherine08@example.org,2003-12-18,Male,Daviesland,Switzerland,2024-02-25,Standard,LinkedIn,4930,640,High,True,True
376,Nicholas Mitchell,ghumphreys@example.com,1971-10-31,Male,Port Katie,Syrian Arab Republic,2023-06-17,Standard,Referral,3539,771,Low,True,False
377,Joyce Smith,ybennett@example.com,1982-10-06,Male,West Lewiston,Belize,2023-07-24,Premium,Referral,8797,673,Medium,True,True
378,Mr Mohammed West,atucker@example.com,1999-05-12,Female,East Natalie,Jamaica,2025-06-14,Standard,Google Ads,2432,712,Medium,True,False
379,Mrs Debra Allen,catherine88@example.org,1973-03-03,Male,West Maureenborough,Reunion,2024-11-04,Premium,Referral,5818,768,Low,True,False
380,Miss Leah Lawson,victormckenzie@example.net,1973-12-25,Female,Lake Leanne,Iraq,2024-11-23,Standard,Organic,2728,689,Medium,False,False
381,Denis Cook,teresacole@example.org,1993-02-11,Female,Mohamedborough,Pakistan,2023-12-31,Standard,Organic,2034,715,Medium,True,False
382,Jill Ali,benjamin83@example.net,1990-06-14,Male,Georgiaburgh,Philippines,2026-02-16,Standard,Google Ads,4826,705,Medium,True,False
383,Christopher Foster-Webb,bethansykes@example.net,2005-09-23,Male,North Patrick,Ecuador,2024-05-10,Standard,Organic,2823,584,High,True,False
384,Chloe Carr,harry70@example.com,1951-01-23,Female,Georgeport,Latvia,2025-01-31,Premium,Google Ads,7257,516,High,True,False
385,Ashleigh Lloyd,karenclark@example.net,1988-01-07,Male,South Damien,Iceland,2023-08-22,Premium,Organic,8893,678,Medium,True,False
386,Sylvia Elliott,crossvictor@example.org,1969-03-19,Male,Reidmouth,Somalia,2026-03-13,Standard,Referral,4121,729,Medium,True,False
387,Henry Cole,bradley22@example.net,1946-02-22,Male,South Kenneth,Saudi Arabia,2025-10-10,Standard,Google Ads,2888,673,Medium,True,True
388,Ashley Godfrey,tracey72@example.com,1975-11-19,Female,Georginafurt,Mexico,2025-08-07,Standard,Referral,3900,748,Medium,True,False
389,Anthony Chapman,fharris@example.com,1956-03-03,Female,South Dominic,Gabon,2026-05-13,Premium,Organic,9493,682,Medium,True,False
390,Katie Foster,jeanandrews@example.com,1982-12-10,Female,East Melissa,British Virgin Islands,2026-01-04,Standard,Google Ads,2539,488,High,True,False
391,Philip Shaw,howard58@example.com,1977-01-28,Female,Coxmouth,Antigua and Barbuda,2025-02-12,Standard,Referral,4312,735,Medium,True,True
392,Connor Morris,patrick90@example.com,1970-11-04,Female,Katiechester,Liechtenstein,2024-08-29,Standard,Google Ads,3559,701,Medium,True,False
393,Dr Fiona Hughes,youngtony@example.com,2005-07-27,Female,Sarahmouth,Iran,2025-05-19,Standard,Google Ads,3351,850,Low,True,False
394,Dr Garry Cole,reecejones@example.net,1985-01-29,Male,West Bethany,Saint Martin,2023-06-24,Premium,Google Ads,8030,762,Low,True,False
395,Billy Evans-Fleming,jmarshall@example.com,1958-02-19,Female,West Marcus,Bahrain,2025-12-05,Standard,LinkedIn,2288,712,Medium,True,True
396,Mrs Alice Norman,derek61@example.com,1945-09-29,Female,North Barry,Lebanon,2024-11-30,Business,Facebook Ads,12630,750,Low,True,False
397,Roy Powell,boothjoel@example.com,1955-03-27,Female,New Peter,Faroe Islands,2024-05-11,Standard,Google Ads,2032,752,Low,True,False
398,Ross Smith-Swift,carlygreenwood@example.com,1997-06-22,Male,Collinsburgh,Brunei Darussalam,2026-03-09,Standard,Referral,2260,630,High,True,False
399,Neil Parsons,briancampbell@example.org,1960-06-21,Male,New Malcolmfort,Zimbabwe,2025-10-16,Standard,Referral,2872,687,Medium,True,False
400,Miss Lydia Bryant,stokesmolly@example.com,1987-12-17,Male,West Thomas,Monaco,2025-11-01,Standard,Google Ads,3852,733,Medium,True,False
401,Eileen Chamberlain,hsingh@example.com,1979-03-06,Female,Tylerbury,Comoros,2024-03-03,Standard,Referral,3862,736,Medium,False,False
402,Nicola Gallagher,pricejordan@example.net,1991-07-05,Male,Matthewsstad,Bouvet Island (Bouvetoya),2023-11-10,Standard,Google Ads,4149,688,Medium,True,True
403,Bethany Grant,rwells@example.org,1965-04-09,Male,Juliemouth,Tajikistan,2025-08-19,Standard,Facebook Ads,2419,735,Medium,True,False
404,Carl Webb,bhill@example.org,1979-03-12,Male,West Graeme,Equatorial Guinea,2025-10-14,Business,Google Ads,19866,729,Medium,False,False
405,Sylvia Wood,paula71@example.org,1976-02-06,Female,Juneborough,Japan,2024-08-04,Standard,Facebook Ads,4158,634,High,True,False
406,Sian Brady,dawndavies@example.org,1993-06-23,Male,Shaunport,Kazakhstan,2025-11-18,Standard,LinkedIn,4209,805,Low,True,False
407,Jonathan Owen,conor65@example.com,1966-01-17,Male,Allenside,Tunisia,2025-07-26,Standard,LinkedIn,1986,724,Medium,True,False
408,Phillip Adams,francesca07@example.com,1962-06-29,Female,Paigestad,Lebanon,2024-01-18,Premium,Referral,10847,784,Low,True,False
409,Dr Alison Russell,mrobinson@example.org,1990-08-05,Male,Kerryville,Gambia,2026-04-17,Standard,Facebook Ads,4736,770,Low,True,False
410,Dr William Jones,brendajones@example.org,1955-11-10,Male,Pearsonmouth,Christmas Island,2026-04-23,Business,Google Ads,14176,682,Medium,True,False
411,Kimberley Jones,sburgess@example.org,1979-08-28,Male,Zoeborough,Guinea,2023-12-06,Premium,LinkedIn,8696,563,High,True,False
412,Vincent Bates,kateevans@example.org,1958-01-11,Female,West Deborah,Hong Kong,2023-08-17,Standard,Organic,4808,666,Medium,True,False
413,Gemma King,jonesjake@example.org,1998-01-03,Female,South Mariontown,New Zealand,2023-07-08,Standard,Google Ads,2864,717,Medium,True,False
414,Mrs Linda Norman,leon57@example.net,1956-08-07,Male,Lake Harry,Syrian Arab Republic,2024-07-07,Standard,Google Ads,3946,684,Medium,True,False
415,Dr Michelle Dodd,jeanfletcher@example.net,1968-10-16,Female,South Marion,Italy,2024-02-21,Premium,Organic,11297,684,Medium,True,False
416,Liam Benson,declanshah@example.org,1953-12-28,Male,Garryville,Lithuania,2024-04-24,Standard,LinkedIn,4400,773,Low,True,False
417,Leon Buckley-Williams,glenwilson@example.org,1991-02-20,Female,South Teresa,Argentina,2024-04-17,Standard,Google Ads,3713,700,Medium,True,False
418,Julie Turner,katepowell@example.net,1958-12-03,Female,Karenbury,Turkmenistan,2025-09-28,Standard,Google Ads,4383,756,Low,True,False
419,Julie Farmer-Fuller,colinthomas@example.org,1969-12-19,Female,Lake Hayley,Ecuador,2024-02-24,Standard,Organic,2078,686,Medium,True,False
420,Mr Phillip Saunders,carolhall@example.org,1955-02-14,Male,Joelburgh,Lao People's Democratic Republic,2024-09-06,Standard,Google Ads,3473,753,Low,True,False
421,Dr Glen Brown,katy77@example.org,1968-12-14,Male,South Chelsealand,Martinique,2026-02-22,Premium,Google Ads,5341,754,Low,True,False
422,Sophie French,blewis@example.org,1967-10-02,Male,North Leon,Svalbard & Jan Mayen Islands,2026-02-05,Standard,Google Ads,4384,608,High,True,True
423,Mrs Charlene Gordon,urussell@example.net,1993-06-30,Female,New Ritamouth,Indonesia,2024-04-23,Business,Referral,32195,816,Low,True,False
424,Diane Adams,leslie53@example.net,1991-01-16,Female,North Derekhaven,Jordan,2025-08-26,Standard,Google Ads,4614,562,High,True,True
425,Yvonne Davison-Griffiths,fionawhite@example.com,2006-08-29,Female,Greenborough,Latvia,2025-01-23,Standard,Google Ads,3383,784,Low,True,False
426,Robert Watkins,jason79@example.net,1963-07-23,Male,North Francisview,Chile,2024-05-10,Standard,Organic,4336,620,High,True,True
427,Miss Kelly Mills,danielleellis@example.net,1953-04-23,Female,Judithport,Guernsey,2024-09-19,Premium,Organic,6006,786,Low,True,False
428,Graham Field,walkerrussell@example.com,1989-09-28,Male,Timothyside,Argentina,2025-05-02,Standard,Referral,2061,773,Low,True,False
429,Melanie Simpson,morganalice@example.org,1983-02-28,Female,Harrisside,El Salvador,2024-08-09,Standard,Referral,3956,699,Medium,True,False
430,Samuel Brown,barlowsally@example.org,1978-10-15,Female,East Jean,Peru,2026-05-24,Standard,LinkedIn,2650,753,Low,True,False
431,Dr Hazel Walsh,pdavis@example.org,1963-02-06,Non-Binary,Brownfort,Jordan,2023-07-05,Premium,Organic,9854,761,Low,True,False
432,Mohammed Cook,heathmathew@example.net,1950-09-01,Non-Binary,North Terry,Bahamas,2026-01-04,Standard,Referral,4130,619,High,True,True
433,Dr Rita Smith,zthomas@example.net,1986-02-02,Female,West Hollyhaven,Bahrain,2025-05-29,Business,Referral,32047,661,Medium,True,False
434,Grace Rogers,maureen33@example.com,1966-02-01,Female,Woodwardton,Christmas Island,2023-10-23,Standard,Organic,2174,630,High,True,False
435,Emily James,marian98@example.com,1983-04-24,Male,South Oliviafort,Spain,2024-09-06,Standard,Facebook Ads,4995,601,High,True,False
436,Miss Rebecca Hall,josh19@example.com,1990-02-24,Male,Whiteshire,Korea,2024-10-03,Standard,Referral,2687,665,Medium,True,False
437,Sian Parsons,aimeebailey@example.net,1960-10-16,Female,West Adamview,Cuba,2024-10-30,Standard,Organic,3273,659,Medium,False,False
438,Iain King,jacqueline69@example.org,1966-03-10,Male,North Peter,Austria,2025-09-21,Premium,Organic,5127,599,High,True,True
439,Leanne Bell-Dawson,thomaswebb@example.net,1954-09-11,Female,Lewisfurt,Guam,2025-10-31,Standard,Facebook Ads,2368,697,Medium,False,True
440,Carly Evans,nigel78@example.org,1951-07-25,Male,New Jayneview,Poland,2023-12-14,Standard,Google Ads,4953,678,Medium,True,False
441,Charlie Gardner,leedoyle@example.org,1965-09-23,Female,New Gailside,British Indian Ocean Territory (Chagos Archipelago),2024-01-07,Standard,Organic,2577,836,Low,True,False
442,Kim Bryant,rwatkins@example.net,1968-04-18,Male,Katymouth,Lebanon,2023-10-04,Standard,Organic,2018,709,Medium,True,False
443,Dr Charlie Parker,josh73@example.com,1991-08-24,Male,Lake Jasmineview,Cocos (Keeling) Islands,2025-01-08,Standard,LinkedIn,2395,709,Medium,True,False
444,Mrs Katy Thomson,emma41@example.org,1946-10-25,Male,Port Melanie,Bahamas,2026-03-24,Standard,Organic,2359,629,High,True,False
445,Lawrence Walsh,rebeccaclark@example.com,1998-04-17,Female,North Graeme,Monaco,2026-04-20,Standard,Google Ads,4442,682,Medium,True,False
446,Marian Russell,elainelaw@example.com,1977-05-21,Female,North Amyborough,Isle of Man,2025-06-18,Standard,Organic,2891,722,Medium,False,False
447,Oliver Jones,julianharding@example.org,1995-02-15,Male,West Sarahstad,Guyana,2024-01-04,Premium,Google Ads,7093,745,Medium,False,True
448,Linda Morrison,ebaker@example.net,1947-09-29,Male,Walshfurt,Lesotho,2024-09-01,Standard,Google Ads,3164,618,High,False,False
449,Marie Smith,danielwilliams@example.org,1962-11-07,Female,North Tony,Bosnia and Herzegovina,2025-12-19,Premium,Organic,7962,839,Low,True,False
450,Marilyn Connor,howard24@example.org,1976-05-28,Male,Godfreyton,Saint Kitts and Nevis,2025-12-19,Standard,Google Ads,1950,810,Low,True,False
451,Ashley Carter,shane11@example.net,1982-05-26,Male,Rosemaryhaven,United States of America,2024-07-27,Standard,Facebook Ads,4146,836,Low,True,False
452,Katy Smith,youngchristine@example.org,1956-02-19,Male,Port Jadebury,Gambia,2025-05-19,Premium,Referral,6573,675,Medium,True,False
453,Vincent Hayes,aclarke@example.net,2007-06-11,Male,Burnsmouth,Turkmenistan,2025-07-09,Standard,Facebook Ads,2669,769,Low,True,False
454,Leah Hewitt,lynn84@example.net,1966-11-24,Female,Annland,Slovakia (Slovak Republic),2024-09-24,Standard,Referral,2094,770,Low,True,False
455,Louise Stevenson,agiles@example.net,1984-07-18,Female,South Iain,Chile,2024-09-01,Premium,Google Ads,11996,779,Low,True,False
456,Gemma Haynes,katybrown@example.net,1969-04-17,Male,East Carly,Iraq,2025-10-14,Standard,Google Ads,3158,681,Medium,True,False
457,Ian Watts-Smith,claire85@example.com,1995-01-24,Male,North Joshburgh,El Salvador,2024-07-24,Standard,Organic,4619,566,High,True,True
458,Mrs Kate Brooks,grantmichael@example.org,1998-10-26,Male,New Nigel,Somalia,2024-11-25,Premium,Organic,7981,830,Low,True,False
459,Amber O'Donnell,jemma90@example.net,1948-12-10,Male,Browntown,French Guiana,2023-10-04,Standard,Facebook Ads,4561,764,Low,True,False
460,Lisa Peters-Hughes,carly10@example.org,1974-04-24,Male,Stewartville,Greenland,2025-02-22,Standard,Referral,2545,743,Medium,True,False
461,Teresa Ross,allan13@example.org,1959-11-17,Male,Stewartfort,South Africa,2023-08-14,Premium,Organic,10430,749,Medium,True,False
462,Karen Bird,harveygillian@example.net,1972-06-28,Female,West Alexandermouth,Micronesia,2026-03-22,Standard,Google Ads,4728,654,Medium,True,False
463,Matthew Bray-Richardson,lwilson@example.org,1952-09-06,Male,Brownview,Guinea-Bissau,2024-06-27,Standard,Organic,4477,722,Medium,True,False
464,Deborah Taylor,jamesbrett@example.org,1964-04-18,Male,Port Jennifer,Brunei Darussalam,2023-06-26,Standard,Google Ads,3500,717,Medium,True,False
465,Damien Browne,samanthastone@example.com,1994-12-22,Male,O'Neillburgh,Korea,2025-10-07,Standard,Organic,2396,778,Low,True,False
466,Miss Jodie Clarke,dtaylor@example.org,1964-01-08,Female,North Jessica,Netherlands,2024-10-12,Standard,LinkedIn,4785,773,Low,False,False
467,Mr Timothy Cartwright,vhicks@example.net,1950-05-13,Male,Lake Sam,Macao,2024-08-07,Standard,Organic,3057,586,High,True,False
468,Mohammed Webster,gmccarthy@example.net,1968-08-25,Male,Chapmanborough,Chile,2025-06-20,Business,Google Ads,22602,747,Medium,True,False
469,Alex Gray-Rose,ddickinson@example.org,1949-04-12,Female,Dobsonmouth,Saint Vincent and the Grenadines,2026-03-16,Standard,Organic,4022,639,High,True,False
470,Christine Moore,scottroberts@example.net,2007-09-25,Male,Lake Wendyfort,Niue,2025-11-09,Premium,Organic,7607,751,Low,True,False
471,Joel Evans,albertwong@example.com,1982-05-14,Female,Turnerview,Grenada,2024-08-12,Standard,Referral,1870,723,Medium,True,False
472,Kathleen Patel,samuelarcher@example.org,1977-01-28,Female,New Dennisport,Marshall Islands,2025-05-12,Standard,LinkedIn,4018,666,Medium,True,False
473,Martin Patel,rbutcher@example.net,2000-03-22,Male,Hartshire,Belize,2024-07-05,Standard,Facebook Ads,3203,727,Medium,True,False
474,Maurice Potter-Thomas,eileenbutcher@example.net,1980-12-16,Male,Bethanychester,Pitcairn Islands,2024-03-01,Standard,Organic,3187,746,Medium,True,False
475,Cheryl Graham,kellymolly@example.org,1982-06-28,Male,Edwardsborough,Saudi Arabia,2025-01-04,Premium,Organic,9524,673,Medium,True,False
476,Mr Garry Hewitt,josephjones@example.org,1986-08-02,Female,Chelseabury,Cook Islands,2025-01-12,Standard,Referral,4381,699,Medium,True,False
477,Ms Jasmine Reid,martynsanderson@example.com,1998-02-03,Non-Binary,East Leonardberg,Albania,2024-03-22,Standard,LinkedIn,4920,684,Medium,True,False
478,Lindsey Ellis,kateshah@example.org,2008-03-04,Female,Port Mandy,Guinea-Bissau,2024-03-20,Standard,Referral,3674,646,High,True,False
479,Ross Turner-Parkin,clive10@example.com,1991-05-22,Female,Taylorville,French Guiana,2025-07-27,Standard,Referral,3707,689,Medium,False,False
480,Paul Conway,craig37@example.com,1979-08-07,Female,Evansside,Niger,2025-08-26,Standard,Organic,2470,668,Medium,True,False
481,Clifford John,jonesdouglas@example.org,1947-12-05,Female,New Robinside,Costa Rica,2023-07-10,Premium,Organic,5249,796,Low,True,False
482,Judith Hart-Jenkins,robinsimmons@example.org,1986-08-13,Male,West Shane,Estonia,2025-02-01,Standard,Facebook Ads,1843,850,Low,True,False
483,Ross Hayes,derekfoster@example.org,1977-02-23,Female,New Oliviastad,Turkmenistan,2025-11-04,Premium,Google Ads,7448,751,Low,True,False
484,Mr Bradley Jones,jdunn@example.org,2003-07-01,Male,Leachstad,Slovenia,2024-01-01,Premium,Organic,7891,582,High,True,False
485,Kirsty Ashton-Greenwood,kellynicola@example.net,1992-11-17,Female,Garnerbury,Northern Mariana Islands,2024-07-16,Standard,LinkedIn,4911,782,Low,True,False
486,Carolyn Brown,catherine01@example.com,1974-11-14,Female,Turnerfort,Colombia,2024-03-31,Standard,Google Ads,4243,722,Medium,True,False
487,Dr Brandon Wright,qfletcher@example.net,1988-06-04,Male,Wilsonport,Saint Pierre and Miquelon,2025-02-24,Standard,Organic,4352,707,Medium,True,False
488,Ashleigh Richards,marcus97@example.org,1967-06-08,Female,Juliantown,Solomon Islands,2023-07-05,Standard,Referral,2722,695,Medium,True,False
489,Cameron Evans,ftaylor@example.net,1952-04-07,Male,Lake Kayleighview,Iraq,2024-06-23,Premium,Organic,6814,759,Low,True,False
490,Miss Kathryn Khan,jane71@example.com,2006-09-29,Male,Karlport,Sao Tome and Principe,2025-07-03,Standard,Referral,2407,765,Low,True,False
491,Mr Jacob Leach,dwilliams@example.com,1984-05-06,Female,Port Dawn,Haiti,2026-04-15,Standard,Organic,3903,705,Medium,True,False
492,Angela Turner,rita32@example.com,2002-09-26,Female,East Tony,Libyan Arab Jamahiriya,2026-03-08,Premium,Facebook Ads,6205,585,High,True,False
493,Graeme Day-Dixon,tobyali@example.net,1948-11-16,Male,Thomasfurt,Liechtenstein,2024-03-02,Premium,Google Ads,6114,729,Medium,False,False
494,Joshua Allen-Day,ellieahmed@example.org,2000-12-15,Male,Jasonland,Morocco,2023-10-22,Standard,Organic,2811,725,Medium,False,False
495,Mr Mathew Howell,jordan14@example.org,1947-05-22,Female,Lake Pamela,Turkey,2023-06-17,Standard,LinkedIn,4348,749,Medium,True,True
496,Mrs Jodie Jennings,bradleyspencer@example.com,1986-02-16,Male,Tracyborough,Tuvalu,2025-06-27,Standard,Organic,3031,806,Low,True,False
497,Kayleigh Robertson,ywatkins@example.org,1984-01-22,Female,North Jasonfurt,French Guiana,2025-07-17,Standard,Facebook Ads,1818,841,Low,True,False
498,Sean Watts-Smith,richardanderson@example.net,2003-07-01,Male,West Frances,Reunion,2024-02-21,Premium,Google Ads,11838,660,Medium,True,False
499,Mr Stewart Miller,glenn32@example.net,1947-05-29,Male,East Anna,Australia,2024-10-07,Standard,Referral,3581,750,Low,True,False
500,Christian Anderson,clive16@example.org,1953-06-29,Female,West Kateborough,Taiwan,2025-10-29,Standard,Organic,3545,770,Low,True,False
501,Mr James Johnson,trevorrobinson@example.com,1997-07-14,Female,Port Sharon,Anguilla,2024-04-07,Standard,Organic,4704,595,High,True,False
502,Mr Arthur Green,fiona70@example.org,1946-01-19,Female,Hiltontown,Bosnia and Herzegovina,2026-05-16,Premium,Organic,6749,769,Low,True,False
503,Gareth Morgan,williamcooper@example.net,1998-09-16,Female,Northmouth,Egypt,2023-07-16,Standard,LinkedIn,2174,685,Medium,True,False
504,Dr Geraldine John,sophiehumphries@example.net,1959-08-28,Male,West Kyle,Chile,2023-06-17,Business,Facebook Ads,16108,598,High,True,False
505,Ms Claire Hancock,sian06@example.org,1997-01-08,Male,South Raymondside,Turks and Caicos Islands,2023-11-27,Standard,LinkedIn,4723,662,Medium,True,False
506,Clifford Stokes,vcollins@example.net,1945-11-04,Female,Lake Jane,Cambodia,2024-12-10,Premium,Facebook Ads,10263,687,Medium,True,False
507,Gerald Frost,blewis@example.org,1950-12-10,Male,East Linda,Cayman Islands,2025-04-16,Standard,Facebook Ads,4002,628,High,True,False
508,Olivia Bennett,oholland@example.com,1984-02-06,Female,Harrisview,Guernsey,2026-02-09,Standard,Organic,4478,779,Low,True,False
509,Joanna Fraser-Weston,hayesamy@example.org,1997-01-12,Male,Bibiport,Tuvalu,2025-11-10,Standard,Google Ads,3132,683,Medium,True,False
510,Mr Louis Giles,kathryn99@example.org,2007-06-30,Female,South Charlie,Denmark,2024-05-29,Standard,Facebook Ads,2705,640,High,True,False
511,Katie Coleman,hamiltonreece@example.com,1997-06-07,Male,Hollandmouth,Samoa,2023-11-12,Standard,Organic,2383,563,High,True,False
512,Tom Jones,mooreleslie@example.com,1949-05-23,Male,West Paulatown,United Kingdom,2024-07-30,Standard,Facebook Ads,1838,662,Medium,True,False
513,Robert Allan,tahmed@example.net,2002-02-06,Female,Nobleberg,Turks and Caicos Islands,2026-02-11,Standard,Google Ads,3161,770,Low,True,False
514,Jennifer White,tony65@example.com,1958-01-13,Female,Edwardsberg,Bouvet Island (Bouvetoya),2024-06-08,Standard,Google Ads,3943,669,Medium,True,False
515,Dr Mohammad Robinson,clairebrown@example.org,1999-09-28,Male,Rickybury,Australia,2024-12-24,Standard,Referral,3763,692,Medium,True,False
516,Ian Greenwood-Leonard,charltonrosie@example.net,1970-06-21,Male,South Joyce,Eritrea,2023-11-30,Standard,Google Ads,4031,557,High,True,True
517,Patricia Farrell,kirkcarly@example.org,1965-07-14,Non-Binary,West Steven,Paraguay,2025-10-20,Business,Facebook Ads,20080,666,Medium,True,False
518,Abbie James-Jones,gskinner@example.net,1945-10-15,Female,Port Brandon,Heard Island and McDonald Islands,2026-03-26,Standard,Google Ads,4828,764,Low,True,False
519,Dr Antony Taylor,hudsonfrances@example.net,1987-05-30,Male,West Danny,Bahamas,2026-05-17,Premium,Google Ads,10446,716,Medium,True,False
520,Ms Rachael Begum,mbaker@example.com,1988-11-11,Female,Claytonstad,Yemen,2024-03-15,Premium,LinkedIn,7924,679,Medium,False,False
521,Natasha Sykes-Cox,hallen@example.org,1979-08-04,Male,Whitechester,Saint Kitts and Nevis,2024-11-17,Standard,Organic,3430,731,Medium,False,False
522,Jacqueline Blackburn,eileensmith@example.net,1996-05-05,Male,Arthurmouth,Venezuela,2024-09-13,Premium,Referral,5052,693,Medium,True,False
523,Paul Jones,alison82@example.com,2007-05-11,Male,Morrischester,Cocos (Keeling) Islands,2025-01-15,Standard,Facebook Ads,4868,824,Low,True,False
524,Mr Robin Wright,gwest@example.com,1946-09-23,Male,Rogersshire,Palau,2026-02-02,Premium,Facebook Ads,10296,850,Low,True,False
525,Tina Clark,kim35@example.org,1973-11-10,Male,New Kevinberg,Turkey,2023-10-29,Standard,Facebook Ads,4134,732,Medium,True,False
526,Joe Knowles,tom10@example.com,1977-02-28,Male,Lindastad,Ecuador,2024-03-19,Premium,LinkedIn,5275,675,Medium,True,False
527,Mrs Jodie Knight,rosie58@example.net,1970-11-11,Female,Colesville,Cayman Islands,2026-03-04,Standard,Organic,4929,711,Medium,False,False
528,Christian Taylor,mpayne@example.com,1950-10-18,Male,Edwardsport,Algeria,2025-01-24,Premium,LinkedIn,6724,745,Medium,True,False
529,Stanley Gregory,kevinjohnson@example.net,1978-07-30,Female,South Jenna,Georgia,2025-02-15,Business,Organic,18751,816,Low,True,False
530,Dr Alexander Bibi,smithmary@example.org,1960-04-07,Female,Paigeville,North Macedonia,2026-02-01,Standard,Google Ads,3290,630,High,True,False
531,Miss Melissa Williams,mannsimon@example.net,2003-08-22,Female,South Carlychester,Holy See (Vatican City State),2026-04-28,Standard,Referral,3515,757,Low,False,False
532,Mr Abdul Harvey,fnicholls@example.net,1959-06-04,Female,Cookton,Poland,2024-07-22,Standard,Organic,3606,663,Medium,True,False
533,Beverley Turner,ebarrett@example.com,1958-09-21,Male,New Kirsty,Sierra Leone,2024-06-12,Premium,Referral,10387,797,Low,True,False
534,Daniel Lyons,qthomas@example.org,1976-11-05,Female,Elliottton,Tunisia,2026-01-15,Standard,Google Ads,2532,661,Medium,True,False
535,Barry Gallagher,jayne34@example.net,2006-01-25,Male,North Jordan,Palau,2023-07-12,Standard,Organic,2292,707,Medium,True,False
536,Helen Holden,ruthharvey@example.org,1988-05-13,Female,Port Hughfurt,Burkina Faso,2024-01-12,Business,Referral,24391,803,Low,False,False
537,Gail Todd,craig19@example.org,1998-01-28,Male,South Clarebury,Uganda,2025-11-03,Standard,Referral,3373,628,High,True,False
538,Miss Vanessa Bishop,banksthomas@example.net,1962-01-24,Male,Kingstad,South Georgia and the South Sandwich Islands,2024-01-05,Premium,Organic,10366,776,Low,True,False
539,Nicholas Henderson,itaylor@example.com,2007-03-20,Male,Goodwintown,Romania,2023-11-29,Standard,Google Ads,2595,634,High,True,False
540,Colin Khan-Newman,barbarakemp@example.com,1998-06-16,Female,Port Damian,Holy See (Vatican City State),2025-02-01,Premium,Organic,8563,599,High,True,True
541,Keith Stokes-Jennings,lisabull@example.org,1962-05-16,Female,Patriciashire,Sao Tome and Principe,2025-01-14,Standard,Referral,4596,706,Medium,True,False
542,Michael Hart,dorothymoore@example.org,1979-09-01,Male,New Denise,Montserrat,2026-04-16,Premium,Facebook Ads,8081,460,High,True,True
543,Glenn Howard,smithyvonne@example.net,1990-06-20,Female,New Guy,Namibia,2023-08-20,Premium,Facebook Ads,6186,750,Low,True,False
544,Brenda Smith,ktomlinson@example.org,1973-07-30,Male,Lake Debra,Belarus,2025-11-29,Premium,Referral,9182,610,High,True,True
545,Dr Mohammed Palmer,douglasstevens@example.com,1982-02-06,Female,Leeborough,Liechtenstein,2023-08-27,Premium,Organic,9244,797,Low,True,False
546,Mohammad Lamb,sharonbaldwin@example.org,1952-11-13,Female,South Emmafort,Pakistan,2024-06-28,Standard,LinkedIn,2049,679,Medium,True,False
547,Ms Dorothy Brown,paula13@example.net,1948-10-07,Female,Marshview,Mayotte,2024-07-10,Standard,Referral,3917,677,Medium,True,False
548,Graeme Adams,kgeorge@example.com,1959-03-07,Female,East Janice,Slovakia (Slovak Republic),2025-12-08,Standard,Facebook Ads,3486,757,Low,True,False
549,Dr Amanda Davies,megan05@example.net,1982-06-27,Male,Daniellefurt,New Zealand,2024-02-15,Standard,Facebook Ads,2002,690,Medium,True,False
550,Kayleigh Lloyd,tporter@example.org,1991-03-21,Female,Melaniefort,Isle of Man,2023-10-20,Standard,LinkedIn,2384,707,Medium,False,False
551,Miss Donna Lloyd,fieldcarolyn@example.net,1972-10-16,Non-Binary,Port Kerryshire,Rwanda,2025-11-18,Premium,Organic,11251,560,High,False,False
552,Dr Alison Reeves,walkerrobert@example.net,1975-03-24,Male,Lewisfort,Norfolk Island,2025-10-19,Business,Organic,34484,746,Medium,True,True
553,Jake Sullivan,klee@example.org,2000-10-12,Male,South Charlotte,Norway,2024-06-07,Standard,Referral,2077,744,Medium,True,False
554,Alice Miller,morganheather@example.com,1966-04-30,Male,West Darren,Afghanistan,2024-12-24,Premium,Organic,5677,593,High,False,False
555,Joanna Taylor,lewis55@example.net,1971-05-29,Male,Jacquelinetown,United Kingdom,2026-06-01,Standard,Google Ads,3476,694,Medium,True,False
556,Amy Mills-Jones,jamesconor@example.org,1975-05-29,Male,Port Shannonburgh,Korea,2024-12-20,Premium,Facebook Ads,8580,631,High,True,False
557,Nicole Ford,vpearce@example.com,1998-11-12,Male,South Oliverland,Vietnam,2025-06-10,Standard,Organic,2781,688,Medium,True,False
558,Stephen Mitchell,glennashton@example.org,2000-08-08,Female,Amandahaven,Ethiopia,2025-01-01,Standard,Organic,2553,639,High,False,False
559,Dr Susan Parkinson,cooperliam@example.com,1966-11-29,Female,Natashachester,Kenya,2024-02-13,Standard,Organic,4734,824,Low,True,False
560,Miss Brenda Higgins,tpotts@example.org,1951-07-29,Female,Brownport,Taiwan,2025-08-07,Standard,Google Ads,3969,705,Medium,True,False
561,Joseph Lord,eleanorbibi@example.org,2005-11-26,Male,Glenshire,Guinea-Bissau,2024-11-13,Standard,Organic,2888,827,Low,True,False
562,Katherine Field,meganallen@example.net,1973-02-05,Male,Walkerhaven,United States of America,2024-08-27,Standard,Google Ads,2607,671,Medium,True,False
563,Ms Annette Bray,harrisonjill@example.net,1959-07-19,Male,Declanland,Timor-Leste,2025-03-16,Standard,Google Ads,4084,656,Medium,True,False
564,Pamela Waters,maxslater@example.net,2005-12-07,Female,Robertsport,Barbados,2025-01-31,Premium,LinkedIn,11726,722,Medium,False,False
565,Beth Lane,gtodd@example.com,1963-11-01,Male,Nigelfort,North Macedonia,2025-04-04,Standard,Facebook Ads,3281,682,Medium,True,False
566,Kyle Ford,cookederek@example.com,1985-05-03,Male,Port Naomifurt,Ireland,2024-02-14,Standard,Google Ads,4197,692,Medium,True,False
567,Dr Dylan Marsh,joannemiah@example.net,1976-12-10,Female,New Annetteview,Western Sahara,2023-12-10,Premium,Organic,5287,574,High,True,True
568,Joanna Jones,jay76@example.com,1975-07-09,Non-Binary,West Sally,Egypt,2024-02-21,Premium,Facebook Ads,9542,666,Medium,True,True
569,Elliot Wright,darren26@example.com,1956-06-11,Male,North Patricia,Venezuela,2024-07-09,Standard,Google Ads,2608,736,Medium,True,False
570,Miss Jemma John,ydavies@example.net,1983-07-01,Female,Mathewbury,Senegal,2024-10-14,Standard,Referral,2772,670,Medium,False,True
571,Kerry Murray,tbarlow@example.net,2007-01-31,Male,New Leahmouth,French Southern Territories,2026-03-25,Standard,Google Ads,3960,622,High,True,False
572,Kim Turner-Hall,xwilkinson@example.org,1958-08-23,Male,Owenport,Belize,2025-12-25,Premium,Referral,11424,650,Medium,True,False
573,Carol John-Evans,morrisonamy@example.net,1972-11-01,Male,Port Arthurview,San Marino,2026-02-20,Premium,Google Ads,6016,614,High,True,True
574,Dennis Wright,lauraduncan@example.com,2007-04-25,Non-Binary,Aimeeborough,Montenegro,2026-02-17,Standard,Organic,3282,802,Low,True,False
575,Gordon Begum-Cook,oliverrobert@example.com,2001-10-01,Female,New Edwardville,Isle of Man,2023-12-17,Standard,Referral,3399,687,Medium,True,False
576,Wendy Connor,lesley16@example.com,1987-07-16,Male,South Jenniferland,Singapore,2026-04-10,Standard,Facebook Ads,2038,697,Medium,True,False
577,Dr Rhys Pearce,vrobinson@example.org,1987-10-24,Female,South Alexander,Pitcairn Islands,2023-07-01,Standard,Organic,2626,850,Low,True,False
578,Ruth Wilson,colemaneleanor@example.com,1951-12-08,Male,Rogersburgh,Rwanda,2026-02-12,Standard,Organic,1940,804,Low,True,False
579,Kathleen Waters,harrisonmandy@example.net,1946-11-02,Male,New Stewart,Puerto Rico,2024-03-21,Premium,Referral,10956,711,Medium,True,False
580,Lisa Pearson,denis15@example.net,1979-09-11,Male,New Gavin,Saint Vincent and the Grenadines,2023-11-26,Premium,Google Ads,6404,659,Medium,True,False
581,Mr Alan Sheppard,watkinsmatthew@example.net,2002-07-18,Female,Port Kevin,Guinea-Bissau,2024-08-07,Standard,Google Ads,2417,646,High,False,False
582,Phillip Gibbons-Hill,zoeduncan@example.com,1955-12-24,Male,North Denis,Liberia,2024-08-28,Standard,Google Ads,2023,623,High,True,True
583,Margaret Rees,billyspencer@example.org,1992-11-16,Male,Murphyburgh,Iceland,2024-05-31,Standard,LinkedIn,4500,596,High,True,True
584,Ms Maureen Khan,tturner@example.com,1959-11-10,Female,North Katyside,Algeria,2023-12-13,Premium,Google Ads,8406,601,High,True,False
585,Stuart Shaw,rachaelbutler@example.com,2002-08-27,Male,Julieside,Switzerland,2025-01-14,Standard,Google Ads,4485,633,High,True,False
586,Susan Simmons,fieldcarol@example.org,1999-10-31,Female,Stephaniemouth,Western Sahara,2023-07-11,Standard,LinkedIn,2379,705,Medium,False,False
587,Lindsey Johnson-Jennings,bradleyboyle@example.net,1975-05-19,Female,Abigailstad,Tajikistan,2024-05-29,Premium,LinkedIn,10458,565,High,True,False
588,Ms Paula Smith,gerard82@example.org,1975-04-14,Female,Joshuaport,United Arab Emirates,2024-10-04,Standard,Referral,2726,534,High,True,False
589,Francis Lloyd-Field,alice17@example.org,1972-07-28,Female,Port Suzanne,Moldova,2025-12-18,Standard,Referral,2105,684,Medium,True,False
590,Matthew Edwards,lynne03@example.net,1992-01-09,Male,Lake Megan,Isle of Man,2023-11-07,Premium,Facebook Ads,10737,566,High,True,True
591,Mr Leslie O'Brien,westphilip@example.com,1994-05-16,Female,Thompsonchester,United States Minor Outlying Islands,2026-01-24,Standard,Organic,4340,754,Low,True,False
592,Kate Robertson-Morgan,billywood@example.org,2007-12-21,Male,Lake Hilarystad,Holy See (Vatican City State),2024-12-12,Standard,Referral,3060,695,Medium,True,False
593,Mr Roy Walton,tina84@example.net,1956-06-09,Female,New Rickyville,China,2026-03-07,Standard,Referral,3297,572,High,True,True
594,Sylvia Allen,eileenknight@example.org,1999-08-25,Female,North Eleanor,Denmark,2026-04-12,Premium,Google Ads,9155,835,Low,True,False
595,Miss Donna Dixon,udean@example.org,1978-01-06,Male,South Gracebury,Samoa,2024-05-14,Standard,Organic,2368,714,Medium,True,False
596,Bethany Cook,ellie02@example.org,1974-01-21,Male,South Kellyshire,Guatemala,2025-11-25,Standard,Referral,2473,775,Low,False,False
597,Lynne Brookes,garryparry@example.net,2001-08-19,Female,Martinmouth,Montenegro,2024-08-08,Standard,Organic,4053,572,High,True,False
598,Miss Christine Owen,kenneth67@example.net,1977-04-11,Female,West Thomasville,Fiji,2025-01-11,Premium,LinkedIn,6423,769,Low,True,False
599,Lesley Payne,barrysmith@example.com,1965-06-26,Male,North Molly,Austria,2025-10-02,Standard,Referral,2509,750,Low,True,False
600,Colin Joyce,jfrancis@example.com,1964-01-11,Male,East Frances,Hungary,2023-09-03,Premium,Google Ads,10429,723,Medium,False,False
601,Emma Lord,albertconnolly@example.com,1953-06-15,Female,West Benjaminberg,United States of America,2023-08-12,Premium,Organic,11010,750,Low,True,False
602,Francis Matthews,maxsmith@example.net,1981-11-07,Female,Browntown,Haiti,2025-08-07,Standard,Google Ads,2599,673,Medium,True,False
603,Elliot Jones,carl98@example.net,1966-10-25,Male,Lindseyshire,Western Sahara,2023-08-25,Standard,Organic,3785,575,High,True,True
604,Gerard Ali,swright@example.net,1969-04-25,Female,West Rhysshire,Morocco,2023-11-10,Standard,Facebook Ads,2365,820,Low,True,False
605,Jodie Robson,ntyler@example.org,1963-12-24,Female,New Leighburgh,Namibia,2025-10-24,Standard,LinkedIn,4040,679,Medium,True,False
606,Declan Murray-Read,jayne06@example.org,1985-09-12,Male,Lake Thomas,Kiribati,2023-12-03,Standard,LinkedIn,3978,540,High,True,False
607,Gillian Armstrong,martynjohn@example.org,1993-12-06,Male,Daychester,Afghanistan,2024-09-24,Standard,Organic,3502,699,Medium,True,False
608,Dr Nigel Morris,zpatterson@example.org,1990-04-16,Male,Port Damian,Netherlands,2026-05-13,Standard,Organic,3899,786,Low,True,False
609,Aaron Knight,cnicholson@example.org,1964-07-30,Male,O'Brienbury,Samoa,2025-09-01,Standard,Organic,2657,695,Medium,True,False
610,Dr Abigail Wood,watsonbrian@example.com,2004-07-10,Male,Baldwinshire,Azerbaijan,2023-12-02,Standard,Organic,2579,621,High,True,True
611,Dr Roy Coleman,wsimmons@example.org,1962-10-21,Female,West Edward,South Georgia and the South Sandwich Islands,2023-08-20,Premium,Facebook Ads,7657,850,Low,True,False
612,Linda Boyle,harrisdeclan@example.net,1992-12-31,Male,Goodwinbury,Belize,2025-05-08,Premium,Facebook Ads,6466,698,Medium,True,False
613,Carol Wilson,trevorchan@example.com,1994-06-14,Female,Warnerberg,Afghanistan,2024-05-30,Business,Facebook Ads,19833,644,High,False,False
614,Mr Garry Russell,smithbilly@example.org,1968-05-28,Female,Port Bethanborough,Mozambique,2025-12-03,Business,Facebook Ads,32597,792,Low,True,False
615,Suzanne Jones,emmaburgess@example.org,1969-02-05,Female,Jasminemouth,Hong Kong,2025-01-11,Standard,Facebook Ads,3457,754,Low,True,False
616,Carole Hudson-Green,robertsjessica@example.net,1949-03-13,Male,Port Amandachester,Pakistan,2026-03-23,Standard,Organic,2877,689,Medium,True,True
617,Mr Ryan Barrett,portercolin@example.com,1989-06-15,Female,Crossstad,Botswana,2024-12-14,Standard,Google Ads,4810,534,High,True,True
618,Dorothy Jenkins,joannaellis@example.com,1986-01-31,Male,North Hilaryfurt,Mauritius,2025-02-14,Standard,Google Ads,3382,645,High,True,False
619,Hilary Baxter,tthomas@example.org,1951-12-12,Male,East Andrewville,Cook Islands,2026-01-20,Standard,Organic,3672,850,Low,True,False
620,Helen King,leelynn@example.net,1998-06-09,Female,Bennettmouth,Argentina,2024-12-10,Standard,Organic,2729,656,Medium,True,False
621,Sarah Hill,ehart@example.com,1998-08-09,Female,Kaurville,Sierra Leone,2025-07-25,Standard,Organic,2256,631,High,True,False
622,Mr Stephen James,edward13@example.com,1983-08-01,Male,Marcuston,North Macedonia,2024-08-15,Standard,LinkedIn,3236,617,High,True,True
623,Nathan Brown,wilsonhollie@example.com,1959-07-11,Male,South Georgia,Guadeloupe,2024-12-27,Standard,Referral,2103,673,Medium,True,False
624,Clifford Smith,narnold@example.com,1962-09-03,Female,Bethton,Gabon,2025-02-08,Premium,Organic,10923,541,High,True,True
625,Ryan Davis,howarthliam@example.org,2001-01-07,Male,Port Janiceburgh,Iraq,2024-05-28,Premium,Google Ads,7646,621,High,True,False
626,Pauline Watson,tony78@example.org,1990-05-25,Female,Glenstad,Barbados,2025-10-11,Business,Facebook Ads,25853,570,High,True,False
627,Bernard Farrell,fbrowne@example.com,1973-01-22,Male,South Malcolm,Cuba,2024-10-22,Standard,Organic,2704,728,Medium,True,False
628,Sheila Richards,iwong@example.net,1981-05-25,Male,South Amanda,British Indian Ocean Territory (Chagos Archipelago),2025-06-27,Standard,Google Ads,2958,582,High,False,False
629,Laura Reynolds-Reeves,mooreheather@example.net,1972-05-26,Male,Dunnstad,Canada,2026-01-28,Standard,Organic,4225,590,High,True,False
630,Iain Baxter,abdul65@example.com,2006-09-30,Male,Lake Bryan,Trinidad and Tobago,2023-07-23,Premium,Facebook Ads,6449,678,Medium,True,False
631,Shane Elliott,nichollscarol@example.org,1976-06-22,Female,Bellborough,Saint Lucia,2024-04-17,Standard,Referral,3235,681,Medium,True,True
632,Lynne Reed,kellymclean@example.org,1989-12-25,Female,Carterberg,Nicaragua,2024-01-28,Premium,Organic,8124,696,Medium,True,False
633,Kirsty Barnes-Jenkins,pmoss@example.com,2006-04-21,Male,Port Geoffrey,Bermuda,2024-01-16,Standard,Facebook Ads,3702,734,Medium,True,False
634,Mr Antony Edwards,craig25@example.org,1996-09-25,Male,Reynoldsburgh,French Polynesia,2025-10-14,Business,Google Ads,31522,649,High,True,False
635,Adam Smith,mannelliott@example.org,1948-12-16,Male,Charlotteton,Armenia,2023-10-21,Standard,Organic,2356,784,Low,False,False
636,Laura Hill-Lee,brookshazel@example.net,1995-06-03,Female,Port Neil,Austria,2024-04-29,Premium,LinkedIn,5838,850,Low,True,False
637,Mathew Barlow,davisclive@example.net,1954-01-10,Non-Binary,Port Wayneport,Liberia,2025-12-29,Standard,Referral,3314,607,High,True,False
638,Amber Johnson,grahamchapman@example.net,1996-11-08,Non-Binary,Parkerport,Spain,2023-08-09,Premium,Referral,8917,850,Low,True,False
639,Diane Parker,thompsonbenjamin@example.com,1960-11-08,Male,Taylorview,Bulgaria,2025-05-12,Premium,Referral,10649,777,Low,True,False
640,Kathleen Hughes,carole28@example.org,1983-11-06,Male,Shaunmouth,Korea,2025-09-15,Standard,Organic,4839,603,High,True,False
641,George Roberts,geoffrey23@example.net,1957-10-09,Male,Phillipsland,Croatia,2023-09-18,Business,Organic,21095,742,Medium,True,False
642,Eileen Harding,sophie15@example.com,1990-04-16,Male,New Janet,Bouvet Island (Bouvetoya),2023-09-28,Standard,Facebook Ads,4697,704,Medium,True,False
643,Jason Blackburn,teresariley@example.net,1966-11-03,Female,North Geraldinebury,Micronesia,2025-01-05,Standard,Facebook Ads,2937,817,Low,True,False
644,Ms Jayne Archer,pearcecarole@example.com,1949-07-18,Non-Binary,Carlymouth,South Africa,2023-07-15,Premium,Organic,6751,801,Low,True,False
645,Miss Rita Davies,roger18@example.org,1967-09-25,Female,Chanfort,Guinea-Bissau,2026-01-03,Premium,Organic,6873,651,Medium,True,False
646,Kirsty Hardy,bowenfrances@example.com,1988-07-23,Male,East Amber,British Virgin Islands,2023-12-02,Standard,Google Ads,4908,766,Low,True,False
647,Patrick Lowe,kellywayne@example.net,1957-12-12,Non-Binary,New Alexandra,Belarus,2024-12-30,Standard,Organic,3166,646,High,True,False
648,Mr Liam Lambert,tcollins@example.org,2004-09-08,Non-Binary,Lake Nathan,Vietnam,2024-12-30,Premium,Organic,7261,708,Medium,True,False
649,Ms Jennifer Giles,graeme39@example.com,1967-05-28,Male,East Frankstad,Bulgaria,2023-06-22,Standard,Organic,1863,773,Low,True,False
650,Dr Stephen Jackson,waynedaly@example.com,1993-09-21,Male,Antonyville,Guinea-Bissau,2026-01-29,Standard,Referral,4462,784,Low,True,False
651,Alice Marshall,gordonheath@example.org,1953-08-10,Female,South Valeriestad,Rwanda,2026-03-20,Standard,Google Ads,2481,652,Medium,True,False
652,Dr Danny Ferguson,pelliott@example.net,2002-05-26,Male,Brianberg,Cambodia,2026-04-01,Standard,Organic,2095,697,Medium,True,False
653,Dean Hardy-Reynolds,ydodd@example.net,1956-02-04,Male,Lake Deborah,Fiji,2023-09-28,Standard,Referral,1827,552,High,True,False
654,Gerald Gray,kingkatherine@example.org,1958-09-17,Female,Jeremyhaven,Colombia,2025-12-06,Standard,Organic,3477,709,Medium,True,True
655,Hannah Davis,powellsara@example.net,1997-07-31,Male,South Graeme,United States Virgin Islands,2026-05-13,Standard,Organic,3783,524,High,True,False
656,Fiona King,thomaskayleigh@example.com,1976-07-28,Female,Georgiamouth,Cameroon,2026-01-15,Premium,Referral,9586,795,Low,True,False
657,Christopher Connolly,hprice@example.org,2000-01-25,Female,Clarefurt,Somalia,2025-06-12,Standard,Google Ads,3322,633,High,True,True
658,Mrs Teresa Hutchinson,uprice@example.net,2006-07-03,Female,Oliverport,Finland,2026-01-26,Standard,Organic,1844,606,High,True,False
659,Dorothy Brown,beverleykirby@example.com,1955-01-25,Male,Littleville,Seychelles,2025-05-06,Standard,LinkedIn,2801,759,Low,True,True
660,Leon Davies,kbell@example.net,1972-11-13,Female,Kieranside,Israel,2024-08-08,Standard,Organic,2991,775,Low,True,False
661,Karen Kelly,lynne71@example.net,1990-06-12,Female,West Ianhaven,Indonesia,2024-11-18,Standard,Facebook Ads,2892,850,Low,True,False
662,Miss Helen Wilkinson,mlowe@example.org,2004-09-27,Male,Shanehaven,Philippines,2025-01-02,Premium,Organic,10214,581,High,True,False
663,Graeme Stevenson-Harris,woodlee@example.com,2007-05-17,Female,Lake Craig,Bangladesh,2026-05-04,Standard,Organic,4114,662,Medium,True,False
664,Bethany Williamson,vwoods@example.com,1993-03-29,Female,East Angela,Austria,2025-03-18,Premium,LinkedIn,11451,670,Medium,True,False
665,Miss Lisa Simpson,donna45@example.com,1992-08-28,Male,New Gerard,Tunisia,2025-08-04,Premium,Google Ads,6174,576,High,False,True
666,Darren Carter-Johnson,terence80@example.org,1974-10-14,Female,Powellmouth,Guam,2024-10-08,Standard,Organic,2292,588,High,True,False
667,Mohammad Wright,pagecatherine@example.net,1985-01-13,Male,Kingfort,Cyprus,2024-09-30,Standard,Organic,4545,670,Medium,True,False
668,Jennifer Green,smithchristine@example.net,1985-04-07,Female,Lake David,Albania,2025-08-04,Standard,Google Ads,1943,663,Medium,True,False
669,Aimee Clarke,clare08@example.org,2002-06-25,Male,Duncanborough,Bouvet Island (Bouvetoya),2024-01-11,Premium,Organic,11413,579,High,True,False
670,Mr Alexander Allen,bbrooks@example.org,1951-07-18,Female,Port Sarahside,Thailand,2023-09-12,Standard,Facebook Ads,4442,607,High,True,False
671,Stephen Morris,margaret64@example.org,1953-05-12,Male,West Lesleybury,Saint Lucia,2025-08-10,Premium,Organic,8992,665,Medium,True,False
672,Gordon Hancock,daniel24@example.com,1976-10-01,Male,East Paigeshire,Argentina,2025-04-01,Standard,Facebook Ads,3107,770,Low,True,False
673,Mrs Annette Marsh,lhopkins@example.com,2000-03-14,Non-Binary,Smithborough,Guadeloupe,2025-09-27,Standard,LinkedIn,3007,668,Medium,True,False
674,Charlene Wood,charliebrown@example.org,1951-11-14,Male,Josephborough,Libyan Arab Jamahiriya,2024-04-08,Standard,Facebook Ads,2507,755,Low,True,False
675,Malcolm King,christinevincent@example.org,1948-12-12,Female,West Henry,Kyrgyz Republic,2023-11-08,Business,Organic,12463,671,Medium,True,False
676,Eileen Clark,zcollins@example.com,1998-09-29,Female,New Kylechester,Cape Verde,2023-07-13,Premium,Facebook Ads,11120,783,Low,True,False
677,Joanna Walton,rita11@example.net,1993-03-31,Female,Watsonbury,Gibraltar,2023-07-30,Premium,Organic,10806,797,Low,True,False
678,Rosie Mason,marshalladrian@example.com,1994-05-18,Male,North Thomas,Brunei Darussalam,2025-08-26,Standard,Facebook Ads,2517,784,Low,True,False
679,Leonard Mitchell,gardinermohammad@example.org,1948-09-23,Female,Oliverburgh,Bosnia and Herzegovina,2025-01-17,Standard,Facebook Ads,2186,776,Low,True,False
680,Neil Baker,connor47@example.org,1997-11-08,Male,Farrelltown,Turks and Caicos Islands,2024-08-18,Premium,Google Ads,11924,727,Medium,False,False
681,Ms Rebecca Shaw,kerrydixon@example.com,1994-01-26,Male,O'Sullivanbury,Bhutan,2024-10-04,Standard,Google Ads,4349,659,Medium,True,False
682,Mr David Stephenson,gevans@example.org,1961-12-14,Male,Ballside,Guam,2024-02-24,Standard,Google Ads,3180,696,Medium,True,False
683,Ryan Smith,kayterence@example.net,1984-04-23,Female,Port Jamie,Somalia,2025-05-06,Premium,Referral,11434,632,High,True,True
684,Emma Moore-Lees,lesley96@example.net,1970-01-14,Female,West Sylvia,Belize,2026-01-20,Premium,Google Ads,7640,732,Medium,False,False
685,Dr Marcus King,tlee@example.com,1970-09-01,Female,Sharpburgh,Latvia,2026-03-03,Standard,Organic,3311,790,Low,True,False
686,Miss Mandy Palmer,gtaylor@example.com,2007-11-19,Female,Shaneberg,Marshall Islands,2024-04-29,Premium,Facebook Ads,9252,694,Medium,True,True
687,Dr Scott Gibson,stephanie37@example.org,1949-01-17,Female,North Cheryl,Papua New Guinea,2024-10-01,Standard,Organic,2015,614,High,True,False
688,Leon Jones,shaun98@example.net,2004-06-04,Female,Oliverchester,United Kingdom,2025-11-15,Premium,Organic,8653,636,High,True,True
689,Ms Charlotte Fletcher,turnerlinda@example.org,1955-06-26,Female,Jayborough,French Polynesia,2025-12-25,Standard,Referral,2841,832,Low,True,False
690,Mr Gareth Humphreys,williamsalice@example.net,1975-10-31,Non-Binary,Lake Sophie,Iceland,2024-10-01,Standard,Google Ads,3621,673,Medium,True,False
691,Dr June Bennett,suttonryan@example.net,2000-11-26,Male,Moorefort,Ethiopia,2026-01-03,Business,Referral,26917,719,Medium,False,False
692,Stephen Stokes,ythomas@example.net,1949-03-01,Male,South Joshualand,Monaco,2023-09-27,Standard,Organic,3586,569,High,True,False
693,Annette Walker,benstone@example.com,1998-05-31,Female,South Megan,San Marino,2023-12-04,Premium,Organic,10530,637,High,True,True
694,Charlie Mason,frank23@example.org,1991-02-21,Female,Lake Kirsty,Costa Rica,2025-08-22,Standard,Referral,4133,639,High,True,False
695,Mr Howard Austin,joycemary@example.com,1963-04-16,Female,Quinnchester,Solomon Islands,2025-09-16,Standard,Organic,3784,615,High,True,True
696,Dr Hollie Vincent,kimberley42@example.net,1972-06-20,Male,North Lindachester,Burkina Faso,2026-01-26,Standard,Referral,4416,615,High,True,False
697,Grace Payne,freemanjulian@example.org,1959-04-22,Male,Mohammadberg,San Marino,2024-05-24,Standard,Google Ads,3756,692,Medium,True,True
698,Louis Ali-Taylor,wattsdale@example.net,2005-08-16,Female,Jamesville,Uganda,2025-04-04,Standard,Referral,4835,596,High,True,False
699,Janet Barrett-Byrne,francescaperry@example.net,1980-07-26,Female,West Declan,Macao,2025-07-26,Premium,Google Ads,9011,706,Medium,True,False
700,Mrs Heather Jennings,abigailbaker@example.net,1978-01-29,Female,Baileyville,Russian Federation,2025-11-16,Standard,Referral,1801,850,Low,True,False
701,Marian Chambers-West,wilsonheather@example.net,1969-07-06,Male,Vincentfurt,Korea,2025-11-27,Premium,Organic,5128,713,Medium,True,False
702,Mr Ashley Campbell,bruce15@example.org,1969-09-20,Female,Port Luke,Paraguay,2025-11-10,Standard,Referral,2190,604,High,True,False
703,Eric Morris,john36@example.net,1974-01-30,Female,Lorraineborough,Anguilla,2024-04-23,Premium,Google Ads,10338,668,Medium,False,False
704,Mr Mohammed Knowles,sharptony@example.org,1975-04-11,Female,Jenniferport,Anguilla,2023-08-01,Standard,Referral,3678,721,Medium,True,False
705,Malcolm Turner,williamdavis@example.com,1996-12-25,Male,South Peterfort,Algeria,2023-08-26,Premium,LinkedIn,11430,600,High,True,False
706,Cameron Gibbs,lucy67@example.com,1995-11-16,Non-Binary,East Rosieshire,Cayman Islands,2024-05-28,Premium,Referral,11269,611,High,True,False
707,Holly Roberts,hollie26@example.net,1979-12-16,Male,Owenland,San Marino,2026-04-29,Standard,Google Ads,1855,760,Low,True,False
708,Jeremy Jones-Evans,katie22@example.net,1974-01-18,Male,Wardton,Tuvalu,2024-09-14,Standard,Referral,2438,850,Low,True,False
709,Keith Richards-Hussain,jillharding@example.com,1983-01-14,Male,North Patriciaberg,Vietnam,2024-02-08,Standard,Organic,4294,789,Low,True,False
710,James Roberts,jessica38@example.net,1987-06-30,Female,Kevinville,Zimbabwe,2024-10-22,Standard,Organic,2165,719,Medium,True,True
711,Dr Maureen Sullivan,masonkarl@example.net,1952-01-19,Female,Chanport,Montenegro,2024-06-10,Standard,Referral,3141,656,Medium,True,False
712,Miss Denise Carey,iain63@example.com,1948-12-23,Female,East Gillianstad,Dominican Republic,2025-10-27,Standard,Referral,2494,785,Low,True,False
713,Mr Frank Warner,qlee@example.com,1988-07-12,Female,Samuelbury,Norfolk Island,2024-04-12,Standard,Referral,2356,612,High,True,False
714,Anna Palmer-Ali,ghodgson@example.com,1997-10-26,Female,Murphyfurt,Germany,2024-05-18,Standard,Organic,3954,581,High,True,False
715,Lynda Campbell,gregoryreid@example.net,1953-11-28,Male,Sheilaland,Bahrain,2025-05-13,Premium,Google Ads,7905,688,Medium,True,False
716,Hilary Robinson,reece67@example.com,1950-06-24,Male,Matthewsfurt,Burundi,2025-11-04,Standard,Google Ads,4657,762,Low,True,False
717,Dale Evans,paulapage@example.com,2008-03-23,Male,Lake Aaronfort,Faroe Islands,2024-08-12,Premium,Referral,9662,736,Medium,True,False
718,Dr Elliott Campbell,orobinson@example.com,1972-11-11,Female,Janeville,Nauru,2025-06-09,Standard,Google Ads,2941,805,Low,True,False
719,Timothy Lewis-Stevenson,shane03@example.org,1952-11-30,Female,Ritatown,Kenya,2024-12-28,Standard,Organic,3159,608,High,True,False
720,Dr Julian Daniels,kyle16@example.com,1996-05-27,Female,Maxport,Guyana,2024-10-29,Standard,Google Ads,4810,752,Low,False,False
721,Ms Abigail Marshall,wcooper@example.com,1973-01-11,Female,North Justinfurt,Uruguay,2025-11-13,Standard,Google Ads,2963,703,Medium,True,False
722,Clare Gill,sian99@example.com,1950-08-31,Male,Jeanport,Turkey,2025-11-18,Standard,Referral,3759,743,Medium,True,False
723,Mr Colin Law,twebster@example.com,1957-07-04,Female,Baldwinville,India,2024-03-12,Premium,Facebook Ads,10499,752,Low,False,False
724,Rosie Clark,leetimothy@example.com,1994-12-09,Female,Howeside,Djibouti,2025-05-07,Standard,Organic,4521,734,Medium,False,False
725,Marion Brooks,singhdebra@example.net,2004-12-20,Female,North Elliotton,Lesotho,2024-04-08,Standard,Google Ads,1979,730,Medium,True,False
726,Dr Eric Mason,xowen@example.org,1957-11-16,Female,South Colinberg,Tajikistan,2025-09-30,Premium,Organic,11762,798,Low,True,False
727,Amelia Barker,znicholls@example.net,1961-06-13,Male,New Adrian,Liberia,2025-01-01,Premium,Organic,11724,725,Medium,True,False
728,Gary Lewis,heather80@example.com,1981-04-28,Male,Royville,Mauritius,2024-06-29,Standard,Facebook Ads,2221,847,Low,True,False
729,Patrick Evans,burgessabigail@example.com,1965-09-29,Female,Port Geraldine,Yemen,2024-06-26,Premium,Google Ads,8723,805,Low,True,False
730,Kim Burton,hayleybradley@example.com,1963-10-15,Female,Aaronfort,Norway,2025-09-14,Standard,Facebook Ads,4785,710,Medium,True,False
731,James Robinson,annmorgan@example.com,1955-04-05,Female,Lake Annehaven,Bulgaria,2023-08-01,Premium,Organic,5641,729,Medium,True,False
732,Dr Joel Atkins,zvaughan@example.com,1965-01-19,Female,Huntertown,Egypt,2026-05-28,Standard,Organic,2825,649,High,True,False
733,Dr Olivia Osborne,imanning@example.org,1991-01-31,Female,Lake Patriciamouth,Timor-Leste,2024-08-21,Premium,Referral,10127,655,Medium,True,False
734,Miss Jessica Black,slaterrosemary@example.net,1954-07-27,Female,North Leslie,Algeria,2025-11-30,Standard,Google Ads,2277,806,Low,False,False
735,Abbie Collins,margaret84@example.org,1974-11-20,Male,West Kathleenview,Nepal,2024-06-20,Premium,LinkedIn,6269,667,Medium,True,True
736,Eleanor Thompson,tayloraimee@example.net,1970-04-19,Female,Port Kellyside,Lesotho,2025-12-21,Standard,LinkedIn,3386,764,Low,True,False
737,Eileen Fraser,terencehammond@example.org,1999-04-19,Female,Port Mollymouth,Uganda,2023-07-03,Standard,Organic,3807,819,Low,True,False
738,Phillip Young,stonethomas@example.com,1959-11-17,Female,Jenniferton,Algeria,2025-10-08,Standard,Organic,2816,689,Medium,True,True
739,Victoria Martin,levans@example.net,1980-01-23,Female,Nolanside,Fiji,2025-03-24,Standard,Organic,1979,547,High,True,False
740,Joe Jackson,clee@example.net,1967-07-20,Female,North Sandraside,Isle of Man,2025-06-24,Standard,LinkedIn,4076,602,High,True,False
741,Dr Jeremy Williams,wbirch@example.net,1963-03-31,Non-Binary,Blakeville,Saint Kitts and Nevis,2023-11-07,Standard,Facebook Ads,3935,771,Low,True,False
742,Miss Judith King,sharon40@example.com,1988-12-15,Male,Helenport,Ecuador,2025-12-04,Standard,LinkedIn,2984,721,Medium,True,False
743,Ms Hilary May,dclark@example.org,1958-12-03,Male,New Graham,Sao Tome and Principe,2025-12-03,Standard,Google Ads,2753,635,High,True,False
744,Dr Jason Nicholson,laura50@example.com,1988-05-29,Male,Marshmouth,Singapore,2026-05-26,Premium,Organic,5004,776,Low,True,False
745,Lauren Sims-McCarthy,wmoore@example.org,1985-06-15,Male,Whiteheadtown,Greenland,2025-05-22,Standard,LinkedIn,4545,624,High,True,False
746,Tracy Clarke-Thomas,pcameron@example.com,1967-02-01,Male,Lake Sarahaven,Austria,2025-02-25,Standard,Organic,2796,702,Medium,True,False
747,Lydia Parry,marianrose@example.org,1983-11-04,Female,New Thomas,San Marino,2024-02-19,Premium,Organic,5328,776,Low,True,False
748,Duncan Thompson,victorburrows@example.com,1966-05-23,Male,Robertsport,Mauritania,2025-11-07,Standard,Organic,3185,681,Medium,True,False
749,Shane Wilson,ianroberts@example.org,1948-06-12,Non-Binary,Stephaniemouth,Palestinian Territory,2023-11-23,Standard,Google Ads,3676,601,High,True,False
750,Miss Holly Evans,rwebster@example.org,1956-03-09,Male,Lake Sian,Bosnia and Herzegovina,2026-02-02,Standard,Organic,2808,656,Medium,False,False
751,Russell Smith,lcarter@example.org,2007-01-12,Male,Joshshire,Colombia,2024-03-25,Premium,Google Ads,9163,731,Medium,True,True
752,Valerie Jackson,william42@example.net,1985-07-02,Female,Lynnchester,Kyrgyz Republic,2024-12-22,Standard,Organic,4371,734,Medium,True,False
753,Mr Ian Williams,ericrose@example.com,1983-10-29,Male,Harrismouth,Gibraltar,2025-11-13,Business,Referral,27585,612,High,False,True
754,Mr Sam Taylor,ocook@example.com,1958-04-29,Male,Williamsshire,Thailand,2024-09-05,Premium,Google Ads,5767,813,Low,False,True
755,Dr Max Sheppard,daledixon@example.com,2002-04-16,Female,Leonardshire,Heard Island and McDonald Islands,2024-06-07,Standard,Facebook Ads,1981,621,High,False,False
756,Cameron Rees-Hale,allenbeth@example.net,1982-07-02,Female,North Geraldstad,Malaysia,2025-05-05,Standard,Referral,3243,612,High,True,False
757,Dr Lee Coates,byrneglen@example.com,1949-07-08,Male,North Sian,Swaziland,2024-05-30,Standard,Referral,3456,791,Low,True,False
758,Mrs Tina Andrews,paulineward@example.net,1955-07-15,Male,Jasminechester,Mayotte,2024-10-15,Standard,Referral,4435,637,High,True,True
759,Lisa Murphy,fitzgeraldkimberley@example.net,2007-11-19,Female,Wayneside,Bosnia and Herzegovina,2024-09-02,Standard,Referral,2050,709,Medium,False,False
760,Marie Brown-Lewis,mohammed11@example.net,1979-03-18,Male,Ameliaberg,French Guiana,2025-11-15,Standard,Facebook Ads,2232,649,High,True,False
761,Ashley Brown,julianwalker@example.com,1983-01-19,Female,Wallisburgh,Malawi,2023-12-22,Standard,Facebook Ads,4229,691,Medium,False,False
762,Frank Bailey,joan27@example.com,1966-01-24,Male,East Marc,Argentina,2024-10-23,Premium,Facebook Ads,8151,668,Medium,True,False
763,Gail Martin,gillianevans@example.org,2006-10-06,Female,Marionmouth,Cameroon,2025-02-28,Standard,Organic,4773,638,High,True,False
764,Leonard Johnston,james60@example.net,2001-02-13,Male,Alextown,Northern Mariana Islands,2024-09-22,Premium,Google Ads,9020,697,Medium,True,False
765,Ms Maria Farmer,kimwong@example.org,1992-11-30,Male,East Simon,Liechtenstein,2026-03-29,Standard,Referral,3884,665,Medium,True,True
766,Mr Gavin Johnson,cholmes@example.net,2000-08-17,Male,O'Brienton,Christmas Island,2024-09-03,Standard,Referral,4878,763,Low,True,False
767,Sharon Green,elliott90@example.net,2003-05-19,Female,Lawsonberg,French Guiana,2026-01-21,Standard,Facebook Ads,4839,593,High,False,False
768,Mohamed Hobbs,kelly55@example.org,1980-06-12,Female,Thomasbury,Dominica,2024-03-03,Standard,Referral,4239,695,Medium,True,False
769,Mr Nicholas Sykes,hpowell@example.net,2008-02-09,Male,Port Callum,Slovenia,2025-10-13,Standard,Organic,2968,661,Medium,True,False
770,Deborah Allen,carljohnson@example.net,1951-03-27,Female,North Martyn,Luxembourg,2024-07-17,Premium,Facebook Ads,10965,728,Medium,True,False
771,Ian Palmer-Perry,jane01@example.com,1960-10-02,Female,Gregoryfort,Yemen,2025-09-02,Standard,Google Ads,3942,787,Low,False,False
772,Lynne Williams,robinsonbradley@example.com,1987-05-23,Male,North Jacquelineland,Cocos (Keeling) Islands,2024-06-30,Standard,Facebook Ads,1955,574,High,True,False
773,Roger Anderson,coxgary@example.net,1962-12-26,Female,South Joshua,Myanmar,2024-12-16,Premium,Google Ads,6216,798,Low,True,False
774,Guy Taylor-Cox,leemax@example.net,1961-12-15,Male,North Harrietmouth,Saudi Arabia,2026-01-24,Standard,Facebook Ads,3803,726,Medium,True,True
775,Gail Dickinson-Wright,eking@example.org,1982-06-26,Female,Grahamport,Malta,2023-12-15,Premium,Referral,10490,635,High,True,False
776,Kimberley Lawrence,aligerard@example.org,1960-03-24,Male,Taylorhaven,Martinique,2024-02-07,Standard,Google Ads,3889,598,High,False,False
777,Dylan Porter,hollyadams@example.net,1989-11-07,Male,Samhaven,Portugal,2024-06-05,Standard,Facebook Ads,2842,725,Medium,True,False
778,Trevor Murray-Richardson,paulawebb@example.com,1994-01-15,Male,Harrisonbury,Samoa,2024-04-12,Premium,Organic,5203,555,High,True,True
779,Julian Edwards,aaron50@example.org,1977-03-24,Male,New Bernard,Togo,2025-02-10,Standard,Google Ads,3761,802,Low,True,False
780,Elliott Edwards,staylor@example.net,1954-12-30,Female,New Joshuabury,Brunei Darussalam,2024-09-11,Premium,Google Ads,5919,651,Medium,True,False
781,Gareth Davies-Dodd,ashleighwood@example.net,1953-02-25,Female,Melissatown,Montserrat,2024-05-31,Premium,Google Ads,7772,702,Medium,True,True
782,Miss Kirsty Chambers,sarahsharpe@example.org,1953-08-15,Female,Markchester,Latvia,2025-03-06,Standard,Organic,4898,576,High,True,False
783,Elaine Johnson,hillalison@example.net,1952-11-04,Male,Hicksfort,Oman,2026-01-30,Standard,Facebook Ads,3302,633,High,True,False
784,Sam Read,williseleanor@example.net,1991-02-08,Female,O'Brienmouth,Moldova,2024-03-11,Standard,Referral,3078,813,Low,True,False
785,Mr Graham Dyer,adamparry@example.com,1974-02-18,Male,Ashleighmouth,Jersey,2023-08-20,Premium,Referral,10055,548,High,True,False
786,Claire Wilson,macdonaldharry@example.com,1977-06-05,Female,North Jordantown,Serbia,2023-12-31,Standard,Organic,1867,652,Medium,True,True
787,Shaun Dickinson,vmiller@example.net,2000-10-20,Male,Francesfurt,Vietnam,2024-07-09,Premium,LinkedIn,10739,652,Medium,False,False
788,Dr Marc John,gordonthomas@example.net,2003-08-03,Female,Burgessmouth,Syrian Arab Republic,2024-10-09,Business,Google Ads,17315,622,High,True,True
789,Aaron Johnson-Robinson,kirstydodd@example.net,1947-11-14,Female,New Tomview,Lithuania,2026-05-30,Standard,Referral,2509,726,Medium,True,False
790,Tracey Gill,deanyoung@example.org,1990-08-18,Female,New Holly,Sierra Leone,2025-06-01,Standard,Organic,3239,699,Medium,True,True
791,William Roberts-Murphy,taylordouglas@example.org,2002-08-02,Female,Turnerborough,Maldives,2025-03-30,Standard,Organic,2487,642,High,True,True
792,Michelle Hamilton,pcollins@example.com,2002-11-10,Male,New Sam,Luxembourg,2023-11-28,Premium,Google Ads,10087,634,High,True,True
793,Owen Quinn-Young,greenshannon@example.net,1963-10-16,Male,Lake Julialand,Guadeloupe,2024-11-07,Business,Organic,12954,585,High,True,False
794,Terence Holt,sharplynne@example.net,1960-03-01,Male,Edwardsview,Kuwait,2023-06-12,Standard,Referral,4308,531,High,True,False
795,Dr Scott Taylor,martinshane@example.com,1953-07-20,Male,Coopermouth,Andorra,2023-10-22,Standard,Organic,2154,644,High,True,False
796,Dylan Begum,patricia99@example.net,1983-11-22,Female,Janiceburgh,Kenya,2025-04-10,Premium,Facebook Ads,8515,756,Low,True,False
797,Hazel Walker,rosehenry@example.com,1952-06-12,Male,New Juneberg,Guyana,2025-06-01,Standard,LinkedIn,4540,791,Low,True,False
798,Jasmine Jones-Moore,marshallgordon@example.com,1965-07-11,Male,Jodiehaven,Malawi,2024-09-29,Standard,Google Ads,2316,850,Low,True,False
799,Dr Steven Long,ywilliams@example.net,1994-11-27,Male,Port Kateborough,Austria,2024-07-10,Premium,Referral,8783,696,Medium,True,False
800,Brenda Rogers,owensirene@example.org,1994-05-19,Female,Adamville,Azerbaijan,2025-12-08,Standard,Facebook Ads,4311,664,Medium,True,True
801,Bernard Jones,allenmitchell@example.org,2003-09-07,Male,South Oliverstad,Serbia,2023-12-09,Premium,Organic,10210,580,High,False,False
802,Denis Robinson,david67@example.net,2001-11-30,Female,West Abdultown,Saudi Arabia,2025-06-11,Standard,Organic,1848,773,Low,True,False
803,Kayleigh Clark,judith89@example.org,2002-05-08,Male,East Christopher,Egypt,2025-10-15,Standard,Facebook Ads,4220,699,Medium,True,False
804,Dr Frederick Harrison,kdean@example.com,1980-06-22,Female,New Jasminefort,Nigeria,2024-07-26,Standard,Google Ads,3863,789,Low,True,False
805,Callum Potter,prichardson@example.com,1977-05-01,Female,South Joel,Yemen,2024-06-29,Standard,Google Ads,3650,689,Medium,True,False
806,Aaron Godfrey,smithmatthew@example.net,1987-02-19,Male,Kieranview,Qatar,2025-08-12,Standard,Google Ads,3975,767,Low,True,False
807,Dr Henry Green,parkertimothy@example.org,1980-01-24,Male,Nicholasmouth,El Salvador,2024-07-11,Premium,LinkedIn,8636,741,Medium,True,False
808,Helen Fisher,peter18@example.com,1969-10-05,Female,South Vanessaville,Kuwait,2024-04-27,Standard,Referral,2571,765,Low,True,False
809,Glen Watson,carlball@example.org,1965-09-14,Male,Smithmouth,Netherlands,2025-08-25,Business,Referral,17322,761,Low,False,False
810,Mrs Jean Bray,declanfranklin@example.org,2005-01-10,Male,Port George,Turkmenistan,2023-06-20,Standard,Referral,3528,740,Medium,True,False
811,Ms June Hill,fward@example.com,1991-09-09,Male,New Dawn,French Polynesia,2024-01-21,Premium,Organic,5595,690,Medium,True,False
812,Mr Graeme Wright,akirk@example.net,1981-08-17,Male,Lake Dennismouth,Morocco,2025-04-15,Standard,Google Ads,3011,669,Medium,True,False
813,Mandy Parkinson,tsingh@example.com,1955-11-04,Female,Garryborough,Austria,2024-12-30,Premium,Referral,8566,694,Medium,True,False
814,Douglas Bryan,lucythomas@example.org,1966-01-10,Female,Port Julian,Comoros,2024-07-18,Premium,Organic,7283,718,Medium,True,False
815,Sheila Ferguson,gilliandawson@example.com,1989-04-10,Female,Coopermouth,Greenland,2024-12-24,Standard,Organic,2058,557,High,True,False
816,Ms Melanie Jones,ojohnson@example.net,2001-09-22,Female,South Robinton,Egypt,2024-10-12,Standard,Organic,3040,521,High,True,True
817,Donald Powell,dobsonharriet@example.com,1970-06-21,Female,Brucestad,Iran,2023-08-09,Standard,LinkedIn,2170,681,Medium,True,False
818,Ms Annette Stewart,ashleigh09@example.org,1986-08-02,Female,Humphriesshire,Sao Tome and Principe,2024-06-06,Standard,Organic,3489,705,Medium,True,False
819,Abigail Simmons,leonardbrady@example.net,1967-10-23,Female,South Glennshire,Mozambique,2023-07-27,Standard,Referral,2638,791,Low,True,True
820,Lydia Long,aharrison@example.net,2006-03-10,Non-Binary,Lake Eric,Fiji,2024-11-19,Standard,Google Ads,2896,723,Medium,True,False
821,Elliot Stanley,anthony11@example.net,1957-08-24,Male,Lake Gregoryfort,Montserrat,2024-11-12,Standard,Organic,4835,824,Low,True,False
822,Danielle Ward,pearcerosie@example.org,2002-06-29,Male,New Simonborough,British Virgin Islands,2023-11-12,Standard,Google Ads,4384,741,Medium,True,False
823,Kayleigh Richards,wilsonbrian@example.com,1965-12-24,Female,Ellieton,Cameroon,2026-04-04,Standard,Referral,2948,725,Medium,True,False
824,Dr Roy Davies,grayheather@example.com,2000-12-21,Male,West Nataliemouth,South Georgia and the South Sandwich Islands,2024-08-12,Standard,Organic,2604,802,Low,True,False
825,Marion Cooper-Kerr,natalie86@example.net,1964-07-27,Male,East Georginaton,Nauru,2025-09-24,Standard,Organic,3964,706,Medium,True,False
826,Clifford Bolton,dwilliamson@example.net,1947-02-02,Female,Collinsbury,Togo,2023-12-09,Standard,Google Ads,4692,663,Medium,True,True
827,Guy Johnson,clive87@example.net,1966-08-07,Male,South Cliveborough,Guatemala,2024-07-07,Premium,Referral,7063,634,High,False,False
828,Cameron Moore,benmatthews@example.com,1953-04-26,Non-Binary,New Lydiafurt,Brazil,2026-02-24,Standard,Organic,3403,767,Low,True,False
829,Jack Singh,kieran93@example.net,1962-11-28,Female,Shawfort,Canada,2025-02-01,Standard,Organic,4849,566,High,True,True
830,Jennifer Moore,pkaur@example.org,1974-07-09,Male,New Timothy,Zimbabwe,2025-11-14,Standard,Google Ads,3467,676,Medium,True,False
831,Mrs Julia Mills,chloe99@example.org,2001-05-31,Male,Rowechester,Monaco,2023-09-09,Standard,Referral,2346,654,Medium,True,True
832,Leon Kelly,adam35@example.org,1991-10-28,Female,New Carly,Kazakhstan,2024-06-21,Standard,Organic,2418,677,Medium,True,False
833,Mr Conor Kaur,cpatel@example.net,1974-04-23,Male,Lisaberg,Russian Federation,2026-04-12,Standard,Organic,4281,674,Medium,True,False
834,Mr Timothy Pearce,vincent15@example.org,1991-04-23,Female,Mandyfurt,Argentina,2025-12-13,Standard,Referral,2401,628,High,True,False
835,Ms Teresa Winter,owensimmons@example.org,1959-09-13,Female,Millschester,Bulgaria,2025-01-22,Business,Organic,28484,850,Low,True,False
836,Dr Glenn Walters,yatesleslie@example.com,2000-07-10,Female,North Connor,Nicaragua,2025-11-18,Standard,Google Ads,2946,672,Medium,False,False
837,Dr Dean French,karen75@example.net,1997-08-13,Female,South Charlieland,Netherlands,2024-08-03,Standard,Organic,3690,629,High,True,False
838,Mrs Mandy Dean,rahmandorothy@example.net,1977-02-03,Male,East Owenland,Iceland,2026-06-05,Standard,Organic,1899,712,Medium,True,False
839,Mr Dennis Gilbert,jayne25@example.com,2003-06-01,Male,Stuartfort,Angola,2025-08-01,Standard,Referral,4237,815,Low,True,False
840,Brian Johnson,jlong@example.org,1972-11-11,Female,Williamston,New Zealand,2023-10-20,Standard,Facebook Ads,1861,585,High,True,True
841,Derek Adams,hortonbernard@example.com,2003-06-20,Female,Herbertside,Solomon Islands,2024-02-18,Standard,Referral,1911,768,Low,False,False
842,Rachael Marshall-Hammond,charlene59@example.com,1947-02-20,Female,East Marie,China,2026-05-21,Standard,Google Ads,2726,601,High,True,True
843,Abigail Johnson,glenn27@example.net,1970-09-16,Non-Binary,Natashaville,Mali,2025-03-13,Standard,LinkedIn,2852,664,Medium,True,False
844,Jacob Patel,eric90@example.net,1973-08-06,Male,New Bernardberg,Panama,2023-11-13,Standard,Organic,2964,793,Low,False,False
845,Leslie Hill-Johnson,harrietscott@example.org,2002-12-29,Female,Howarthside,Christmas Island,2023-11-13,Standard,Google Ads,1971,716,Medium,False,False
846,Roy Humphreys-Wallace,hgiles@example.net,1972-08-05,Female,Lake Leon,Romania,2026-02-23,Premium,Google Ads,5767,621,High,False,False
847,Ruth Rose,michelle02@example.org,2001-04-08,Male,North Oliver,Israel,2024-05-26,Standard,Referral,2685,711,Medium,True,False
848,Gary Sullivan-Johnson,mooresally@example.net,1985-04-17,Male,Daviesborough,Zimbabwe,2024-03-26,Standard,Facebook Ads,4657,700,Medium,True,False
849,Marcus Tucker,annette23@example.net,1971-04-22,Male,East Lisastad,Bouvet Island (Bouvetoya),2025-12-06,Standard,Google Ads,3947,672,Medium,True,False
850,Billy Pritchard,jakefield@example.net,2006-02-10,Female,New Neil,India,2024-11-13,Standard,Google Ads,3152,739,Medium,True,False
851,Janice Stevenson-Price,mholden@example.org,1960-03-14,Male,Lake Iainmouth,Northern Mariana Islands,2024-09-17,Standard,Referral,4058,606,High,True,True
852,Louis Harrison,martindickinson@example.org,2003-02-12,Male,South Justin,Norfolk Island,2025-03-29,Standard,Organic,3802,850,Low,True,False
853,Christian White,abbie71@example.net,1991-11-04,Female,Townsendland,Mexico,2023-09-12,Standard,Referral,3953,787,Low,True,False
854,Abbie Moore,clivemiller@example.org,1962-10-31,Female,Lake Hollieburgh,Czech Republic,2026-02-02,Standard,Referral,3570,734,Medium,True,True
855,Dr Antony Wall,barberronald@example.org,1967-03-18,Male,Daleton,Sudan,2024-10-15,Standard,Referral,3511,850,Low,False,False
856,James Marshall,donna44@example.com,1994-03-28,Male,Lloydberg,Kuwait,2024-10-14,Standard,Organic,2895,652,Medium,True,True
857,Mark Walker,johnstonross@example.com,1981-12-22,Male,Grayhaven,North Macedonia,2024-04-14,Premium,Organic,9869,759,Low,True,False
858,Dr Thomas Evans,kathrynjohnson@example.net,1992-07-02,Male,Port Michelleberg,United States Virgin Islands,2025-08-11,Premium,Organic,9820,698,Medium,True,False
859,Alex Smith,josephgriffiths@example.com,1973-06-03,Male,Lake Alexander,Hungary,2025-04-24,Standard,LinkedIn,2580,676,Medium,True,False
860,Charlene Frost-Gibbs,suzannewinter@example.org,1959-05-25,Female,Rickystad,Algeria,2025-10-17,Premium,Organic,8281,625,High,False,True
861,Kathleen Marshall,tony98@example.com,1967-08-27,Male,East Elliott,Dominican Republic,2025-02-09,Premium,Organic,5964,629,High,True,True
862,Duncan Hall,tomwells@example.net,1963-03-01,Male,South Melanie,Kiribati,2026-01-23,Standard,Organic,1938,684,Medium,True,False
863,Dr Lisa Hunter,jessicaevans@example.com,1981-11-27,Male,North Trevor,Mongolia,2023-09-13,Standard,Organic,4401,683,Medium,True,False
864,Tony Greenwood,jonesjulia@example.net,1952-12-24,Female,South Davidtown,Togo,2024-04-21,Business,Referral,13906,751,Low,True,False
865,Charlie Ali,xthompson@example.com,1965-04-22,Female,Lynnberg,Lebanon,2024-07-17,Standard,Google Ads,3260,580,High,True,False
866,Clive Allen,karenwright@example.com,1951-10-08,Male,Newtonton,Kenya,2025-02-18,Premium,Referral,9293,776,Low,True,True
867,Ms Abbie Berry,walkeremily@example.net,1967-06-21,Male,Hawkinsborough,British Virgin Islands,2024-09-13,Standard,Facebook Ads,4353,651,Medium,True,False
868,Tom Jones,rachaeljames@example.org,1955-09-27,Male,North Gary,Niue,2024-12-15,Standard,Google Ads,2808,747,Medium,True,False
869,Mr Justin Dixon,bradley57@example.org,1963-05-15,Female,Julianbury,Tanzania,2025-01-19,Business,Organic,20123,703,Medium,False,False
870,Margaret Jones-Jennings,richard15@example.net,1945-10-14,Female,Port Fiona,Lao People's Democratic Republic,2023-12-04,Standard,Organic,4708,678,Medium,True,False
871,Dr Hugh Jones,anneowen@example.net,1993-12-04,Female,South Sandra,Macao,2023-06-30,Premium,LinkedIn,6049,604,High,True,True
872,Lydia Burns,marcbartlett@example.net,1996-03-28,Female,Simonmouth,Tuvalu,2024-07-22,Standard,Organic,4218,696,Medium,True,False
873,Mrs Susan Benson,harristina@example.com,1983-02-06,Female,Joanneberg,United States Minor Outlying Islands,2023-11-30,Standard,Google Ads,2749,452,High,True,True
874,Roger Martin,ian33@example.com,1973-02-23,Non-Binary,Dalychester,Egypt,2023-09-24,Standard,Facebook Ads,2131,710,Medium,True,True
875,Mrs Amanda Wright,ricemaria@example.org,1977-06-10,Female,South Jonathanstad,Mozambique,2025-04-02,Premium,Organic,9975,657,Medium,True,False
876,Melissa Summers,mariaturner@example.org,1998-06-19,Female,Rhodeshaven,French Southern Territories,2024-04-27,Standard,Google Ads,2013,723,Medium,True,False
877,Dr Nicholas Hope,kimberleycampbell@example.org,1984-10-23,Female,New Ruthville,Niue,2023-09-28,Standard,Organic,2252,684,Medium,True,False
878,Rachel Hunter,benjamin12@example.org,1963-10-15,Male,Burtonchester,Saint Helena,2025-08-05,Standard,Google Ads,2976,617,High,True,False
879,Leigh Price,popeconnor@example.net,1967-02-05,Female,West Frances,Ethiopia,2026-01-17,Standard,Referral,4005,698,Medium,True,False
880,Dr Frederick Anderson,rosiehunt@example.com,1976-03-03,Female,Lloydmouth,Lesotho,2025-02-19,Standard,Facebook Ads,2728,796,Low,False,False
881,Ms Amelia Parker,ruthscott@example.com,1952-07-03,Male,Palmerchester,Japan,2025-06-20,Standard,Organic,4393,641,High,True,False
882,Colin Craig,joan16@example.org,1948-01-29,Male,West Joelstad,Costa Rica,2025-05-31,Standard,Organic,2391,675,Medium,True,False
883,Carolyn Curtis-Collins,coatesaaron@example.org,1993-06-08,Male,Clarkbury,Palestinian Territory,2026-04-16,Standard,Referral,3868,692,Medium,True,False
884,Miss Victoria Smith,aowen@example.com,1975-09-05,Female,Francisburgh,Singapore,2023-07-25,Standard,Google Ads,2236,730,Medium,True,False
885,Mrs Charlotte Bowen,holly02@example.org,1958-03-21,Female,Nigelborough,Congo,2025-04-15,Standard,Organic,3021,712,Medium,True,False
886,Terence James,stacey18@example.org,1998-04-21,Female,Aaronborough,Hungary,2023-07-21,Premium,Organic,10086,763,Low,True,False
887,Allan Ward,hughdale@example.org,1986-07-10,Female,Iantown,Barbados,2023-12-26,Standard,Referral,2847,754,Low,True,False
888,Anne West,terrylewis@example.org,1952-07-08,Male,Sophiestad,Georgia,2024-03-07,Business,Organic,21107,684,Medium,True,False
889,Dr Craig Moran,mooresarah@example.net,1964-07-01,Male,North Bradleyshire,Niger,2026-03-29,Standard,Google Ads,2232,704,Medium,True,False
890,Edward Walker-Mellor,johnsonkieran@example.org,1972-01-31,Female,South Abigailfort,Australia,2024-03-21,Premium,LinkedIn,6649,819,Low,True,False
891,Irene Jones-Williams,pbrown@example.net,1967-01-22,Female,East Lynda,Egypt,2023-07-29,Standard,Referral,1858,687,Medium,True,True
892,Brenda Smith-Johnson,joelsmith@example.net,1980-12-15,Non-Binary,Jonesville,Congo,2026-05-05,Standard,Organic,2361,812,Low,True,False
893,Georgina Hughes,benmorris@example.com,2006-04-24,Female,South Leefort,Micronesia,2023-10-15,Standard,Facebook Ads,3516,703,Medium,True,False
894,Elliot Gray-Holloway,edwardsnatalie@example.org,1993-11-13,Male,Williamsfort,Indonesia,2026-02-10,Standard,Google Ads,2972,842,Low,True,False
895,Frances Jones,hughesjune@example.com,2000-01-07,Male,Howeton,Dominica,2024-10-20,Standard,Google Ads,2645,587,High,True,False
896,Jacob Hayward,flemingmarie@example.org,1999-04-25,Female,Lake Yvonnefort,Togo,2026-01-18,Standard,LinkedIn,4696,680,Medium,True,False
897,Dr Hayley Begum,bethanywatts@example.net,1948-11-04,Male,Jacksonville,Haiti,2023-12-26,Standard,Google Ads,3060,797,Low,True,False
898,Jade Williamson,emma11@example.net,1977-11-08,Male,Karlshire,Belize,2025-07-22,Standard,Organic,3239,626,High,True,True
899,Mr Bradley Coleman,donnahughes@example.org,1971-06-22,Female,West Jamieborough,Swaziland,2024-10-13,Standard,Google Ads,4127,704,Medium,True,False
900,Jamie Gray,stokescarole@example.com,1988-03-04,Female,Browntown,Czech Republic,2026-01-20,Standard,Organic,4127,777,Low,True,False
901,Dr Cheryl McDonald,hallgraeme@example.com,1988-07-09,Male,Lake Lisaton,Nauru,2024-11-06,Premium,Referral,5992,665,Medium,True,False
902,Ms Frances Blackburn,owen80@example.com,1954-11-14,Female,North Charlotte,Malta,2026-03-26,Premium,Organic,11054,730,Medium,True,True
903,Holly Sinclair,wjones@example.com,1997-07-05,Female,Woodborough,Moldova,2025-09-19,Business,Google Ads,30385,703,Medium,True,True
904,Carole Hussain,jameshill@example.com,1969-08-31,Female,North Martynchester,Brunei Darussalam,2025-11-27,Business,Facebook Ads,21810,522,High,True,False
905,Dr James Reynolds,stuart92@example.org,1973-07-08,Male,Port Marie,British Indian Ocean Territory (Chagos Archipelago),2026-03-10,Premium,Organic,7413,757,Low,True,False
906,Shannon Whittaker,ellisashleigh@example.org,1970-11-28,Male,Noblemouth,Iraq,2024-03-01,Standard,Google Ads,3413,629,High,True,False
907,Daniel Singh-Hodgson,fgardiner@example.net,1950-07-08,Non-Binary,Smithberg,Cyprus,2024-03-01,Standard,Facebook Ads,3014,665,Medium,False,False
908,Oliver Moss,nicholas22@example.net,1958-03-22,Female,North Linda,Jordan,2026-05-17,Standard,Google Ads,2845,691,Medium,True,False
909,Debra Parkinson,patrick23@example.org,1951-07-04,Female,Georgiatown,Philippines,2024-03-16,Business,Google Ads,23882,757,Low,False,False
910,Glen Butler,harrismohammed@example.org,1964-10-30,Male,Smithton,United Arab Emirates,2024-08-27,Premium,Referral,5235,677,Medium,True,False
911,Jason Whitehouse,thomasharvey@example.com,1949-05-15,Male,New Normanville,British Virgin Islands,2023-10-29,Standard,Organic,4975,703,Medium,True,False
912,Donald Baker-Burrows,paulasmith@example.org,1962-11-18,Male,Joannaborough,Cambodia,2024-02-16,Standard,Google Ads,4623,812,Low,False,False
913,Denise Morris,cstevenson@example.org,1956-09-25,Male,North Callumhaven,Bulgaria,2026-04-11,Business,Referral,26772,780,Low,True,False
914,Jacob Taylor,cookleah@example.net,1956-04-24,Male,Johnsonview,Vietnam,2025-12-16,Standard,Google Ads,4522,603,High,True,False
915,Dr Edward Simpson,suzanne64@example.org,1991-08-23,Male,Port Ameliashire,Mayotte,2024-09-23,Standard,Organic,4950,659,Medium,True,False
916,Miss Paula Burgess,jessicasingh@example.com,1951-06-14,Male,New Jeremyton,Serbia,2026-05-15,Premium,Referral,9060,791,Low,True,False
917,Mrs Kayleigh Mitchell,colin42@example.org,1987-01-11,Female,Hollymouth,Uruguay,2025-07-29,Premium,Google Ads,10772,532,High,True,True
918,Rosemary Palmer,taylormark@example.net,1967-08-01,Male,Lake Stuart,Micronesia,2024-06-08,Standard,Organic,2720,754,Low,True,False
919,Chloe Coles-Allan,alexandraadams@example.com,1961-03-17,Female,North Benjaminton,Saint Pierre and Miquelon,2026-05-13,Standard,Organic,4846,681,Medium,True,False
920,Tracy Barlow,kim26@example.net,1979-03-20,Male,East Kayleigh,Saint Helena,2025-11-12,Standard,Organic,3693,619,High,True,False
921,Katie Blake-White,ameliasimpson@example.net,1997-12-13,Non-Binary,New Marian,Moldova,2024-07-07,Business,Google Ads,15641,655,Medium,True,False
922,Reece Fowler-Pritchard,gemmadunn@example.com,1993-03-10,Female,Jadechester,Kyrgyz Republic,2024-09-13,Standard,Facebook Ads,2804,701,Medium,True,False
923,Brenda Norton,kirstyjones@example.com,1989-09-09,Female,New Tracey,American Samoa,2023-08-09,Standard,Referral,4262,850,Low,True,False
924,Laura Morley,edunn@example.com,1953-02-04,Female,Watsonville,Sri Lanka,2023-08-20,Standard,Google Ads,3536,601,High,True,False
925,Steven Mills,hargreavesandrea@example.org,1948-06-05,Male,North Daleberg,Bahamas,2024-12-19,Premium,Google Ads,7668,718,Medium,True,True
926,Teresa Green,elizabeth32@example.org,1956-01-23,Female,Ellieside,Yemen,2026-04-11,Standard,Organic,1861,772,Low,True,False
927,Jacqueline Todd-Wilson,wrussell@example.org,2001-08-02,Female,East Rebeccaview,Tajikistan,2026-01-15,Standard,Google Ads,4450,622,High,True,False
928,Margaret Flynn-Hussain,graham99@example.com,1947-09-11,Female,South Mohammad,Grenada,2025-07-24,Premium,Facebook Ads,9976,728,Medium,True,False
929,Mrs Lynne Brown,cherylnicholson@example.net,1948-11-07,Male,Francisberg,Togo,2025-02-22,Standard,Google Ads,4223,602,High,True,False
930,Mohammed Harris,nicolaward@example.org,1953-02-28,Female,New Kimberley,Comoros,2023-09-09,Premium,Referral,10008,610,High,True,False
931,Kim Brown-Willis,dannycole@example.net,1960-04-18,Male,North Rhys,Armenia,2026-04-06,Premium,Google Ads,5974,724,Medium,True,True
932,Alexandra Fuller,hilljenna@example.net,1978-01-12,Female,Simpsonfort,Qatar,2026-04-28,Standard,Organic,2009,700,Medium,True,False
933,Sophie Elliott,wilkinsonjeremy@example.net,1953-08-04,Female,Prestonview,Cayman Islands,2024-02-14,Premium,Organic,5393,703,Medium,True,False
934,Megan Smith,smithjacob@example.net,1986-12-26,Male,West Dale,Equatorial Guinea,2024-03-07,Standard,Referral,2775,782,Low,True,False
935,Dr Ashley Black,watsonclare@example.net,1981-04-28,Female,West Lesliemouth,Guam,2024-09-29,Standard,Referral,3116,739,Medium,True,True
936,Tina Watson,duncan00@example.com,1952-02-23,Male,Eleanormouth,Costa Rica,2025-09-29,Business,LinkedIn,31445,703,Medium,True,False
937,Gerard Robinson,smatthews@example.net,1988-08-17,Male,North Jasmineburgh,Kenya,2023-06-30,Standard,Facebook Ads,3241,850,Low,True,False
938,Shaun Humphries,vbyrne@example.org,1965-09-04,Non-Binary,North Lesley,Niger,2025-01-24,Premium,Referral,10791,690,Medium,True,False
939,Annette Price,williamslynda@example.net,1982-05-03,Female,East Eleanor,Mozambique,2025-10-30,Premium,Google Ads,5356,758,Low,True,False
940,Denise Adams,leslie11@example.org,1972-07-19,Female,Lake Janetview,Brunei Darussalam,2025-06-25,Standard,Google Ads,4150,850,Low,True,False
941,Matthew Glover-Hodgson,petergould@example.com,1982-01-25,Male,East Malcolmstad,Saudi Arabia,2024-04-24,Standard,Google Ads,2488,677,Medium,True,False
942,Graham Gray,kclarke@example.org,2005-10-16,Female,Hollandfurt,Angola,2023-07-11,Premium,Organic,9406,688,Medium,True,False
943,Kelly Cox-Bolton,jillrandall@example.net,1957-07-29,Male,South Katiemouth,Indonesia,2023-12-11,Standard,Facebook Ads,2689,597,High,True,True
944,Janet Wheeler,jennawarner@example.org,1962-12-23,Female,New Davidview,Cayman Islands,2023-12-16,Standard,LinkedIn,3219,775,Low,True,False
945,Alexandra White,heather93@example.com,2006-05-14,Male,Adamsburgh,South Africa,2024-07-14,Premium,Facebook Ads,6382,644,High,True,True
946,Nicole Hurst,leon71@example.com,2002-12-10,Female,Smithmouth,Sudan,2025-08-14,Standard,Facebook Ads,2766,647,High,True,False
947,Bryan Summers,kenneth68@example.net,1999-02-01,Female,West Lynne,Guatemala,2026-03-09,Premium,Facebook Ads,5572,699,Medium,True,False
948,Mrs Ashleigh Brady,philipsullivan@example.com,1998-07-24,Male,New Lindseyland,Zimbabwe,2024-02-26,Standard,LinkedIn,3396,788,Low,True,False
949,Clare Austin,declan37@example.org,1988-01-21,Male,South Rita,Venezuela,2023-07-21,Standard,Organic,4377,768,Low,True,False
950,Elliott Lowe,joannabanks@example.net,1945-12-21,Female,New Conorland,Reunion,2025-05-11,Standard,Facebook Ads,2598,766,Low,True,False
951,Yvonne Rice,ahmedmark@example.com,1994-04-10,Female,East Julia,Norfolk Island,2025-11-21,Standard,Organic,2397,581,High,True,True
952,Mr Nicholas Mason,bethan28@example.com,1981-12-31,Male,Harrisborough,Algeria,2025-01-11,Standard,Organic,4448,832,Low,True,False
953,Dr Mohamed Winter,perryglenn@example.org,1968-05-16,Female,Port Henry,Equatorial Guinea,2024-12-29,Standard,Facebook Ads,2869,736,Medium,True,False
954,Thomas Reeves-James,brookesmark@example.com,1959-12-18,Male,New Karenhaven,Uganda,2026-02-14,Premium,Google Ads,6102,718,Medium,True,False
955,Dr Ryan Buckley,carolinewilliams@example.net,1957-06-12,Male,Michaelhaven,Switzerland,2025-01-27,Premium,Facebook Ads,11020,744,Medium,True,False
956,Ben Day,victor29@example.com,1986-11-30,Female,Cooperville,United Kingdom,2026-04-04,Premium,Facebook Ads,10679,652,Medium,False,True
957,Lisa Williams,stewartbrenda@example.org,1981-06-03,Female,South Kayleigh,Norfolk Island,2025-02-09,Standard,Referral,1856,492,High,True,False
958,Hugh Dean-Hunt,qparsons@example.net,1973-05-06,Male,Jadefort,Czech Republic,2024-07-27,Standard,Organic,4002,850,Low,True,False
959,Hannah Collier,tdavies@example.net,2006-03-21,Female,North Jeremyfurt,Chile,2026-05-31,Premium,Referral,8671,575,High,True,False
960,Steven Jordan,jrowe@example.org,1999-10-07,Female,Williamsshire,Norway,2026-04-17,Premium,Referral,8264,845,Low,True,False
961,Brian White,froberts@example.org,1959-07-19,Female,West David,Pitcairn Islands,2024-01-26,Standard,Organic,2350,803,Low,True,False
962,Dr Roy Lee,wwarren@example.net,1981-05-29,Male,South Sophie,Heard Island and McDonald Islands,2023-12-29,Standard,Referral,3110,679,Medium,True,True
963,Alison Farmer,yvonnedixon@example.com,1978-05-17,Female,Bibiville,Gibraltar,2023-11-24,Premium,Organic,7462,655,Medium,True,False
964,Bethan Ward,carly89@example.com,1955-03-23,Male,Deborahberg,Lesotho,2023-09-20,Premium,Organic,8057,721,Medium,True,False
965,Jay Hughes,helenrobson@example.net,2001-05-08,Female,Lake Trevorside,Jamaica,2023-07-20,Standard,Google Ads,4841,604,High,True,False
966,Carl Turner,thomas85@example.org,2000-07-04,Female,Jacquelineborough,Timor-Leste,2025-12-18,Premium,Google Ads,8284,705,Medium,True,False
967,Heather Evans,christopheryoung@example.org,1958-12-13,Male,Keithstad,Hong Kong,2024-10-04,Premium,Referral,8153,646,High,True,False
968,Louis Tomlinson-Power,franklinrobin@example.net,1963-10-10,Female,Bryanhaven,Marshall Islands,2024-05-28,Standard,Google Ads,3031,771,Low,True,False
969,Nicola Wallis,raymondmarshall@example.org,1969-02-17,Male,New Melissa,United Arab Emirates,2024-07-22,Standard,Google Ads,4434,667,Medium,True,True
970,Frances Heath,wlee@example.com,1994-10-05,Male,Parkerchester,Congo,2024-04-19,Standard,Organic,3835,762,Low,True,False
971,Ms Jane Wyatt,tevans@example.net,1973-10-16,Male,Port Leonard,Honduras,2026-04-02,Standard,LinkedIn,2225,765,Low,True,False
972,Damian Reed-Weston,dannyoliver@example.net,1992-02-26,Female,Elainemouth,Christmas Island,2024-07-01,Premium,Referral,5307,797,Low,True,False
973,Roy Thomas,murraykerry@example.com,1947-04-01,Female,Lake Charlottefort,Antigua and Barbuda,2026-04-15,Standard,Referral,2778,755,Low,True,False
974,Claire Hughes,danielleread@example.com,1999-10-18,Male,New Richardtown,Ethiopia,2023-08-05,Premium,Google Ads,10832,722,Medium,True,False
975,Jade Peters-Knowles,mevans@example.com,1996-11-28,Male,Wilkinsonstad,Saint Pierre and Miquelon,2025-10-02,Standard,Facebook Ads,2170,850,Low,True,False
976,Jean Edwards,bsmith@example.com,1971-06-26,Male,McDonaldchester,Antarctica (the territory South of 60 deg S),2025-12-25,Premium,Organic,11843,585,High,True,False
977,Helen Reid,jemma41@example.org,1955-11-07,Non-Binary,North Shirley,Aruba,2025-07-01,Standard,Referral,3796,714,Medium,True,False
978,Lesley Walker,howellleslie@example.com,1982-10-03,Female,South Diane,Cook Islands,2025-03-12,Standard,Google Ads,3818,622,High,True,True
979,Sam Smith-Johnson,joegreen@example.com,1999-04-24,Male,South Lynda,Guernsey,2025-03-04,Standard,Facebook Ads,4766,642,High,True,False
980,Toby Marshall-Harris,pclark@example.org,1951-09-26,Female,New Tinaborough,Azerbaijan,2024-02-24,Standard,Google Ads,3265,695,Medium,False,False
981,Callum Parkinson,amanda44@example.net,1985-05-09,Male,North Alisontown,Fiji,2024-03-12,Standard,LinkedIn,2851,799,Low,True,True
982,Ms Sophie Murray,annhudson@example.net,1973-03-17,Male,Port Barry,Tonga,2023-12-21,Standard,Referral,4616,733,Medium,True,False
983,Marion Miller,woodslaura@example.com,1952-06-06,Male,South Claire,Denmark,2024-06-30,Premium,Referral,7152,540,High,True,True
984,Mrs Frances Collins,matthew13@example.com,1998-05-21,Male,North Ann,Niger,2023-07-07,Standard,Google Ads,2339,814,Low,False,False
985,Caroline Stevenson,ojones@example.net,1998-12-06,Female,East Declan,Maldives,2024-08-06,Standard,Referral,3633,745,Medium,True,False
986,Mathew Jarvis,xsmith@example.net,1985-04-09,Female,Ashleighport,Pakistan,2025-08-24,Standard,Referral,4556,525,High,True,True
987,Ms Deborah Ryan,xlee@example.org,1973-04-09,Non-Binary,Harrisonhaven,Faroe Islands,2024-03-13,Standard,Organic,4203,687,Medium,True,False
988,Samantha Barrett,bartonlynne@example.com,1947-02-13,Male,South Ashleigh,Micronesia,2026-01-04,Premium,Facebook Ads,6567,848,Low,True,False
989,Shane Miller,ashleigh10@example.com,1987-07-07,Male,New Rosston,North Macedonia,2023-12-31,Standard,Referral,3900,737,Medium,True,False
990,Gerald Jackson,mariawood@example.net,1990-04-11,Male,Lake Jeffrey,Netherlands,2024-07-27,Standard,Organic,3739,684,Medium,False,False
991,David Fuller,samuellewis@example.net,1968-01-14,Female,Allenborough,Denmark,2024-08-02,Premium,Google Ads,10234,660,Medium,True,False
992,Tina Ingram,marcswift@example.net,1976-12-09,Male,North Cheryl,Cayman Islands,2024-09-26,Standard,LinkedIn,4122,770,Low,True,True
993,Miss Hilary Davis,kmitchell@example.org,1981-12-06,Female,Singhhaven,Jamaica,2025-06-16,Standard,Organic,4975,586,High,True,False
994,Mr Ricky Smith,hollyprice@example.com,2004-01-09,Female,Nigelmouth,Bhutan,2024-04-18,Standard,Facebook Ads,2870,813,Low,True,False
995,Ms Rita Begum,phillipreed@example.com,1971-11-22,Male,Port Kerry,Japan,2025-03-09,Standard,Organic,2772,630,High,True,True
996,Amanda Richards,leah42@example.net,1949-10-05,Male,Tomville,Monaco,2024-08-03,Standard,Google Ads,4225,798,Low,True,False
997,Clifford Barton,kirbypaul@example.net,1946-04-30,Female,Normanside,Timor-Leste,2025-08-31,Standard,Referral,3985,850,Low,True,False
998,Wayne Johnson,sam34@example.com,2008-01-15,Male,Leonberg,Malawi,2025-01-24,Standard,Google Ads,4902,681,Medium,True,True
999,John Johnson,hayleyhunt@example.org,1953-11-30,Male,Smithburgh,Bahamas,2025-12-31,Standard,Organic,1818,728,Medium,True,False
1000,Geraldine Allen-Chandler,cwalker@example.org,1991-12-12,Non-Binary,Debramouth,Nauru,2025-12-22,Premium,Organic,7568,778,Low,True,False
1001,Rhys Long,alison75@example.com,1951-07-20,Male,South Carlymouth,Guatemala,2025-08-26,Standard,Facebook Ads,4981,666,Medium,False,False
1002,Stewart Pratt,orichards@example.com,1964-04-01,Female,Quinntown,Cuba,2023-08-12,Standard,Referral,4060,609,High,True,False
1003,Barbara Daniels-West,vwright@example.org,1987-02-23,Male,Pritchardborough,Reunion,2025-04-08,Standard,Organic,1876,755,Low,True,False
1004,Ms Zoe Dennis,smithamber@example.org,1955-04-22,Female,South Juliamouth,Saudi Arabia,2025-09-09,Standard,Google Ads,4948,733,Medium,True,False
1005,Guy Burrows,jfrench@example.net,2003-06-17,Female,Kevinmouth,Western Sahara,2025-09-27,Premium,Organic,8808,687,Medium,True,False
1006,Ms Nicole Gordon,braydanny@example.org,1952-10-18,Male,Leonardfurt,Yemen,2024-11-29,Premium,Google Ads,8374,700,Medium,True,False
1007,Jamie Scott,huntdouglas@example.com,2004-09-28,Male,North Janeborough,Benin,2026-05-07,Standard,Google Ads,3091,724,Medium,True,False
1008,Dr Terence Thomas,parkerphilip@example.net,1999-04-10,Male,Port Alexandershire,Kuwait,2023-09-30,Standard,Organic,3621,765,Low,False,False
1009,Donald Bailey-Lyons,ggoodwin@example.com,1991-09-13,Female,Rosieton,Azerbaijan,2024-03-21,Premium,LinkedIn,8808,678,Medium,True,True
1010,Ryan Taylor,hannah24@example.net,1982-01-19,Female,North Bernard,Dominica,2024-04-29,Premium,Referral,5939,788,Low,True,False
1011,Lisa Graham,denis05@example.net,1994-06-05,Male,Karlfort,South Africa,2026-05-04,Standard,Facebook Ads,4937,844,Low,True,False
1012,Aimee Marsh,williamsdawn@example.org,2001-04-27,Female,Callummouth,Mauritania,2025-02-02,Standard,Organic,3343,705,Medium,True,True
1013,Bryan Morris,glee@example.net,1961-08-05,Male,West Leanneshire,Western Sahara,2023-09-08,Standard,Referral,2925,615,High,True,False
1014,Jennifer Arnold,deborah91@example.com,1976-06-24,Male,Jonesshire,Afghanistan,2023-09-26,Standard,Google Ads,1932,518,High,True,False
1015,Kerry Leonard-Ali,walkerharriet@example.com,1952-08-04,Female,Annmouth,Pakistan,2024-06-25,Standard,Referral,1875,608,High,True,True
1016,Dr Darren Taylor,moorestuart@example.com,1989-04-29,Female,West Sophieshire,Costa Rica,2024-09-21,Standard,Organic,3856,764,Low,False,False
1017,Mrs Josephine Parry,katy01@example.org,1967-07-28,Male,Port Vanessashire,Jamaica,2026-05-31,Premium,Organic,8473,687,Medium,True,False
1018,Paula White,sian53@example.net,1968-10-08,Male,Elizabethside,Paraguay,2025-12-15,Standard,Referral,3179,850,Low,True,False
1019,Guy Oliver,cyoung@example.org,1990-02-06,Female,Powermouth,Sudan,2025-01-23,Standard,Organic,3315,748,Medium,True,True
1020,Hugh Allen,carly74@example.com,1945-08-01,Female,Port Lyndaberg,Niue,2023-08-09,Standard,Facebook Ads,3175,576,High,True,True
1021,Marcus Ward,lynchricky@example.org,1950-08-04,Male,West Liamside,Bhutan,2023-12-19,Standard,Facebook Ads,1946,552,High,True,False
1022,Danny Hall,qpickering@example.com,1970-03-21,Male,Harperburgh,Taiwan,2025-07-29,Premium,LinkedIn,6423,450,High,True,True
1023,Dr Raymond Warren,samuel92@example.net,1974-04-11,Male,New Jenna,Samoa,2026-01-12,Standard,LinkedIn,1871,602,High,True,False
1024,Justin Johnson,hughesgavin@example.com,1974-12-06,Female,Dominicmouth,Korea,2025-01-20,Standard,Facebook Ads,2161,699,Medium,True,True
1025,Andrea Carroll,jonesbilly@example.net,1982-12-10,Female,West Callumberg,Rwanda,2024-05-01,Standard,Organic,4974,793,Low,True,False
1026,Sophie Powell,ihawkins@example.net,1969-11-18,Non-Binary,Reevesfurt,Guinea,2024-08-19,Standard,Google Ads,4034,642,High,True,True
1027,Bruce Chambers-Bailey,browncheryl@example.org,1991-09-02,Male,Sianfurt,Vanuatu,2024-04-06,Premium,Organic,11720,672,Medium,True,False
1028,Sian Power-West,palmerjulian@example.org,1994-04-14,Non-Binary,North Lisa,Pakistan,2023-08-12,Premium,Organic,8175,629,High,True,False
1029,Mrs Kathleen Smith,ricky06@example.net,2007-02-01,Male,Margaretfurt,Peru,2025-11-10,Standard,Organic,2958,682,Medium,True,False
1030,Sheila Morgan,schofieldpatricia@example.net,1970-09-22,Male,South Colin,Ghana,2025-08-23,Standard,Referral,4927,777,Low,True,False
1031,Dr Clive Turner,uwatson@example.org,2005-12-03,Female,East Benjamin,Hong Kong,2024-10-15,Standard,Organic,1908,707,Medium,True,False
1032,Julia Lee,lauren14@example.com,1949-03-01,Male,Garrytown,Albania,2026-03-12,Standard,Referral,2809,616,High,False,True
1033,Miss Natalie Oliver,ronald61@example.net,1987-05-14,Male,Fisherchester,Tuvalu,2025-07-04,Standard,Facebook Ads,3933,748,Medium,True,False
1034,Dr Reece Jackson,sara55@example.org,1989-05-25,Female,Smithmouth,Zimbabwe,2025-02-27,Standard,LinkedIn,3655,731,Medium,True,True
1035,Charlene Carr,barryaustin@example.net,1962-09-01,Non-Binary,North Mohammed,Burundi,2026-04-30,Premium,Facebook Ads,9605,850,Low,True,False
1036,Mr Owen Wood,davidgreen@example.com,1977-12-02,Female,Lake Oliviachester,Reunion,2024-04-27,Standard,Organic,4437,619,High,True,False
1037,Mr Samuel Morgan,dawn58@example.com,1950-06-30,Male,Campbellmouth,Portugal,2024-09-07,Premium,Facebook Ads,7981,841,Low,True,False
1038,Miss Pamela Wheeler,darren62@example.com,2005-06-11,Female,New Jonathanside,Mozambique,2024-07-14,Standard,Google Ads,2659,602,High,True,False
1039,Mr Patrick Harris,denis71@example.com,1961-06-15,Male,Catherinemouth,French Southern Territories,2025-10-08,Premium,Google Ads,7169,695,Medium,False,False
1040,Mr Elliott Peacock,martin93@example.net,1993-04-27,Female,Simpsonhaven,Chad,2025-07-13,Standard,Google Ads,4915,626,High,True,False
1041,Lesley Wilkins,zrichardson@example.org,1969-12-15,Female,Lambertland,Luxembourg,2024-07-24,Standard,Google Ads,4617,703,Medium,True,False
1042,Mathew Butler-Taylor,fisherdanny@example.org,1996-10-14,Male,Lake Hollieside,Spain,2023-06-18,Standard,Google Ads,2670,508,High,False,True
1043,Raymond Green,rosie82@example.com,1993-06-06,Male,Sianbury,Moldova,2024-08-27,Standard,Google Ads,2367,771,Low,True,False
1044,Joel Tucker,wilkinsharry@example.org,1987-11-23,Male,North Jason,Senegal,2024-07-28,Standard,Organic,4058,725,Medium,True,False
1045,Jasmine Davis,omccarthy@example.org,1996-09-12,Male,Jadeborough,Venezuela,2023-07-20,Standard,Organic,2095,731,Medium,True,True
1046,Dr Rachel Austin,bcollins@example.net,1987-04-02,Female,New Clairechester,Burkina Faso,2025-08-11,Standard,Facebook Ads,2836,739,Medium,True,False
1047,Sean Butler,richardjohnson@example.com,2003-07-10,Male,Port Ashleyville,Hungary,2023-07-10,Premium,Google Ads,10744,691,Medium,True,False
1048,Abigail Glover,kwood@example.com,1993-06-15,Male,Frankborough,Anguilla,2023-11-07,Standard,Referral,3907,749,Medium,True,False
1049,Jennifer Marsden-James,joanna04@example.com,1956-02-20,Female,Huntstad,Ukraine,2026-02-27,Business,Organic,30125,555,High,True,False
1050,Emma Robson-Fowler,graceelliott@example.org,1970-08-07,Female,Elliottshire,Turkey,2024-02-08,Premium,LinkedIn,6180,721,Medium,True,False
1051,Bryan Giles,stephenmorley@example.org,1958-06-03,Male,East Frederick,Nigeria,2025-08-06,Standard,Referral,3391,570,High,True,False
1052,Vanessa Marshall,griffithstracy@example.org,1957-01-28,Male,Lake Helenport,Gabon,2025-11-23,Standard,Facebook Ads,3510,670,Medium,True,False
1053,Dr Jack Smith,charlene34@example.org,1997-03-21,Male,Smithtown,Marshall Islands,2023-07-28,Standard,Organic,4135,688,Medium,True,False
1054,Karen Cox,bpope@example.net,1950-01-31,Male,West Geraldine,Azerbaijan,2025-02-06,Premium,Facebook Ads,11382,703,Medium,True,True
1055,Vanessa Jackson,emmahutchinson@example.com,1968-11-09,Female,West Mollymouth,Tajikistan,2024-12-18,Standard,Referral,3632,850,Low,True,False
1056,Sheila Roberts,zwhite@example.net,1975-10-04,Female,Port Phillipmouth,Tanzania,2024-07-31,Standard,Facebook Ads,3424,722,Medium,True,False
1057,Shirley Thomas,pearcedennis@example.org,1987-01-23,Male,Peterview,Mexico,2024-08-04,Standard,Organic,4260,585,High,True,False
1058,Bethany Harrison,ohawkins@example.org,1947-04-19,Male,Tonyberg,Mozambique,2024-02-24,Premium,Referral,10059,772,Low,True,False
1059,Gregory Davies-Sims,katy18@example.net,1952-07-27,Male,Alimouth,Vietnam,2024-06-22,Standard,LinkedIn,2029,625,High,True,False
1060,Dr Oliver Martin,ianbarrett@example.org,1974-06-27,Male,Katieland,Lesotho,2025-04-30,Standard,Organic,4386,721,Medium,True,False
1061,John Stevens,ywright@example.org,1985-08-16,Male,Graceport,Turkmenistan,2026-02-13,Standard,Referral,2983,525,High,True,True
1062,Mr Billy Collier,joanna31@example.com,1971-01-23,Male,Dianaburgh,Kyrgyz Republic,2025-08-15,Standard,Google Ads,1911,721,Medium,True,False
1063,Bradley O'Brien,bradleygeorgia@example.org,1949-06-28,Female,North Maryberg,Cook Islands,2026-03-07,Standard,Organic,3696,822,Low,True,False
1064,Brian Bennett,jemmahall@example.net,1961-07-28,Male,Hughesbury,American Samoa,2023-07-23,Standard,Referral,4769,783,Low,True,False
1065,Nicola Burgess-Walters,watsonnorman@example.com,1979-05-24,Female,New Alexandra,Cook Islands,2024-02-27,Premium,Google Ads,11206,667,Medium,True,False
1066,Ricky Glover,hansonaimee@example.net,1989-04-30,Female,Brownton,Ethiopia,2025-02-23,Standard,Google Ads,4308,845,Low,True,False
1067,Jamie Howell,hhowells@example.net,1951-10-06,Male,Beverleyfort,Tunisia,2024-12-23,Standard,LinkedIn,4485,624,High,True,False
1068,Gillian Morgan,nichollsfrances@example.net,1974-04-22,Female,Jenkinsside,Montserrat,2025-09-17,Standard,LinkedIn,3828,720,Medium,True,False
1069,Tom Hart,bradleymyers@example.net,1947-02-23,Female,Lake Jordan,Sudan,2025-02-01,Standard,Google Ads,3366,652,Medium,True,True
1070,Cameron Wright,westhannah@example.com,2008-04-19,Male,Fionaton,Belgium,2023-07-10,Standard,Referral,4466,566,High,True,True
1071,Kerry Connolly,dobsonjoshua@example.net,1985-02-16,Male,Greenmouth,Faroe Islands,2024-05-04,Standard,Referral,4696,753,Low,True,False
1072,Laura Cole,awelch@example.org,1968-10-17,Male,Richardsfort,Djibouti,2024-08-15,Business,Google Ads,23446,841,Low,True,False
1073,Bernard Jones-Curtis,wgreen@example.com,1964-12-23,Male,East Dominicfurt,Gibraltar,2026-04-07,Standard,LinkedIn,3356,763,Low,True,False
1074,Mrs Rosemary Woods,kathryn08@example.net,1980-10-15,Male,West Catherineshire,Algeria,2024-10-03,Standard,Google Ads,4939,732,Medium,True,False
1075,Sean Cole,lewis69@example.net,1964-11-09,Female,South Dale,Cocos (Keeling) Islands,2024-01-23,Standard,Referral,3786,621,High,True,False
1076,Leanne Jones,janice15@example.net,2002-09-27,Male,Johnsonside,Saint Lucia,2024-04-23,Standard,LinkedIn,4314,755,Low,True,False
1077,Joshua Hutchinson,rileymichelle@example.net,1999-10-19,Female,West Samport,Sweden,2025-10-17,Standard,Organic,3605,745,Medium,True,False
1078,Mr Antony Webster,boothalexandra@example.org,1966-02-12,Female,New Philipfurt,Gabon,2025-04-20,Premium,Facebook Ads,10241,736,Medium,True,False
1079,Thomas Smith,janetlowe@example.org,1979-02-19,Female,New Lindseychester,Aruba,2025-06-14,Standard,Google Ads,3579,641,High,True,False
1080,Katie Morris,lorrainehall@example.net,1947-10-23,Female,Douglasfort,Saint Barthelemy,2026-06-01,Standard,Referral,2132,633,High,True,False
1081,Mitchell Shaw,tsmith@example.org,1946-11-10,Male,Port Guyfurt,Kuwait,2025-03-25,Standard,Facebook Ads,4172,500,High,True,False
1082,Mrs Lynda Williams,roger31@example.org,1974-10-31,Male,Lake Phillip,Cayman Islands,2024-12-27,Standard,Referral,3705,725,Medium,True,False
1083,Ms Michelle Pearson,bradley36@example.org,1962-02-19,Male,Port Kerry,Turkey,2025-02-23,Standard,Google Ads,4841,740,Medium,True,False
1084,Karen Stevenson,murraysarah@example.com,1999-09-07,Female,Port Kevinton,French Polynesia,2026-01-22,Standard,Google Ads,4133,693,Medium,True,False
1085,Charlie Davies,douglaswilliam@example.com,1955-11-18,Female,West Karl,Austria,2025-01-13,Premium,Organic,7503,713,Medium,False,False
1086,Miss Frances Dale,barnesleanne@example.net,1952-04-07,Female,Port Martinport,Egypt,2024-11-24,Standard,Referral,2862,494,High,True,False
1087,Mrs Ellie Fraser,pburton@example.com,1976-03-18,Female,Lawrenceburgh,Croatia,2023-10-07,Business,Google Ads,15574,530,High,True,False
1088,Stacey Walker,hilary41@example.org,1958-02-01,Male,Ireneland,Cyprus,2023-11-12,Premium,LinkedIn,11249,687,Medium,True,False
1089,Jordan Heath,yvonneward@example.net,1998-11-24,Female,Claytonview,Italy,2024-03-21,Standard,Organic,2207,680,Medium,True,False
1090,Daniel Harding,paulacooper@example.org,1989-12-16,Male,New Danny,North Macedonia,2026-05-01,Standard,Google Ads,3271,792,Low,True,False
1091,Miss Brenda Donnelly,juliaabbott@example.org,1947-05-03,Non-Binary,Lake Paula,Luxembourg,2023-12-16,Standard,Google Ads,4320,726,Medium,True,False
1092,Lee Hale-Ball,klynch@example.com,1958-01-09,Female,Carrollhaven,Korea,2024-02-29,Standard,Google Ads,2507,735,Medium,True,False
1093,Sheila Bowen,patricia99@example.org,1956-02-15,Male,Dennisbury,Grenada,2025-10-11,Standard,LinkedIn,4111,566,High,True,False
1094,Christian Vaughan,suttongareth@example.com,1967-02-20,Female,Hugheschester,Finland,2024-05-16,Premium,Google Ads,8181,716,Medium,True,True
1095,Bernard Murray,hugh21@example.org,1949-08-22,Female,Lake Jessica,Vanuatu,2025-01-04,Premium,LinkedIn,7391,657,Medium,True,True
1096,Dr Brenda Lewis,frostabbie@example.net,2006-04-23,Female,Catherineton,Mongolia,2025-07-05,Premium,Referral,8663,762,Low,True,False
1097,Ricky Anderson,connorwilliams@example.net,1969-02-10,Female,Masontown,Central African Republic,2024-06-19,Premium,Google Ads,8507,638,High,True,False
1098,Russell Bell-Gardner,wyattchloe@example.com,1972-05-11,Male,North Maureen,Libyan Arab Jamahiriya,2024-10-29,Standard,Organic,2007,810,Low,True,False
1099,Stephen Smith,gerardanderson@example.org,1964-10-19,Female,East Tonytown,Qatar,2025-07-27,Premium,Google Ads,5442,708,Medium,True,False
1100,Dr Jeffrey Chandler,idunn@example.net,1985-02-09,Male,West Iainberg,Cote d'Ivoire,2023-06-20,Standard,Referral,2489,711,Medium,True,False
1101,Tracey Walker,michaelclarke@example.com,1978-02-20,Female,West Lynda,Iran,2023-08-31,Standard,Referral,3671,715,Medium,True,False
1102,Billy Bennett,debra12@example.org,1946-10-14,Female,East Wayne,Congo,2023-10-14,Standard,Facebook Ads,4667,719,Medium,True,True
1103,Ellie Dickinson,ricky77@example.com,1993-01-16,Female,Schofieldview,Brunei Darussalam,2026-05-30,Standard,Facebook Ads,4543,605,High,True,False
1104,Teresa Evans,junepowell@example.org,2001-01-13,Male,New Toby,Saint Kitts and Nevis,2023-07-12,Standard,Google Ads,2745,718,Medium,True,False
1105,Dr Yvonne Gilbert,pbarrett@example.com,1973-12-31,Male,Jenningsview,Western Sahara,2025-08-02,Premium,Organic,6677,775,Low,False,True
1106,Gavin Clayton,glennellis@example.net,1963-11-30,Female,North Natalieburgh,Tanzania,2024-01-31,Premium,Referral,8798,710,Medium,True,False
1107,Rebecca Burton,baxtermaurice@example.org,1984-07-18,Male,Georgebury,Ghana,2025-12-14,Standard,LinkedIn,1922,765,Low,True,False
1108,Abbie Ferguson-White,georgejones@example.com,1952-04-22,Male,South Derekburgh,Cuba,2025-06-02,Standard,Referral,4575,765,Low,True,False
1109,Francesca Talbot,victoria58@example.org,1956-07-11,Female,North Abbie,Niger,2024-09-15,Standard,Facebook Ads,2012,760,Low,True,False
1110,Alex Barnes,dennis60@example.org,1970-06-08,Female,East Lesliebury,Saint Helena,2025-10-07,Standard,Organic,2687,731,Medium,True,False
1111,Gemma Webb-Jackson,suzannejohnson@example.net,1982-02-06,Male,Sallybury,American Samoa,2024-06-03,Standard,Referral,3311,703,Medium,True,False
1112,Mr Thomas Lawrence,htaylor@example.net,1950-02-01,Female,Elaineburgh,Canada,2024-09-03,Premium,Referral,7544,757,Low,True,False
1113,Dr Ricky Briggs,maxjackson@example.net,1981-10-20,Female,New Carol,Iceland,2023-11-29,Standard,Google Ads,2058,753,Low,True,False
1114,Hugh Patel,ryankatherine@example.com,1961-11-19,Female,Abdulland,Burundi,2024-10-10,Standard,Referral,2472,711,Medium,True,True
1115,Lorraine Roberts-Davies,abolton@example.com,1962-04-25,Male,Johnsonberg,Vietnam,2024-09-11,Premium,Google Ads,7386,823,Low,True,False
1116,Joan Bentley,ashtonsian@example.com,1961-12-18,Male,Loweburgh,Monaco,2023-07-08,Standard,Referral,4669,725,Medium,True,True
1117,Dr Diana Leonard,liam27@example.net,1994-07-22,Female,Cunninghamshire,Cote d'Ivoire,2024-10-01,Standard,Organic,3129,602,High,True,False
1118,Dr Garry Mitchell,smithamy@example.com,1956-02-02,Female,Nathanfurt,China,2024-11-18,Standard,Organic,4568,672,Medium,False,False
1119,Darren Sims-Morris,leedamien@example.com,1996-05-16,Female,Ashleighside,British Virgin Islands,2025-08-10,Standard,LinkedIn,3681,766,Low,True,False
1120,Beth Jones,bruce11@example.org,1963-05-11,Male,Martinmouth,Iran,2026-04-09,Standard,Google Ads,3635,671,Medium,True,False
1121,Hilary Gibson-Quinn,clarkclare@example.com,1949-05-05,Female,West Kyle,Sierra Leone,2023-10-09,Standard,Referral,2592,805,Low,False,False
1122,Linda Evans,fsmith@example.net,1953-05-03,Female,Sylviaborough,Senegal,2026-02-06,Business,Organic,17137,681,Medium,False,False
1123,Joanna Gray,scottfield@example.org,1950-02-07,Male,East Francescaland,Zimbabwe,2023-09-27,Standard,Google Ads,1987,817,Low,True,False
1124,Hazel Townsend,iwood@example.com,1972-03-20,Male,West Roytown,French Southern Territories,2023-11-15,Premium,Google Ads,5796,711,Medium,True,False
1125,Julian Elliott,dmorgan@example.com,2003-12-21,Female,North Carlystad,Cayman Islands,2025-06-16,Premium,Organic,11818,758,Low,True,False
1126,Clare Stewart,ricky14@example.org,1954-06-05,Male,Woodport,Gabon,2024-01-06,Standard,LinkedIn,3486,691,Medium,True,False
1127,Hollie O'Connor,andrewhammond@example.org,1990-07-15,Male,Lindaside,Georgia,2025-03-28,Standard,Facebook Ads,2243,709,Medium,False,False
1128,Jack Stephenson,akhtarjoan@example.com,1987-05-20,Male,East Joel,Singapore,2025-05-11,Standard,Facebook Ads,4830,741,Medium,True,True
1129,Ms Stephanie Lee,whitejoel@example.org,1999-03-20,Male,New Reecehaven,Finland,2024-12-09,Standard,Organic,4172,725,Medium,True,False
1130,Ellie Hammond,amberwood@example.net,1993-11-15,Male,Holmesfurt,Gibraltar,2026-03-27,Standard,LinkedIn,3651,654,Medium,True,False
1131,John Kirby,shawcarolyn@example.org,2006-04-08,Male,Lake Jamiebury,Afghanistan,2025-04-11,Standard,Referral,4782,711,Medium,True,False
1132,Victor Byrne,mohammedgregory@example.com,1971-12-27,Male,East Benview,Cyprus,2025-04-29,Standard,Google Ads,3685,769,Low,False,False
1133,Dr Jacob Reid,mariancampbell@example.org,1964-11-12,Male,Dannyhaven,Anguilla,2024-07-20,Standard,LinkedIn,4443,592,High,True,True
1134,Lee Cox,junelee@example.com,1988-05-12,Male,Lake Graham,Swaziland,2025-06-24,Standard,Referral,3224,668,Medium,True,False
1135,Trevor Warren,amanda98@example.org,1970-05-07,Male,New Kieranview,Bosnia and Herzegovina,2025-02-09,Standard,Google Ads,2516,789,Low,True,False
1136,Bradley Taylor,morrisdanny@example.com,1992-04-09,Male,Joelshire,Swaziland,2023-07-20,Standard,LinkedIn,4118,730,Medium,True,False
1137,Stuart White-White,kbirch@example.org,1965-08-26,Male,Port Marie,Russian Federation,2023-11-08,Standard,LinkedIn,3055,676,Medium,True,False
1138,Hazel Richardson,chelsea79@example.org,1988-05-31,Non-Binary,Charliemouth,Greenland,2025-01-15,Standard,Organic,2599,671,Medium,True,False
1139,Mohammed Bell-Parsons,ndavies@example.com,1949-03-23,Male,Baileychester,Dominica,2023-06-27,Standard,LinkedIn,3911,707,Medium,True,False
1140,Marian Smith,wilsonleanne@example.net,1979-05-13,Female,Tracymouth,Montserrat,2026-05-08,Standard,LinkedIn,1965,777,Low,True,False
1141,Dr Marc Marshall,peter42@example.org,1951-10-16,Male,Port Alexandra,Northern Mariana Islands,2023-11-28,Standard,Google Ads,4778,661,Medium,True,False
1142,Dr Edward Bates,mitchellhazel@example.org,1966-12-03,Female,South Gareth,Dominican Republic,2024-12-01,Premium,Google Ads,10292,595,High,True,False
1143,Carol Ryan,levans@example.org,1966-07-08,Male,Hicksmouth,Falkland Islands (Malvinas),2026-01-07,Standard,Google Ads,4849,786,Low,True,False
1144,Dr Elizabeth Hall,diana56@example.net,1984-05-14,Female,Baileychester,Peru,2025-11-13,Standard,Google Ads,4350,645,High,True,False
1145,Kelly Hussain,williamsonmitchell@example.org,1951-10-21,Male,North Joe,Iran,2024-04-30,Standard,LinkedIn,3592,777,Low,True,False
1146,Chelsea Anderson,crice@example.com,1976-07-03,Male,East Louisville,Lao People's Democratic Republic,2023-11-24,Standard,Facebook Ads,3662,827,Low,True,False
1147,Tracy Parker-Smith,pattersonlesley@example.com,1963-02-26,Female,Port Jasmine,Qatar,2025-06-20,Standard,Google Ads,4488,721,Medium,True,True
1148,Annette Waters,ritafrancis@example.com,2003-02-20,Male,Port Lindseyborough,Bahamas,2023-09-27,Business,Facebook Ads,29285,634,High,True,True
1149,Sian Burton,etaylor@example.com,1975-06-01,Female,New Vincenthaven,Georgia,2025-03-16,Premium,Facebook Ads,7198,850,Low,True,False
1150,Natalie Elliott,rebecca34@example.net,1968-10-13,Female,Smithview,Panama,2026-01-31,Business,Organic,33449,767,Low,False,False
1151,Callum Baker,gillryan@example.org,2001-07-20,Male,Mauricefurt,Central African Republic,2023-06-24,Standard,Organic,2349,705,Medium,True,False
1152,Denise Lawrence,pclarke@example.net,1963-11-16,Female,West Katie,Bangladesh,2025-02-03,Premium,Organic,10852,777,Low,True,False
1153,Ms Rachael Woods,gillian07@example.org,1945-09-12,Female,New Abigailmouth,Burundi,2024-04-08,Standard,Organic,2309,693,Medium,False,False
1154,Katy Harris,jillwatson@example.net,1992-02-03,Male,Wilsonport,Malta,2026-05-11,Premium,Organic,9394,663,Medium,False,False
1155,Guy Allen,lynda51@example.net,1971-12-28,Male,Michaelton,Grenada,2026-05-02,Standard,Referral,3261,652,Medium,True,False
1156,Luke Hussain-Edwards,harryjones@example.com,1967-02-09,Male,Hutchinsonshire,Dominica,2024-08-29,Premium,Referral,10794,650,Medium,True,False
1157,Annette French-Parkes,iainsmith@example.org,1991-02-22,Male,South Trevor,Japan,2025-02-25,Premium,Facebook Ads,11922,642,High,True,True
1158,Kimberley Stanley,jean34@example.net,2004-08-03,Non-Binary,Garyland,Afghanistan,2023-12-20,Standard,Organic,4517,672,Medium,True,False
1159,Ruth Hawkins-Barlow,geraldinegilbert@example.com,1946-01-23,Male,Hobbsshire,Comoros,2026-05-24,Standard,Google Ads,2615,667,Medium,True,False
1160,Leon Powell,millerterence@example.net,1986-09-17,Male,New Philipchester,Qatar,2024-06-20,Standard,Facebook Ads,3023,712,Medium,True,False
1161,Sophie Roberts,gregoryakhtar@example.org,1961-04-27,Male,Jessicaside,Finland,2023-10-10,Standard,Organic,3466,776,Low,True,False
1162,Dr Marcus Atkinson,sylvia78@example.org,1996-07-22,Male,Leahchester,Marshall Islands,2025-04-25,Premium,Referral,11981,560,High,True,False
1163,Justin Thomson,mingram@example.com,1980-03-06,Non-Binary,New Leonborough,Venezuela,2024-02-11,Premium,Facebook Ads,5532,677,Medium,True,False
1164,Ruth Cooper,carlyedwards@example.com,1963-01-25,Female,Bentleymouth,United States Minor Outlying Islands,2025-11-04,Standard,Referral,4985,660,Medium,False,True
1165,Mr Dennis Freeman,douglas68@example.com,2004-11-18,Female,East Harrietmouth,Equatorial Guinea,2024-07-21,Standard,Google Ads,3528,688,Medium,False,False
1166,Gerard Young,ipayne@example.org,2001-10-07,Female,North Duncanbury,Thailand,2025-01-29,Standard,Organic,3019,686,Medium,True,False
1167,Ryan Morgan,jonescarly@example.net,1970-07-16,Female,Joantown,Pakistan,2026-03-07,Standard,Google Ads,1974,698,Medium,True,False
1168,Cheryl Wilkinson,richardmckenzie@example.net,1973-04-01,Male,New Glennville,Burkina Faso,2024-10-30,Standard,LinkedIn,2593,672,Medium,True,False
1169,Ms Bethany Smith,vlawrence@example.org,1966-08-27,Male,Simpsonmouth,Burkina Faso,2026-05-02,Premium,Organic,10897,680,Medium,True,True
1170,Mrs Susan Williamson,marilynross@example.org,1971-09-26,Male,Lukechester,Rwanda,2025-05-26,Standard,Facebook Ads,3642,515,High,False,False
1171,Paige Stevens,fbrennan@example.com,1963-02-02,Female,North Josephinemouth,United States Virgin Islands,2026-02-12,Premium,Google Ads,9303,727,Medium,True,False
1172,Dr Owen Morris,sking@example.com,1983-09-10,Male,West Jamesville,El Salvador,2026-02-12,Premium,Organic,5819,579,High,True,False
1173,Jordan Williams,aroberts@example.org,1950-12-31,Female,Jonesland,Guinea-Bissau,2023-12-24,Premium,Organic,9550,693,Medium,True,False
1174,Ricky Richardson,amy32@example.com,1946-08-02,Male,East Bethan,Aruba,2026-04-13,Premium,Referral,11185,740,Medium,True,False
1175,Robert Gallagher,opayne@example.com,1954-02-07,Female,Liamfurt,Ukraine,2024-08-04,Standard,Organic,2208,696,Medium,True,False
1176,Max Smith-Richardson,chloe27@example.org,1984-04-15,Male,Haywardbury,Ireland,2024-08-25,Standard,Referral,4051,690,Medium,True,False
1177,Cheryl Cook,kimberley07@example.com,1955-08-27,Male,Grantfort,Congo,2023-07-05,Standard,Google Ads,3659,822,Low,True,False
1178,Lauren Dunn,hartdonald@example.com,1968-01-14,Male,Douglashaven,Belarus,2025-12-08,Standard,Facebook Ads,4165,774,Low,False,True
1179,Dr Maureen Schofield,martindean@example.com,1960-07-07,Male,Port Stephen,Falkland Islands (Malvinas),2025-10-19,Standard,Referral,2912,761,Low,True,False
1180,Lindsey Finch,ltaylor@example.net,1961-08-10,Female,South Damianville,Brazil,2023-09-07,Standard,Facebook Ads,2857,608,High,True,False
1181,Miss Patricia Turner,smithkelly@example.org,1954-03-05,Female,South Elliott,Guyana,2026-05-23,Standard,Organic,4966,719,Medium,True,True
1182,Reece Mitchell,arthurburns@example.org,2000-02-08,Female,Lake Howard,Uzbekistan,2025-01-29,Business,Organic,18976,709,Medium,True,False
1183,Terence Watts,peter43@example.com,1987-04-05,Male,Lake Josephview,Kuwait,2026-06-08,Standard,Facebook Ads,3469,667,Medium,True,False
1184,Mr Edward Lee,rachel81@example.net,2003-01-07,Male,Graemestad,Montenegro,2024-08-10,Standard,Facebook Ads,2328,757,Low,False,False
1185,Mr Joshua Brown,jmetcalfe@example.net,1988-05-26,Male,Smithfort,British Virgin Islands,2025-04-19,Standard,LinkedIn,3033,658,Medium,True,False
1186,Ruth Wells,jamesphillip@example.org,1956-11-08,Male,Stoneberg,Thailand,2024-09-22,Standard,Google Ads,2701,600,High,True,False
1187,Alison Williams,carolcoates@example.net,1959-11-24,Male,Lake Oliverstad,Norway,2024-03-02,Premium,LinkedIn,7000,632,High,True,False
1188,Miss Paula Pearson,qscott@example.net,1975-03-05,Non-Binary,Clarkeland,Croatia,2024-12-08,Standard,Referral,2523,661,Medium,True,False
1189,Michelle Wood-Edwards,toliver@example.com,1965-10-30,Male,North Diana,Bulgaria,2025-01-21,Premium,LinkedIn,7556,677,Medium,True,False
1190,Sian Griffiths-Evans,marion40@example.com,1972-03-09,Male,Josephport,Poland,2023-11-02,Standard,Organic,2518,760,Low,True,False
1191,Dr Bruce Davies,lindsey84@example.net,2001-10-14,Female,East Kieranborough,Saint Lucia,2023-08-01,Standard,Google Ads,3906,794,Low,True,False
1192,Ryan Jackson,kbooth@example.net,1980-08-24,Non-Binary,Lake Caroline,Zambia,2025-11-04,Standard,Organic,2602,598,High,True,False
1193,Colin Campbell,charltongarry@example.net,1946-09-12,Female,Kellychester,Cameroon,2024-07-16,Standard,Google Ads,3752,681,Medium,True,False
1194,Ricky Rowley,deniseturner@example.net,1991-02-01,Female,Jonesville,Kazakhstan,2025-03-26,Premium,Google Ads,11046,684,Medium,True,True
1195,Mrs Anna Cook,ymorgan@example.org,1950-02-17,Female,Port Stewartborough,Sudan,2025-09-28,Standard,Organic,3005,698,Medium,True,False
1196,Lawrence Walsh,zlewis@example.org,1998-01-02,Male,Lake Mohammad,Korea,2023-12-08,Standard,Facebook Ads,2584,808,Low,True,True
1197,Joanne Singh,leonjoyce@example.org,1965-02-18,Male,North Amanda,Belgium,2023-08-08,Premium,Google Ads,7693,789,Low,True,True
1198,Max Booth,dawn71@example.net,1945-08-16,Female,Campbellhaven,Philippines,2026-04-04,Business,Referral,23825,722,Medium,True,True
1199,Steven Turner,thompsoncatherine@example.net,1988-02-05,Female,North Graeme,Chile,2024-02-27,Premium,Organic,7727,621,High,True,False
1200,Barbara Burton-Thompson,stephenrichardson@example.org,1998-12-08,Male,Lake Natasha,Papua New Guinea,2024-04-30,Standard,Google Ads,2461,752,Low,True,False
1201,Annette Blake,smithnaomi@example.com,2002-09-19,Male,Abbieside,Chile,2025-06-10,Standard,Organic,4500,685,Medium,True,False
1202,Jemma Summers,leessusan@example.com,1945-11-07,Male,Joanchester,Netherlands Antilles,2025-07-29,Standard,Referral,3103,752,Low,True,False
1203,Stuart Turner,finchnicola@example.com,1980-01-02,Male,New Claireborough,Saint Lucia,2025-07-11,Standard,Organic,3315,771,Low,True,False
1204,Dr Graham Davis,smithdorothy@example.net,1997-07-17,Female,South Emmatown,Dominica,2026-02-07,Standard,Google Ads,2500,710,Medium,True,False
1205,Craig Harris,robert41@example.com,1948-08-24,Non-Binary,Patrickshire,Niue,2025-01-07,Premium,Referral,7666,749,Medium,True,False
1206,Georgina Hughes,lauren74@example.com,1948-09-28,Male,South Melissa,Honduras,2025-01-23,Standard,Google Ads,4952,730,Medium,True,False
1207,Dr Rhys Hale,wmcdonald@example.com,2006-04-06,Female,East Julie,Russian Federation,2024-06-24,Standard,Google Ads,2656,816,Low,True,False
1208,Bradley Hughes,alan29@example.org,1992-11-19,Female,New Geraldinefort,New Caledonia,2025-06-08,Standard,Google Ads,2107,772,Low,True,False
1209,Gerard Lucas,rhyde@example.org,1953-03-12,Male,South Liam,Macao,2025-05-04,Standard,Referral,2450,732,Medium,True,False
1210,Albert Harrison,marcus12@example.net,1945-12-11,Female,Shirleyhaven,Tanzania,2025-06-02,Premium,Organic,9829,583,High,True,False
1211,Sylvia Quinn,obriennigel@example.org,1992-10-05,Female,Port Joelchester,Kuwait,2024-05-15,Standard,Referral,4085,637,High,False,False
1212,Mr Cameron Marshall,scottkent@example.com,1972-06-28,Male,Leeview,Saint Pierre and Miquelon,2026-03-08,Standard,Google Ads,4866,716,Medium,True,False
1213,Ms Dawn Ellis,bishoplisa@example.org,1946-05-26,Male,Port Samantha,Romania,2024-04-12,Premium,Google Ads,7428,521,High,True,True
1214,Miss Amber Long,hilaryjones@example.com,2005-08-28,Male,West Joanne,Lao People's Democratic Republic,2024-11-17,Standard,Organic,3019,850,Low,False,False
1215,Marilyn Williams,fordjoel@example.org,1946-10-30,Male,Duncanfort,Azerbaijan,2025-01-15,Standard,Organic,4879,821,Low,True,False
1216,Joanna Reid-Taylor,bjennings@example.net,1986-11-06,Female,South Lindsey,Austria,2024-11-02,Standard,Organic,2434,732,Medium,True,False
1217,Dr Karl Hammond,morgangeorgia@example.org,1948-11-04,Non-Binary,Thomasbury,Slovenia,2025-04-25,Premium,Organic,10324,730,Medium,True,False
1218,Wayne Sullivan,kylehodgson@example.org,1969-04-25,Male,Justinfurt,Saint Martin,2025-01-30,Standard,Referral,4487,595,High,True,False
1219,Ricky Peters,mohammad87@example.com,2000-04-03,Female,Jakefort,Cameroon,2024-02-09,Standard,Organic,4195,600,High,True,False
1220,Gemma Hill-Jones,watkinssheila@example.net,1972-02-27,Female,Louisburgh,Gibraltar,2025-07-22,Premium,Facebook Ads,11278,674,Medium,False,False
1221,Jean Graham,gavin72@example.org,1954-02-26,Non-Binary,Lake Justinshire,British Virgin Islands,2025-05-25,Premium,Facebook Ads,8598,598,High,False,False
1222,Nathan Hancock-Mitchell,harrisjasmine@example.com,1995-10-09,Male,New Rita,Yemen,2025-11-22,Standard,Google Ads,4350,822,Low,True,False
1223,Sian Martin-Watson,hpowell@example.com,1983-10-20,Female,North Annestad,Morocco,2023-08-14,Standard,Organic,1914,664,Medium,True,False
1224,Martin Williams,wilsongeraldine@example.net,1997-06-26,Female,Elliottstad,Saint Kitts and Nevis,2023-08-24,Standard,Organic,3836,561,High,True,False
1225,Danny Davies,westalex@example.net,1994-09-11,Male,Lake Gillian,Tokelau,2024-01-07,Standard,Organic,2475,774,Low,True,False
1226,Phillip Whitehouse,abbottmaurice@example.net,1995-04-10,Male,South Leonard,Kazakhstan,2025-07-24,Premium,Google Ads,8495,762,Low,False,False
1227,Ms Zoe Smith,georgina07@example.com,1997-12-21,Male,Port Annette,Congo,2023-09-02,Standard,Facebook Ads,2472,658,Medium,True,False
1228,Olivia Hall,mohamedoliver@example.net,2004-06-22,Male,East Gerardview,Saint Pierre and Miquelon,2025-02-12,Standard,Facebook Ads,1986,625,High,True,True
1229,Dr Matthew Williamson,tracyroberts@example.org,1993-02-08,Male,Leighview,Mozambique,2023-08-11,Premium,Facebook Ads,5562,804,Low,True,False
1230,Arthur McLean,jacqueline39@example.net,1965-03-15,Female,East Toby,Finland,2024-06-14,Premium,Referral,10011,774,Low,True,False
1231,Barry Thompson,julie20@example.net,1981-08-29,Female,Eleanorport,Greenland,2024-09-28,Standard,LinkedIn,3278,666,Medium,True,False
1232,Gordon Rose,louis52@example.net,1989-10-18,Female,Sylvialand,Micronesia,2026-02-23,Premium,Google Ads,11050,702,Medium,True,False
1233,Stewart Bailey,byoung@example.com,1972-02-24,Female,Carlyview,North Macedonia,2025-05-24,Standard,Google Ads,3147,783,Low,True,False
1234,Ms Kirsty Ahmed,mccarthyvictor@example.com,1954-07-19,Non-Binary,Joelmouth,Brunei Darussalam,2023-10-08,Premium,Facebook Ads,7989,742,Medium,True,True
1235,Miss Leah Knight,jasmineking@example.org,2000-03-20,Female,Millerberg,Vietnam,2026-02-05,Standard,Referral,4118,834,Low,True,False
1236,Joel O'Brien,oliviafisher@example.net,1983-03-14,Female,Alexandraberg,Kenya,2024-05-08,Standard,Organic,2118,629,High,False,False
1237,Graeme Kelly,georginabrown@example.net,1979-12-12,Male,Lake Jakefurt,Bhutan,2024-03-27,Standard,Organic,3083,690,Medium,True,False
1238,Gerard Hunter,lauren64@example.org,1969-01-15,Male,Lake Albert,France,2026-04-23,Standard,Google Ads,2041,773,Low,True,False
1239,Nicola Brown,gjones@example.org,1946-07-11,Male,Lake Graceport,Cocos (Keeling) Islands,2024-11-11,Standard,Facebook Ads,2393,733,Medium,True,False
1240,Hayley Field,hazel64@example.org,1960-01-29,Male,South Meganberg,Algeria,2024-09-20,Premium,Referral,6860,723,Medium,True,False
1241,Mr Phillip Smith,janicemetcalfe@example.net,1987-05-03,Female,Lake Dominic,Congo,2025-03-23,Standard,Referral,4916,723,Medium,True,False
1242,Donna Wilson,roger92@example.com,1972-12-04,Male,Port Matthew,Antarctica (the territory South of 60 deg S),2024-06-19,Standard,Google Ads,3617,833,Low,True,False
1243,Dr Declan Harper,leeskayleigh@example.org,1947-08-25,Male,West Douglas,Micronesia,2024-09-30,Standard,LinkedIn,1904,602,High,True,False
1244,Jean Carter-Farmer,danny25@example.org,1969-11-20,Male,Begumland,Algeria,2024-09-03,Premium,Organic,9557,696,Medium,False,False
1245,Denis Price-Daly,wwright@example.org,1971-06-21,Female,Nicholasfurt,Guatemala,2023-08-18,Standard,Referral,2184,721,Medium,False,False
1246,Miss Sandra Simpson,tomlinsonlinda@example.net,1999-01-11,Female,South Richard,Botswana,2024-10-23,Standard,Organic,3745,791,Low,True,False
1247,Hannah Baker-Jones,vanessa61@example.com,1962-04-18,Male,East Hazelview,Poland,2023-09-02,Standard,Google Ads,2951,751,Low,True,False
1248,Ms Janice Mason,frankrobertson@example.com,1958-07-20,Male,South Lisabury,Sweden,2026-04-01,Standard,Google Ads,3979,706,Medium,True,False
1249,Eric Matthews,qwilliams@example.net,1987-01-03,Female,Annburgh,San Marino,2023-12-09,Standard,Organic,4419,839,Low,True,False
1250,Dr Bethany Howard,ufletcher@example.com,1992-07-18,Male,Port Janeport,Indonesia,2026-04-28,Standard,Facebook Ads,1931,615,High,True,True
1251,Stephen Barnes,jgreen@example.net,2000-12-07,Female,South Lyndaborough,Gambia,2024-12-21,Standard,Google Ads,3725,692,Medium,True,False
1252,Declan Parker,vwhite@example.org,1977-01-06,Female,Graceport,Indonesia,2024-02-25,Standard,Google Ads,1854,702,Medium,True,True
1253,Mr Malcolm Davies,lawrencetom@example.org,1962-01-31,Female,Powellberg,Switzerland,2024-07-21,Standard,Google Ads,3867,679,Medium,True,False
1254,Mrs Bethany Hawkins,geoffreyhughes@example.net,1983-04-04,Male,Port Keithchester,China,2026-01-11,Standard,Organic,4200,774,Low,True,False
1255,Elliott Potter,qclarke@example.net,1949-01-27,Female,South Alice,Cameroon,2023-06-23,Standard,Referral,4961,707,Medium,True,False
1256,Toby Dyer,wrightbeth@example.net,2008-02-05,Female,New Callumside,Hungary,2024-05-20,Standard,Facebook Ads,2752,738,Medium,True,False
1257,Eric Sykes,portermaureen@example.org,1974-11-27,Male,Davisside,Nauru,2023-06-12,Standard,Facebook Ads,2674,768,Low,True,False
1258,Gail Harris,arnoldchristopher@example.com,1974-06-23,Female,South Guy,Brazil,2025-04-01,Premium,Referral,10664,749,Medium,True,False
1259,Mr Matthew Kemp,ellislaura@example.com,2006-03-06,Male,East Mauriceborough,Cote d'Ivoire,2025-06-22,Standard,Organic,4745,657,Medium,True,False
1260,Fiona Edwards-Wood,robertsphilip@example.net,1991-08-12,Male,South Darrenhaven,Jordan,2023-08-25,Standard,Google Ads,2706,594,High,True,False
1261,Mrs Amelia Sullivan,joannahayes@example.org,1993-03-28,Male,East Jessicamouth,Sierra Leone,2024-08-16,Standard,Organic,4942,477,High,True,False
1262,Dr Barry Walsh,teresasmith@example.net,1963-08-25,Female,Shepherdburgh,Turkey,2023-06-19,Standard,Organic,2326,617,High,True,False
1263,Ronald Dawson-Mason,donna06@example.org,1959-04-18,Female,South Scott,Nepal,2024-04-26,Standard,Referral,2378,714,Medium,True,False
1264,Mrs Megan Saunders,lturner@example.org,1982-07-23,Male,West Sophie,Lithuania,2024-03-21,Standard,Google Ads,3402,729,Medium,True,False
1265,Mr John Harrison,alisonjones@example.com,1998-09-30,Male,New Ianhaven,Barbados,2024-05-10,Standard,Organic,3356,650,Medium,True,False
1266,Tom Robinson-Johnson,priceamber@example.net,2002-12-30,Male,Heatherport,Bahamas,2024-01-18,Standard,LinkedIn,4752,761,Low,True,False
1267,Deborah Roberts,pamelacarter@example.com,2005-03-05,Female,Lake Maureen,Niue,2024-02-13,Standard,Google Ads,4877,758,Low,True,False
1268,Liam Brown,agough@example.net,1969-12-03,Male,Timothymouth,Gambia,2024-12-06,Standard,Organic,2842,642,High,True,True
1269,Stuart Williams,elaine08@example.org,1950-12-30,Male,East Kevin,Peru,2024-06-03,Standard,Google Ads,1985,734,Medium,True,False
1270,Suzanne Hunter,fflynn@example.com,1955-03-09,Male,West Clare,Nepal,2025-05-12,Standard,Organic,4964,642,High,True,False
1271,Joe Chambers,saundersgordon@example.org,1951-03-28,Female,North Leonardborough,Guinea-Bissau,2023-10-21,Standard,LinkedIn,3935,626,High,True,True
1272,Mr Adam Jones,kerry57@example.org,1985-01-14,Female,Lake Katieview,Cameroon,2024-06-05,Standard,LinkedIn,3413,642,High,True,False
1273,Jemma Ali-Bird,joannagibson@example.com,1990-09-30,Non-Binary,Jessicatown,Turkey,2024-05-15,Standard,Referral,2983,574,High,True,False
1274,Paula Matthews,kerry51@example.com,1986-07-20,Male,East Matthewfurt,Egypt,2025-01-06,Standard,Organic,2647,680,Medium,True,False
1275,Jack Cox-Cooper,davisonbradley@example.com,1948-06-10,Female,Port Terryberg,Mauritius,2026-01-27,Standard,Referral,4179,753,Low,True,False
1276,Dr Roger Little,daviesashleigh@example.org,1957-12-02,Female,Port Jamieton,Korea,2024-07-10,Standard,Organic,3476,789,Low,True,False
1277,Antony Oliver-Hobbs,oliverbailey@example.com,1952-03-17,Female,Lake Robin,Cape Verde,2026-05-04,Premium,Google Ads,5530,719,Medium,True,True
1278,Natalie Cartwright,katiesmith@example.com,1981-04-18,Male,New Marie,Chad,2025-08-25,Standard,Organic,3935,700,Medium,True,True
1279,Georgina Harris,douglasward@example.com,1966-09-30,Female,Glennfort,Nepal,2023-08-27,Standard,Referral,2544,574,High,True,False
1280,Joseph White,alexandratalbot@example.com,1997-04-09,Male,West Naomiport,Uruguay,2024-10-02,Premium,Facebook Ads,5839,678,Medium,True,False
1281,Andrew Green,qspencer@example.org,1982-08-09,Male,Hortonville,Pakistan,2025-05-28,Standard,Referral,2486,606,High,True,False
1282,Elliott Hill,amber59@example.com,1987-12-29,Female,Walshberg,Mauritius,2025-01-26,Premium,Referral,10976,716,Medium,True,False
1283,Mr Charlie Smith,jessicagoddard@example.org,1981-03-20,Male,South Lydia,Hong Kong,2024-03-12,Premium,Referral,7667,545,High,True,False
1284,Ms Sylvia Harris,linda08@example.org,1986-04-29,Female,Stanleyburgh,Zambia,2024-12-11,Standard,Organic,2683,590,High,True,False
1285,Dr Brian Price,ldavis@example.com,1988-12-08,Female,Port Trevor,Cook Islands,2026-03-12,Premium,LinkedIn,8709,756,Low,True,False
1286,Ms Kate Fisher,benjaminduffy@example.net,1973-03-03,Male,Rosemaryburgh,Cayman Islands,2026-03-20,Standard,Referral,2081,762,Low,True,False
1287,Craig James,charlesjenkins@example.com,2004-10-28,Female,North Kirstyview,Yemen,2023-08-25,Standard,Google Ads,2565,850,Low,True,False
1288,John Wood,zoe68@example.org,1961-11-02,Female,North Peterton,Lesotho,2025-11-16,Standard,Organic,4140,481,High,True,False
1289,Glenn Watts-Baker,craig86@example.net,1994-04-01,Female,North Lorraine,Morocco,2024-06-06,Standard,LinkedIn,4832,590,High,True,False
1290,Miss Jodie Kerr,afoster@example.com,1982-07-04,Male,Thompsonstad,Uruguay,2025-04-10,Standard,Google Ads,2319,657,Medium,True,False
1291,Mr Glen Bolton,edwardsclare@example.net,1948-10-11,Non-Binary,East Stewart,Namibia,2026-04-11,Premium,LinkedIn,8093,651,Medium,True,False
1292,Beth Khan,gordonwilliams@example.net,1969-01-17,Female,Gillianmouth,Saint Barthelemy,2025-11-27,Standard,Google Ads,4677,764,Low,True,True
1293,Dr Daniel Dunn,xthomas@example.com,1953-12-17,Male,Gillland,Solomon Islands,2023-12-14,Standard,LinkedIn,2993,585,High,True,False
1294,Holly King,khanvanessa@example.net,1955-10-05,Female,McCarthyhaven,Seychelles,2024-11-01,Standard,LinkedIn,2400,724,Medium,True,False
1295,Dr Norman Stevens,helenedwards@example.net,1988-07-30,Female,Hicksmouth,Antigua and Barbuda,2026-03-02,Standard,Google Ads,2379,575,High,True,False
1296,Dr Harriet Atkins,natkinson@example.com,1962-02-09,Female,Brucefort,Monaco,2024-05-14,Premium,Referral,6670,753,Low,True,False
1297,Gerald Lee,andrewsconor@example.net,1989-02-21,Female,North Reeceburgh,Turkey,2023-10-21,Standard,Organic,4883,625,High,False,False
1298,Roger Clarke-Nicholls,griffithsgordon@example.com,1962-08-07,Male,Barberburgh,Lesotho,2025-07-08,Standard,Facebook Ads,3332,818,Low,True,False
1299,Kieran Davis,katherineatkinson@example.net,1972-05-11,Female,Susanmouth,Mali,2023-12-18,Premium,Facebook Ads,9492,652,Medium,True,False
1300,Anthony Chadwick-Lewis,susanjones@example.org,1959-11-23,Female,Port Rickyberg,Cocos (Keeling) Islands,2026-05-17,Standard,LinkedIn,4343,706,Medium,True,False
1301,Georgia Turner-Thomas,aimeewilliams@example.com,1978-03-22,Female,Bishopfort,Luxembourg,2025-04-29,Standard,LinkedIn,2517,850,Low,False,False
1302,Karen Hussain,iwood@example.org,1981-07-15,Male,Holdenport,Albania,2025-10-12,Standard,Google Ads,4254,657,Medium,True,False
1303,Jeremy Thomas,iford@example.org,1956-05-07,Male,South Garethhaven,Dominica,2025-12-11,Standard,Google Ads,2530,787,Low,True,False
1304,Ms Lydia Todd,chloe42@example.com,1949-04-26,Female,Oliviamouth,Antigua and Barbuda,2026-02-01,Premium,Google Ads,5757,538,High,True,True
1305,Ms Mandy Jones,kayphillip@example.org,1950-10-23,Non-Binary,Port Kevin,Costa Rica,2025-05-06,Standard,Organic,2461,632,High,True,False
1306,Lindsey Harris,kellybutler@example.org,1986-05-11,Male,Barbarashire,Puerto Rico,2024-08-04,Standard,Facebook Ads,3786,754,Low,True,False
1307,Henry Curtis,anthony45@example.net,1979-02-11,Female,Jennifermouth,Tonga,2023-08-03,Premium,Facebook Ads,5815,655,Medium,True,False
1308,Mrs Emma Jones,dhill@example.net,1954-10-06,Female,Bruceshire,Syrian Arab Republic,2026-05-03,Standard,Referral,2869,704,Medium,True,False
1309,Terence Patel,thompsonmargaret@example.com,2003-02-15,Male,Walterschester,Guinea-Bissau,2023-09-29,Standard,Facebook Ads,3863,733,Medium,True,False
1310,Bruce Smith,ryan14@example.net,1979-07-16,Male,Markmouth,Malaysia,2024-09-11,Standard,Referral,4260,666,Medium,True,False
1311,Duncan Dobson,yvincent@example.net,1960-09-25,Male,West Jennifer,United States Virgin Islands,2023-11-22,Premium,Referral,7198,781,Low,True,False
1312,Sean Duncan,katie23@example.net,1987-09-06,Female,Jadechester,Uruguay,2026-03-18,Standard,Google Ads,1917,768,Low,False,False
1313,Ronald Schofield,reessam@example.com,1947-02-15,Female,East Hilary,Tajikistan,2023-12-30,Standard,Referral,4669,778,Low,True,False
1314,Mr Dennis Chambers,readamber@example.net,1990-07-15,Male,Birchhaven,Iran,2024-07-03,Standard,Referral,2985,721,Medium,True,False
1315,Jason Evans-Hunt,roger00@example.com,1947-04-26,Female,Lake Harryfurt,Ireland,2025-09-17,Standard,Organic,4361,676,Medium,True,False
1316,Henry Kent-Evans,frederick77@example.com,1946-04-02,Female,South Rogerborough,Mauritius,2023-11-30,Standard,LinkedIn,3639,474,High,True,False
1317,Mr Tom Armstrong,nichollskenneth@example.com,1982-11-05,Non-Binary,Leahchester,Belize,2026-04-21,Standard,Google Ads,2052,850,Low,False,False
1318,Nathan Taylor-Martin,jcarpenter@example.net,1962-12-11,Female,East Rogerfurt,Gambia,2024-04-18,Standard,Referral,2559,665,Medium,False,False
1319,Dr Conor Cox,kheath@example.org,2002-05-12,Female,North Chelsea,Botswana,2024-12-30,Standard,LinkedIn,4497,722,Medium,True,False
1320,Eileen Marsden,robinsonclare@example.net,1986-04-28,Male,Deanville,Azerbaijan,2025-03-14,Standard,LinkedIn,4609,819,Low,True,True
1321,Mr Eric Mann,kirsty08@example.com,1952-07-19,Female,Lake Lynda,New Zealand,2024-11-02,Standard,Organic,3269,570,High,True,False
1322,Dr Dale Bishop,howard09@example.org,1986-02-28,Male,New John,Oman,2024-02-29,Standard,Google Ads,2996,567,High,True,False
1323,Barbara King-Johnson,cheryl80@example.org,1972-03-24,Non-Binary,West Meganburgh,Saudi Arabia,2026-03-27,Standard,Referral,2985,719,Medium,True,False
1324,Louis Harvey,sally40@example.com,1974-06-18,Male,South Annaside,Senegal,2024-12-06,Premium,Google Ads,8178,758,Low,True,False
1325,Mrs Emily Leach,dean08@example.org,1976-10-03,Female,Marionton,New Zealand,2024-10-28,Standard,LinkedIn,2885,684,Medium,True,False
1326,Mrs Heather Roberts,duncanbailey@example.com,1980-07-09,Male,North Mathewchester,South Africa,2023-09-22,Standard,Referral,4040,671,Medium,True,False
1327,Miss Leanne Khan,daviesharriet@example.net,1959-08-09,Female,South Damian,Syrian Arab Republic,2024-09-22,Standard,Google Ads,3967,757,Low,False,False
1328,Hilary Ford-Smart,janice65@example.org,1980-03-16,Female,Port Douglasview,Montserrat,2025-07-29,Premium,Google Ads,7548,845,Low,True,False
1329,Francesca Hunt,thomasparkinson@example.net,1958-09-04,Female,New Donnafurt,Morocco,2026-04-16,Standard,Referral,2321,674,Medium,True,False
1330,Mr Joshua Parsons,sam27@example.net,1997-11-01,Male,Smithstad,Maldives,2024-07-04,Standard,Referral,3525,694,Medium,True,False
1331,Chelsea Armstrong,darrenkelly@example.net,1977-03-21,Male,Jonesfurt,Puerto Rico,2025-02-10,Standard,Organic,4786,772,Low,True,False
1332,Annette Kelly,chapmangregory@example.org,1984-12-10,Male,East Ameliaberg,Brunei Darussalam,2025-08-12,Premium,LinkedIn,8247,681,Medium,True,False
1333,Brandon Kemp-Robinson,vjackson@example.org,1952-07-11,Female,Mistrymouth,Dominica,2024-04-04,Standard,Google Ads,2466,613,High,True,False
1334,Dr Thomas Cameron,gregory78@example.org,1988-03-02,Female,Taylorville,Saint Lucia,2025-06-02,Premium,Google Ads,10229,799,Low,True,False
1335,Dr Jay Bailey,smithjune@example.net,2007-10-23,Male,Lake Joanna,Brunei Darussalam,2024-10-05,Premium,Referral,5110,782,Low,True,False
1336,Claire Quinn,jacksondenis@example.org,1979-02-09,Male,Taylorview,Australia,2026-05-04,Standard,Organic,3038,640,High,True,False
1337,Darren Bell,zbaxter@example.org,2004-04-03,Male,New Francisland,Iran,2025-12-06,Premium,Google Ads,5722,615,High,True,True
1338,Clare Evans,xgreen@example.org,1962-12-06,Male,New Georgefurt,India,2024-08-14,Standard,Google Ads,2645,622,High,True,False
1339,Stewart Dean-Bartlett,powelledward@example.net,1953-10-18,Female,Fryhaven,Papua New Guinea,2026-03-02,Standard,LinkedIn,4331,707,Medium,True,False
1340,James Hughes,nathansmith@example.org,1974-10-21,Male,New Lawrence,Nigeria,2025-05-03,Premium,LinkedIn,7787,714,Medium,True,False
1341,Justin Hill,kerryiqbal@example.com,1980-04-23,Female,New Laurenborough,Fiji,2024-06-19,Standard,Referral,2301,678,Medium,True,False
1342,Graham Scott,greendean@example.net,2000-11-08,Male,Pricefurt,South Georgia and the South Sandwich Islands,2025-11-14,Standard,Organic,2081,662,Medium,True,False
1343,Mrs Marian Graham,charlene32@example.org,1990-03-19,Female,Begumburgh,New Caledonia,2025-05-01,Standard,Google Ads,3431,627,High,True,True
1344,Reece Fisher,xclark@example.com,1946-02-08,Female,Stephenview,United States Minor Outlying Islands,2025-04-02,Standard,Facebook Ads,2338,813,Low,True,False
1345,Guy Harvey-Nash,taylorglenn@example.net,1977-05-01,Female,South Hugh,Hungary,2024-12-26,Standard,Google Ads,2941,650,Medium,True,False
1346,Jennifer Scott,howard56@example.com,2004-03-21,Male,West Rosemaryville,Saint Kitts and Nevis,2024-12-23,Premium,LinkedIn,5184,611,High,True,False
1347,Diana Wood,qcooper@example.net,1994-03-17,Male,North Lindsey,Falkland Islands (Malvinas),2023-06-22,Standard,Facebook Ads,4274,737,Medium,True,False
1348,Lisa Watkins,martin55@example.net,2003-05-08,Male,North Lauraberg,Latvia,2025-03-18,Premium,LinkedIn,6152,850,Low,True,False
1349,Mr Denis Dunn,bethany01@example.org,2001-04-07,Female,Thomasmouth,United States Virgin Islands,2025-11-09,Standard,Referral,3681,674,Medium,True,False
1350,Miss Paige Lee,waynejones@example.org,1976-07-02,Female,New Sianton,Guernsey,2024-06-08,Standard,Referral,3487,725,Medium,True,True
1351,Dr Jordan White,malcolmwilkinson@example.org,1991-03-14,Female,Stanleyland,Kazakhstan,2025-02-16,Standard,Organic,3953,812,Low,True,False
1352,Catherine Mason-Ali,chelsea56@example.org,1986-10-01,Male,Marcusville,Hungary,2026-04-03,Standard,Organic,4914,732,Medium,True,False
1353,Trevor Lowe,frynatalie@example.net,2003-04-18,Female,Lake Derek,Tokelau,2024-11-08,Standard,Organic,3472,549,High,True,False
1354,Karen Wood,denis79@example.com,1996-04-18,Female,Stevensburgh,Hong Kong,2025-01-11,Standard,Organic,2766,794,Low,True,False
1355,Eric Saunders,christian75@example.com,1992-01-14,Male,North Louisefort,Saint Helena,2024-05-27,Standard,LinkedIn,4206,628,High,True,False
1356,Billy Dean,webbshaun@example.org,1986-01-11,Male,North Karen,Chile,2024-03-12,Standard,Organic,1937,457,High,True,True
1357,Marion Hutchinson,ijones@example.com,1979-04-07,Male,Maxstad,Micronesia,2024-03-08,Standard,Organic,3283,736,Medium,True,True
1358,Sara Griffin,elizabeth66@example.com,2004-04-24,Male,Lewishaven,Martinique,2025-06-15,Standard,Organic,1815,626,High,True,False
1359,Geoffrey Reynolds,daviessian@example.net,1961-07-28,Female,West Nicoletown,Andorra,2025-04-09,Standard,Google Ads,3367,745,Medium,True,False
1360,Mr Philip Turner,crichardson@example.org,1996-10-26,Female,Michaeltown,Aruba,2025-05-01,Premium,Facebook Ads,7769,690,Medium,False,False
1361,Mr Jacob Mills,hharrison@example.com,1959-01-21,Male,Saundersfort,Estonia,2025-02-10,Standard,Organic,4189,627,High,True,False
1362,Mrs Rita Morgan,maureenburns@example.net,1971-03-20,Female,Gloverport,France,2025-06-01,Standard,LinkedIn,4126,760,Low,False,True
1363,Miss Maureen Kelly,pmatthews@example.com,2007-09-18,Male,East Johnhaven,Bolivia,2025-07-12,Standard,Organic,3003,721,Medium,True,False
1364,Diane Nicholson,mariawatson@example.com,1957-01-13,Male,New Waynefort,Ukraine,2026-03-24,Standard,Referral,3878,716,Medium,True,False
1365,Miss Dorothy Howe,gillarthur@example.org,1959-07-18,Female,East Leemouth,Paraguay,2024-10-22,Standard,Organic,2760,559,High,True,False
1366,Charles Brown,jasminedoherty@example.com,1964-03-29,Female,Ahmedport,Slovenia,2025-08-01,Premium,Organic,5015,523,High,True,False
1367,Rosemary Hill,zoe41@example.net,2000-12-17,Female,Port Guy,United Arab Emirates,2024-11-24,Premium,Referral,6743,605,High,True,False
1368,Sam Todd,rosswilliams@example.com,1979-08-09,Female,South Valerie,Brazil,2024-01-30,Standard,Organic,2128,832,Low,True,False
1369,Shane Slater,simpsonrachael@example.net,1995-01-14,Male,Nashmouth,Samoa,2023-12-13,Standard,Referral,3863,850,Low,True,False
1370,William Anderson-Humphreys,rknowles@example.org,1983-04-12,Male,Mannstad,Timor-Leste,2023-07-12,Standard,LinkedIn,2606,704,Medium,True,True
1371,Dr Aimee Hunter,hclark@example.org,1965-09-18,Male,South Vanessa,Denmark,2023-12-14,Standard,LinkedIn,4413,760,Low,True,False
1372,Hannah Ford-Parsons,daviesamanda@example.com,1989-09-04,Male,Taylorberg,Uzbekistan,2025-05-02,Standard,Google Ads,2668,707,Medium,True,False
1373,Phillip Coleman,wrightjay@example.net,2004-01-07,Male,Fionashire,Trinidad and Tobago,2026-04-17,Premium,Google Ads,9042,756,Low,True,False
1374,Mohamed White,gmorris@example.net,1990-04-13,Male,Lake Declanside,Chad,2024-10-29,Business,Facebook Ads,15007,597,High,True,True
1375,Miss Louise Baldwin,wrogers@example.org,1991-12-10,Male,North Natashachester,Norfolk Island,2025-05-21,Standard,Organic,3180,806,Low,False,False
1376,Karl Preston,clarkdiane@example.com,2005-10-04,Male,Joannehaven,American Samoa,2023-07-13,Standard,LinkedIn,2386,633,High,True,False
1377,Mitchell Brown,karlthompson@example.com,1999-11-08,Male,North Donnaton,Puerto Rico,2025-10-14,Standard,Google Ads,3303,775,Low,True,True
1378,Dr Nicola Adams,leonforster@example.org,1979-10-01,Female,Lake Alice,Maldives,2025-06-03,Standard,Referral,2643,644,High,False,True
1379,Miss Tracey Holmes,rpatel@example.net,1958-09-23,Female,Newtonville,Estonia,2026-01-23,Standard,Facebook Ads,4937,758,Low,True,False
1380,Robin Butler,maria29@example.net,1985-09-13,Male,Sylviaberg,Iceland,2024-10-22,Premium,Google Ads,8056,596,High,True,False
1381,Helen Stanley-Bishop,lesliebutler@example.com,1970-06-12,Male,Greenton,Saint Lucia,2024-07-14,Standard,Organic,3297,697,Medium,True,False
1382,Keith Clarke,victorpatel@example.org,1969-08-05,Male,New Gavinville,Jordan,2024-07-19,Standard,Organic,3485,798,Low,True,False
1383,Frank Mitchell,tuckersara@example.org,1953-05-09,Female,South Paige,Montserrat,2025-02-13,Business,Organic,15535,608,High,True,False
1384,Charlotte Smith,taylornicole@example.org,1977-11-14,Male,Lake Connor,Paraguay,2025-02-06,Standard,Organic,4637,712,Medium,True,False
1385,Suzanne Stewart-Woods,tracyhussain@example.org,1968-03-23,Male,Charlesfort,Nicaragua,2024-06-05,Premium,Google Ads,9965,641,High,True,False
1386,Georgia Lawrence,lucyblack@example.com,1987-11-08,Female,Port Josephtown,United States of America,2026-04-22,Standard,Google Ads,4654,588,High,True,True
1387,Ashleigh Reid,hansonmelissa@example.org,1952-02-24,Male,North Jodieland,New Caledonia,2024-06-03,Premium,Facebook Ads,6923,583,High,True,False
1388,Ms Laura Barnes,mandy20@example.net,2004-09-06,Male,New Andrea,Saint Barthelemy,2023-06-26,Standard,Organic,3016,697,Medium,True,False
1389,Dr Antony Knowles,juliamitchell@example.com,1962-07-30,Male,Bradleyside,Lao People's Democratic Republic,2023-12-25,Premium,Google Ads,8451,639,High,True,False
1390,Maurice Carr,denise06@example.org,1979-11-07,Female,Port Mitchellshire,Bulgaria,2025-06-12,Standard,Referral,4829,691,Medium,True,False
1391,Mathew Fisher-Iqbal,connor89@example.org,2006-09-29,Male,Yvonneberg,Kenya,2024-05-21,Standard,Google Ads,1865,600,High,True,False
1392,Amber Hewitt,fraserstephen@example.org,1957-10-05,Male,Lake Sandra,Lao People's Democratic Republic,2024-12-20,Standard,Google Ads,2079,776,Low,True,False
1393,Anna Young,jenna50@example.com,1989-11-17,Male,Johnsonton,Brunei Darussalam,2023-08-04,Standard,Organic,2174,713,Medium,True,False
1394,Dr Bruce Evans,fordhollie@example.com,1959-01-11,Female,Knightburgh,Burundi,2024-09-14,Standard,Facebook Ads,3964,819,Low,False,False
1395,Nicola Peters,joseph75@example.net,1987-04-11,Male,Vanessaburgh,Albania,2025-11-18,Premium,Referral,10637,571,High,True,True
1396,Nicholas Hammond,yhumphries@example.org,2001-07-31,Female,Hunterborough,Botswana,2024-02-27,Standard,Google Ads,4962,731,Medium,True,False
1397,Michelle Lewis-Hunt,georgina19@example.net,1960-06-15,Male,North Amybury,Indonesia,2024-12-28,Standard,Google Ads,2306,673,Medium,True,False
1398,Dr Lorraine Taylor,rjackson@example.net,2001-04-13,Female,Michelleborough,Somalia,2024-01-17,Standard,Organic,3614,610,High,True,True
1399,Caroline Parker,julia38@example.com,2007-04-09,Male,South Anntown,Pakistan,2026-05-28,Business,Referral,23217,577,High,True,True
1400,Dr Trevor Wright,conormorton@example.org,1952-09-19,Female,East Melissa,Germany,2024-08-20,Standard,Organic,4572,656,Medium,True,False
1401,Trevor Brown-Wright,ronald82@example.com,1988-05-13,Male,South Jamesshire,Bangladesh,2026-03-07,Standard,Organic,2294,646,High,True,False
1402,Luke Ali,dianahunter@example.com,1994-09-19,Male,Damienmouth,Central African Republic,2025-10-06,Standard,Organic,4856,753,Low,True,False
1403,Kate Clarke,vking@example.org,1958-04-27,Male,Vincentbury,Tanzania,2024-04-12,Standard,Organic,2439,691,Medium,True,False
1404,Lorraine Randall,matthewsanders@example.net,1970-04-03,Female,Port Jacobbury,Pakistan,2023-12-06,Premium,Organic,8597,576,High,True,False
1405,Peter Thompson-Phillips,johnstonronald@example.net,1984-08-26,Male,Port Hazel,Anguilla,2024-07-23,Standard,Referral,3587,660,Medium,True,True
1406,Mrs Carly Hill,murraydamian@example.com,1999-10-16,Female,Smithmouth,Egypt,2025-11-06,Standard,Organic,3564,743,Medium,True,False
1407,Julia Palmer,kathleen30@example.org,1965-08-14,Female,Hicksfort,Poland,2025-02-28,Standard,Referral,1925,667,Medium,True,False
1408,Kate Stewart,thompsoncraig@example.com,1996-03-16,Female,Deanview,Angola,2024-03-16,Standard,Google Ads,2133,817,Low,True,True
1409,Dr Elaine Lane,graykathleen@example.org,1946-10-10,Male,Rosemarybury,Japan,2023-08-13,Standard,Organic,3050,730,Medium,False,False
1410,Mrs Patricia Rhodes,kieranwatson@example.org,1952-10-01,Non-Binary,West Anthony,Chad,2026-03-04,Standard,Facebook Ads,4796,814,Low,False,False
1411,Stephanie Taylor-Mason,emily40@example.com,1965-02-25,Male,New Derekmouth,Antigua and Barbuda,2023-08-25,Premium,Organic,8338,634,High,True,False
1412,Mohamed Robinson,ndavey@example.org,1971-04-19,Non-Binary,Campbellhaven,Jamaica,2025-06-02,Standard,Google Ads,2126,771,Low,True,False
1413,Leslie Humphreys,craigsaunders@example.org,1946-05-21,Female,South Simon,Sri Lanka,2023-09-19,Standard,Organic,3032,650,Medium,True,False
1414,Garry Edwards-Clarke,rachel20@example.org,2002-09-14,Male,Lake Maxland,Monaco,2024-10-20,Standard,Organic,4864,692,Medium,True,False
1415,Sheila Bradley-Wheeler,mariangreen@example.com,2000-01-21,Non-Binary,West Dominic,Kuwait,2023-10-18,Standard,Google Ads,4013,632,High,True,False
1416,Paula Tomlinson,jean44@example.org,1992-09-03,Non-Binary,Lake Kayleigh,Kyrgyz Republic,2024-01-22,Standard,Google Ads,4842,668,Medium,True,False
1417,John Lambert-Robson,aferguson@example.net,1996-08-21,Female,New Joanneton,Northern Mariana Islands,2025-08-10,Standard,Google Ads,2521,764,Low,False,False
1418,Mr Callum Ashton,kathleen01@example.com,1976-05-09,Female,Lake Phillipfort,Brunei Darussalam,2023-08-01,Standard,Google Ads,3051,642,High,True,False
1419,Fiona North,marianwilson@example.org,1949-04-04,Male,Leonardmouth,Guam,2023-11-11,Business,Facebook Ads,23698,850,Low,True,False
1420,Mr Russell Smith,bevans@example.net,1966-07-03,Male,Port Hollie,Trinidad and Tobago,2024-01-12,Standard,Referral,4465,562,High,False,True
1421,Harriet Bryant,luke74@example.com,2003-10-01,Female,Port Paulinebury,Malta,2024-07-31,Standard,Organic,2119,727,Medium,False,False
1422,Dr Elliot King,allancrawford@example.com,1949-01-11,Male,North Sophie,Korea,2026-02-06,Standard,Organic,4952,723,Medium,True,False
1423,Frederick Rhodes,harrisonelliot@example.net,1977-12-04,Male,New Janechester,Egypt,2025-11-02,Premium,LinkedIn,7713,708,Medium,True,False
1424,Garry Ball,edwardsjustin@example.org,1994-07-02,Female,South Jamie,Montenegro,2025-12-28,Standard,Referral,2765,648,High,True,False
1425,Anthony Ford,zhussain@example.com,1966-01-29,Male,North Trevor,Norfolk Island,2024-04-03,Business,LinkedIn,13126,656,Medium,True,False
1426,Bernard Adams,kevincole@example.net,1946-01-11,Female,Howardshire,Iraq,2025-12-12,Standard,LinkedIn,3104,633,High,True,False
1427,Jeremy Williams-Thomas,guyadams@example.net,1955-04-19,Female,Lake Victoriachester,Japan,2024-01-20,Premium,Organic,11782,630,High,True,True
1428,Mr Steven Warner,samanthacollier@example.org,1994-09-11,Female,Catherineville,Lebanon,2025-04-21,Standard,Facebook Ads,4633,813,Low,True,False
1429,Joyce Mahmood-Thompson,pooleolivia@example.com,1964-02-20,Female,Beverleyport,Bhutan,2024-06-14,Standard,Google Ads,3617,695,Medium,True,False
1430,Margaret Whittaker-Lawrence,billymills@example.net,1972-09-02,Male,New Phillip,Fiji,2024-06-07,Premium,Organic,7357,682,Medium,True,False
1431,Mr James Riley,fbarrett@example.com,2006-07-06,Male,Thomasmouth,Guam,2025-02-11,Standard,Facebook Ads,4826,605,High,True,False
1432,Declan Mills,austinrita@example.org,1948-01-17,Female,Pamelaburgh,Iraq,2024-11-01,Standard,Google Ads,4052,692,Medium,True,False
1433,William Thomas,zgrant@example.org,1953-10-27,Male,Harrishaven,Eritrea,2025-11-11,Standard,Google Ads,4201,682,Medium,True,False
1434,Gerard Jackson-McCarthy,welchfrank@example.net,1955-12-28,Male,Aliton,Kiribati,2024-03-06,Standard,Organic,2862,674,Medium,True,False
1435,Caroline Day,callum79@example.net,1978-08-27,Female,Carrstad,Grenada,2023-11-25,Premium,Google Ads,7316,619,High,True,True
1436,Elliot Wood,holdengeorgia@example.net,1957-10-03,Female,Lake Dianeton,Sri Lanka,2024-07-03,Standard,Google Ads,3233,631,High,True,False
1437,Joyce Andrews,gracegriffiths@example.com,2008-05-14,Female,North Lewisland,Nauru,2024-12-27,Standard,Google Ads,2001,761,Low,True,False
1438,Dr Graham Harrison,powelljamie@example.com,1958-08-14,Male,Shanehaven,Saint Martin,2023-10-23,Standard,Google Ads,3316,793,Low,True,False
1439,Andrew Buckley,sjenkins@example.net,1963-11-22,Female,Tomland,Northern Mariana Islands,2024-05-03,Standard,LinkedIn,1858,594,High,True,False
1440,Mr Louis Nixon,adamspamela@example.org,1945-06-23,Female,Mohammedville,Palau,2024-06-30,Standard,LinkedIn,4699,680,Medium,True,False
1441,Miss Tracy Harrison,lynda18@example.com,1959-09-21,Female,North Brett,Italy,2023-10-20,Standard,Organic,4534,683,Medium,True,False
1442,Kate Warner-Pearce,xwilkinson@example.org,1962-04-09,Male,Mortonchester,South Africa,2025-03-11,Premium,Referral,5919,805,Low,True,False
1443,Stephanie Goodwin,sandragreenwood@example.net,1991-09-22,Male,New Jeffrey,Qatar,2025-12-30,Premium,LinkedIn,8953,731,Medium,True,False
1444,Jasmine Glover,dianewatkins@example.net,1947-03-04,Female,South Kevin,Malaysia,2026-01-11,Premium,Google Ads,10679,606,High,True,False
1445,David Hayward,barbaracook@example.net,1998-09-24,Male,Garryhaven,Sudan,2024-06-27,Standard,Facebook Ads,4646,670,Medium,True,False
1446,Mr William Carr,nicholas82@example.com,1989-10-23,Male,New Katherine,Turkmenistan,2024-09-23,Standard,LinkedIn,2089,680,Medium,True,False
1447,Mr Gerard Bell,linda03@example.com,1984-12-16,Female,Mariahaven,British Indian Ocean Territory (Chagos Archipelago),2024-11-25,Standard,Organic,3815,599,High,False,True
1448,Mr Joseph Booth,harrisonbruce@example.com,1951-10-12,Female,Port Cheryl,Christmas Island,2025-10-21,Premium,Google Ads,7155,803,Low,True,False
1449,Andrew Holmes,paige70@example.com,1948-05-17,Male,Brownburgh,Palau,2023-07-18,Standard,Google Ads,4740,772,Low,True,False
1450,Gordon Morris-Bruce,terry79@example.net,1991-02-13,Female,West Terry,Ireland,2023-11-20,Premium,Organic,10025,692,Medium,False,False
1451,Alexander Turner,xbirch@example.com,2007-04-15,Female,Lake Jacquelineside,Serbia,2026-02-07,Standard,Referral,4566,573,High,True,False
1452,Damian Potter,maurice58@example.com,1974-09-07,Non-Binary,Lake Lyndaland,Vanuatu,2025-08-22,Business,Organic,27225,676,Medium,True,False
1453,Shaun Hobbs-Andrews,edavies@example.net,1951-07-16,Male,North Cameronborough,Indonesia,2023-09-23,Standard,Referral,2594,574,High,False,True
1454,Angela Rice-Gray,glen71@example.com,1998-10-23,Male,Masonton,Vanuatu,2023-09-19,Premium,Organic,8789,740,Medium,True,False
1455,Jack Richards,aaron39@example.net,1972-08-04,Male,Lake Lee,Gabon,2023-06-28,Standard,LinkedIn,4910,667,Medium,True,False
1456,Mrs Abigail Sims,brenda47@example.com,1997-07-12,Female,Littleton,Sudan,2024-02-20,Premium,Google Ads,11704,614,High,True,False
1457,Patricia Shah,justinwood@example.com,1970-10-20,Male,Campbellberg,British Virgin Islands,2024-02-07,Standard,Organic,3525,620,High,True,False
1458,Chloe Lawrence-Barry,oliviaking@example.org,1972-09-19,Male,Wallisview,Jersey,2025-01-18,Standard,Organic,3045,757,Low,True,False
1459,Ricky Dawson-Fletcher,zshort@example.com,1949-04-02,Male,Shaneshire,Nicaragua,2023-09-16,Standard,Referral,2253,786,Low,True,False
1460,Damian Walters,cslater@example.org,1985-05-30,Male,Jonesbury,French Guiana,2025-01-18,Standard,LinkedIn,4336,810,Low,True,False
1461,Tom Jones,donna18@example.com,1947-02-23,Male,Brianstad,Kyrgyz Republic,2024-11-29,Standard,Google Ads,3307,850,Low,True,False
1462,Tina Farrell,grayjoan@example.net,1967-05-30,Female,Mariashire,Martinique,2025-10-26,Standard,Referral,1935,679,Medium,False,False
1463,Teresa Berry,jonesfrancis@example.org,1991-10-20,Male,O'Brienville,Guyana,2025-06-28,Premium,Google Ads,7586,711,Medium,True,False
1464,Janice Martin,debranorth@example.org,1961-02-28,Male,Lewisfort,Tonga,2024-07-07,Standard,Facebook Ads,1827,711,Medium,True,False
1465,Stephen Bibi,carolinemacdonald@example.org,2008-05-23,Male,Smithside,Senegal,2024-07-28,Premium,Referral,9915,737,Medium,True,False
1466,Mathew Hughes,ameliareeves@example.com,1951-12-08,Female,Lake Paulfurt,South Africa,2023-11-03,Standard,Organic,2633,735,Medium,True,False
1467,Harry Ellis,alisonparkes@example.com,1991-06-01,Male,Jemmabury,New Caledonia,2023-07-15,Standard,Google Ads,4045,786,Low,True,False
1468,Dr John Fox,ysaunders@example.com,1966-12-02,Male,West Lesley,Luxembourg,2023-09-10,Standard,LinkedIn,3831,681,Medium,True,False
1469,Jenna Payne,welchdeclan@example.org,1997-06-18,Female,Brendaberg,Oman,2024-02-09,Standard,Organic,4666,596,High,True,False
1470,Allan Taylor-Williams,rachael74@example.org,1976-10-12,Male,Harrisonland,Syrian Arab Republic,2024-11-06,Standard,Organic,2555,674,Medium,True,False
1471,Malcolm Jones,qtaylor@example.org,1990-07-29,Female,Lake Elaine,Lesotho,2024-01-14,Standard,LinkedIn,4970,738,Medium,True,False
1472,Thomas Marshall-Thomas,justinwarner@example.org,2003-04-09,Male,Mellorstad,Albania,2023-07-11,Premium,Organic,9348,668,Medium,True,False
1473,Diana Holland-Butler,charltonholly@example.org,1954-12-03,Male,Storeyshire,Malaysia,2025-09-13,Standard,Organic,2900,598,High,True,True
1474,Mrs Jane Ali,royprice@example.net,2008-05-29,Female,Benjaminland,Oman,2024-04-15,Premium,Referral,7823,700,Medium,True,False
1475,Roy Smith,bennettmandy@example.com,1961-12-12,Male,Jessicaview,Congo,2026-01-06,Standard,Facebook Ads,4979,583,High,True,False
1476,Dr Damien Turner,henry87@example.org,1991-05-26,Male,Port Geoffreybury,India,2025-03-14,Standard,Google Ads,2564,580,High,True,False
1477,Dr Abdul Ford,dixonlynda@example.net,1966-11-18,Female,Christophertown,Mexico,2026-02-03,Standard,Organic,4659,798,Low,True,False
1478,Mr Martyn Harris,katiedavey@example.org,1962-06-07,Male,Woodstad,Thailand,2026-01-23,Premium,Google Ads,8905,628,High,True,True
1479,Ms Hilary West,tjennings@example.net,1957-06-01,Male,Kellyland,Poland,2024-02-12,Premium,Google Ads,7433,730,Medium,True,False
1480,Mr Stewart Mills,clarkclare@example.net,1984-10-05,Male,Kayville,Bermuda,2023-08-02,Standard,Google Ads,2868,679,Medium,False,False
1481,Dr Christian Nash,janet41@example.com,1973-03-05,Male,North Rosemary,Austria,2025-09-26,Standard,Facebook Ads,2195,526,High,True,False
1482,Georgina Begum-Hughes,rwatts@example.org,1947-08-07,Female,South Roy,Bouvet Island (Bouvetoya),2026-02-02,Standard,LinkedIn,2427,627,High,True,False
1483,Mr Robert Bradshaw,fhall@example.net,2007-01-03,Female,Leetown,Korea,2023-12-27,Business,Organic,22934,628,High,True,True
1484,Toby King,williamsdonald@example.com,1952-04-30,Female,Wilsonview,New Caledonia,2024-12-27,Standard,Google Ads,3837,687,Medium,True,False
1485,Dr Conor Newman,debra72@example.com,2007-04-23,Male,Wilsonbury,Armenia,2025-03-12,Standard,Referral,3598,763,Low,True,False
1486,Gail Jenkins-Price,leetaylor@example.com,1954-05-14,Male,North Rhysville,British Indian Ocean Territory (Chagos Archipelago),2026-01-15,Standard,Facebook Ads,3130,749,Medium,True,False
1487,Dr Stuart Parker,kingalexander@example.com,1957-10-24,Male,West Joannaland,Lao People's Democratic Republic,2024-11-25,Standard,Referral,3383,708,Medium,True,False
1488,Gerald Hicks,qpatel@example.org,1969-03-18,Male,Lake Bryan,Trinidad and Tobago,2023-12-04,Standard,Referral,4413,682,Medium,True,False
1489,Gregory Hunter,ihudson@example.net,1954-02-17,Female,South Tobyside,Bolivia,2023-12-28,Business,LinkedIn,19769,584,High,True,False
1490,Charlotte Clarke,jonathanpowell@example.net,1973-01-09,Female,East Sandra,United Kingdom,2026-01-06,Standard,Facebook Ads,3721,662,Medium,True,True
1491,Graham Morgan,njones@example.org,2003-01-18,Male,Jillhaven,Iran,2025-11-12,Premium,Google Ads,8414,611,High,True,False
1492,Ms Aimee Thomas,russellmegan@example.net,1988-06-05,Male,New Sally,Congo,2024-05-02,Premium,Organic,9365,716,Medium,True,False
1493,Gail Dixon,leah52@example.net,1947-06-08,Male,West Rosieville,Norway,2025-04-06,Premium,LinkedIn,8480,639,High,True,False
1494,Emily Kelly,joehunt@example.org,2007-06-07,Male,New Yvonne,San Marino,2025-12-07,Premium,Google Ads,9215,690,Medium,True,False
1495,Mrs Cheryl Hughes,phillip59@example.com,2007-12-03,Female,Port Lorraine,Svalbard & Jan Mayen Islands,2024-05-17,Standard,Organic,2261,785,Low,True,False
1496,Clifford Cooke,chadwickvincent@example.org,1967-03-25,Female,Mandyborough,Bolivia,2024-08-20,Standard,Referral,4658,655,Medium,True,False
1497,Dr Jack Marsh,pauline53@example.com,1960-09-04,Male,North Paul,Hong Kong,2023-10-19,Premium,Organic,10922,618,High,True,False
1498,Amelia Richardson,jemmaparsons@example.com,2004-09-13,Female,Port Claireside,Czech Republic,2025-09-15,Business,Google Ads,20159,768,Low,True,False
1499,Samantha Gibbons,joannatodd@example.com,1982-10-26,Female,East Carolinebury,Japan,2025-06-16,Premium,Organic,8297,702,Medium,True,False
1500,Paige Robertson-Tyler,paul81@example.com,1991-01-27,Male,North Elliott,Belize,2026-06-06,Standard,Referral,2303,834,Low,True,False
1501,Leanne Ali,brett08@example.org,2008-02-16,Male,South Martynville,Guyana,2026-02-25,Standard,Organic,2866,613,High,True,False
1502,Carly Davis-Peacock,fowen@example.com,1979-04-02,Male,North Leigh,Saint Kitts and Nevis,2025-11-19,Premium,LinkedIn,10155,727,Medium,True,False
1503,Olivia Campbell,urose@example.org,2004-05-30,Male,East Valerieberg,Swaziland,2023-10-20,Standard,Referral,4397,834,Low,True,False
1504,Dr Antony Newman,matthew17@example.com,1982-03-12,Non-Binary,South Philip,Macao,2025-02-04,Premium,Referral,7564,688,Medium,True,False
1505,Ms Melissa Bowen,lucyowens@example.net,1960-08-17,Male,Dobsonburgh,Bahamas,2026-01-17,Business,Referral,15285,588,High,True,False
1506,Miss Teresa Woodward,victor42@example.org,1965-12-18,Male,Pottschester,Brazil,2026-05-20,Premium,Organic,7143,628,High,True,True
1507,Beverley Boyle,ilee@example.net,1949-11-07,Female,Trevormouth,Jersey,2024-04-21,Standard,Facebook Ads,4277,717,Medium,True,False
1508,Naomi Ford,ujones@example.org,2002-03-31,Female,New Hayley,Switzerland,2025-08-10,Premium,Organic,10089,699,Medium,True,True
1509,Sheila Chan,charlene79@example.org,1951-12-02,Male,Rileymouth,Uganda,2023-10-11,Standard,Google Ads,2732,736,Medium,False,False
1510,Rachel Harrison,jacksonanna@example.org,1966-11-15,Female,West Chelseabury,Armenia,2024-04-19,Standard,Referral,4686,701,Medium,True,False
1511,Dr Damian Edwards,jgoddard@example.net,1971-09-26,Female,Laurenshire,United Kingdom,2025-05-02,Standard,Google Ads,2309,658,Medium,True,True
1512,Kevin James-Hancock,jeremy24@example.net,1975-04-12,Male,Port Markbury,Turkmenistan,2024-05-28,Standard,LinkedIn,2234,837,Low,True,False
1513,Max Pearson,jeanclarke@example.com,1960-11-08,Male,East Samuelport,Egypt,2023-08-19,Standard,Organic,4751,713,Medium,True,False
1514,Mrs Maria Booth,shaneahmed@example.org,1999-06-18,Male,Barbaraburgh,New Zealand,2025-01-04,Standard,LinkedIn,4694,746,Medium,True,False
1515,Lynn Wilkinson,zwilkinson@example.org,2001-01-14,Female,North Dorothystad,Saint Vincent and the Grenadines,2023-09-23,Premium,Referral,9931,782,Low,True,False
1516,Mr Kevin Turner,lisabrooks@example.com,1982-04-17,Female,Collinsmouth,North Macedonia,2026-05-15,Standard,Referral,4158,649,High,True,True
1517,Nathan Walsh,rdixon@example.org,1972-03-30,Female,Baileymouth,French Southern Territories,2025-01-31,Standard,Referral,3404,764,Low,True,False
1518,Jeffrey Blake,jeremy92@example.com,1949-10-04,Female,East Amberton,Georgia,2024-04-23,Premium,Google Ads,10322,850,Low,True,False
1519,Mitchell Davies-Bell,oliverrogers@example.net,2002-03-07,Male,Daviesmouth,Mozambique,2024-11-12,Premium,Referral,6748,707,Medium,True,False
1520,Miss Amy Lewis,iking@example.net,2003-09-26,Male,South Benjaminstad,Benin,2023-12-07,Standard,Organic,3824,656,Medium,True,False
1521,Dr Bradley Kirk,beth83@example.net,1992-11-01,Female,Duffyland,Saint Martin,2026-03-31,Standard,Organic,4315,611,High,True,False
1522,Vanessa Jones,morrishoward@example.com,2001-04-18,Female,East Kirsty,New Zealand,2025-08-21,Standard,Referral,4213,606,High,True,False
1523,Jonathan Robinson,pprice@example.org,1970-11-12,Female,New Aaronstad,Andorra,2024-09-02,Standard,Google Ads,3874,550,High,True,True
1524,Jessica Cooper,roger38@example.net,1979-01-30,Male,North Samuelburgh,Holy See (Vatican City State),2024-05-03,Business,Organic,23656,763,Low,True,False
1525,Mrs Beverley Smith,jilllawrence@example.net,2002-02-26,Female,New Elainefort,Gambia,2026-04-20,Standard,Facebook Ads,4141,653,Medium,True,False
1526,Christian Kelly,frank79@example.net,1971-10-07,Male,South Christine,Greece,2024-04-18,Standard,LinkedIn,2342,647,High,True,False
1527,Karen Thorpe,susansmith@example.com,1975-02-07,Female,Colinberg,Guernsey,2026-04-15,Standard,LinkedIn,4785,661,Medium,True,False
1528,Heather Marshall,daviesaaron@example.org,1959-10-01,Female,Lake Patrickborough,Grenada,2023-10-14,Standard,Google Ads,2497,627,High,True,False
1529,Frank Smith-Byrne,marilyn72@example.org,1987-08-25,Female,South Janet,Bosnia and Herzegovina,2023-06-27,Standard,Google Ads,2369,588,High,True,False
1530,Rachel Spencer,michellebarrett@example.net,1977-07-24,Male,West Cliffordbury,Saint Martin,2023-08-16,Standard,Referral,3716,690,Medium,False,True
1531,Fiona Poole,wayne61@example.org,1952-08-17,Female,South Annette,Portugal,2025-09-09,Premium,Facebook Ads,8090,669,Medium,True,False
1532,Lewis Patel-Howell,howardmiles@example.com,2001-07-16,Male,North Paige,Malawi,2024-03-30,Standard,LinkedIn,2144,626,High,True,True
1533,Ben Evans-Browne,samantha07@example.com,1988-05-05,Female,Johnstontown,Tuvalu,2025-02-12,Standard,LinkedIn,3086,779,Low,True,False
1534,Howard Dobson,harrietarnold@example.net,2004-12-30,Female,Janiceburgh,Belgium,2025-03-16,Premium,Referral,5100,736,Medium,True,False
1535,Brian Hicks,hblake@example.net,1961-03-30,Male,West Billy,Djibouti,2023-10-05,Premium,Facebook Ads,10406,633,High,True,False
1536,Bethany Price,lfrost@example.net,1983-05-20,Male,Lake Josh,Costa Rica,2023-10-14,Standard,Facebook Ads,3673,771,Low,True,False
1537,Mr Danny Barry,kmarshall@example.com,1990-05-30,Female,North Abdul,Saint Vincent and the Grenadines,2025-11-15,Standard,Google Ads,2990,726,Medium,True,False
1538,Dr Charlotte Khan,bstokes@example.org,1990-01-04,Female,Lake Eileenbury,Niger,2025-06-26,Standard,Referral,4897,725,Medium,True,False
1539,Dr Howard Ford,julianheath@example.net,1998-07-07,Male,Lake Alex,Cameroon,2025-08-08,Standard,Google Ads,2516,847,Low,True,False
1540,Philip Webster,gregoryadams@example.org,1955-02-02,Male,East Julian,Bahamas,2025-12-29,Standard,Referral,4831,624,High,True,True
1541,James Jennings,gavinmorgan@example.org,2000-06-23,Male,West Irenebury,Dominican Republic,2023-07-16,Premium,Organic,6107,748,Medium,True,True
1542,Robert Kennedy-Moore,lanejanice@example.net,1965-07-17,Male,Millstown,Kazakhstan,2024-05-24,Premium,Referral,8951,707,Medium,True,False
1543,Dr Mohammad Mellor,lthomas@example.org,2004-08-23,Male,Alexanderfurt,Austria,2024-05-16,Standard,Referral,4861,751,Low,True,False
1544,Dylan Lee,craig11@example.net,1976-05-08,Male,Port Owenbury,French Guiana,2025-07-21,Standard,Facebook Ads,2315,654,Medium,True,False
1545,Mr Cameron White,judith84@example.com,1986-10-31,Female,Turnbullport,Micronesia,2026-06-11,Standard,Google Ads,2892,660,Medium,True,True
1546,Carol Parker,frederickyoung@example.net,1991-08-17,Male,Greenport,Chile,2023-11-16,Premium,Organic,7417,775,Low,True,False
1547,Karen Chadwick-Peacock,parkinsonmichael@example.org,1993-02-20,Non-Binary,Brendatown,Bahrain,2024-06-06,Standard,Organic,3574,738,Medium,True,True
1548,Luke Shaw,ireneblake@example.org,1997-09-02,Male,West Katherine,Ukraine,2025-07-06,Premium,LinkedIn,5444,688,Medium,True,False
1549,Dr Kathryn Fox,traceyrandall@example.org,1975-05-03,Female,Port Christianside,Poland,2024-09-12,Standard,Organic,3230,572,High,True,False
1550,Mr Robert Thorpe,ythomas@example.org,1951-03-06,Female,North Lewis,British Indian Ocean Territory (Chagos Archipelago),2025-12-29,Standard,Organic,3525,803,Low,True,True
1551,Anne Thompson,bethanywood@example.org,1986-07-13,Female,New Graham,Lebanon,2023-07-22,Standard,Google Ads,4147,669,Medium,True,False
1552,Robert Smith,phillipsjessica@example.org,1991-02-21,Male,North Mariestad,Cape Verde,2025-03-17,Premium,Referral,9559,730,Medium,True,False
1553,Hazel Davies,hallemily@example.net,2007-06-25,Female,Morganland,Finland,2023-12-20,Standard,Organic,3096,632,High,True,True
1554,William Hill,iainrhodes@example.com,1989-02-10,Female,West Dean,Venezuela,2024-06-15,Business,Organic,22613,629,High,True,True
1555,Mrs Katherine Hussain,walkerkathryn@example.org,1957-10-05,Female,Taylorfort,Colombia,2025-10-13,Standard,Google Ads,2071,683,Medium,True,False
1556,Lydia Pearson,hilaryjohnson@example.org,1960-07-05,Male,North Laura,Tokelau,2025-08-17,Standard,Referral,4317,602,High,True,True
1557,Dr Bruce Jenkins,taylorkelly@example.org,1987-12-23,Male,Clarkburgh,South Georgia and the South Sandwich Islands,2025-03-17,Standard,Google Ads,3152,782,Low,True,False
1558,Suzanne Wood,kerry39@example.org,1968-04-06,Female,Thomasville,Estonia,2025-06-18,Standard,Organic,3596,658,Medium,True,False
1559,Marcus Hall-Mills,charleneshaw@example.com,1964-12-18,Female,Joshuaton,South Georgia and the South Sandwich Islands,2025-08-11,Premium,Referral,5678,658,Medium,True,False
1560,Anthony Coates-Vaughan,liamjones@example.net,2006-07-31,Female,North Bethany,American Samoa,2026-04-23,Standard,LinkedIn,2080,714,Medium,True,False
1561,Angela Hamilton,janice72@example.com,1957-04-14,Male,North Annette,China,2024-08-22,Premium,Organic,6772,777,Low,True,False
1562,Dr Edward Hewitt,patrick49@example.net,1988-12-26,Male,Leeshire,Estonia,2024-03-16,Premium,Facebook Ads,10571,777,Low,True,False
1563,Miss Teresa Wallace,howard71@example.net,1961-03-02,Female,Mauriceberg,Eritrea,2023-07-18,Standard,Facebook Ads,2198,593,High,True,False
1564,Miss Charlene Webb,pottergillian@example.net,2002-09-01,Female,Bakertown,France,2024-10-27,Standard,Google Ads,2235,640,High,True,False
1565,Anne Johnson,peter04@example.com,1965-10-29,Male,New Lee,Fiji,2025-12-28,Standard,Google Ads,4061,721,Medium,False,False
1566,Darren Evans,rachael01@example.com,1988-08-27,Male,Christianland,Guernsey,2025-12-14,Standard,Organic,2188,786,Low,True,False
1567,Mrs Charlotte Gordon,jharris@example.com,1946-04-05,Male,Jasmineview,Saint Pierre and Miquelon,2024-01-04,Premium,Google Ads,6059,732,Medium,False,False
1568,Dr Colin Graham,shirleyroberts@example.net,1998-11-15,Female,East Billy,Mauritius,2024-08-16,Standard,Referral,2816,797,Low,True,False
1569,Reece Lewis,michelle23@example.net,1970-05-16,Male,Greenshire,North Macedonia,2024-02-26,Standard,Google Ads,3353,800,Low,True,False
1570,Hayley Carter,wallaceteresa@example.com,2005-11-23,Male,New Melanie,Reunion,2025-02-01,Standard,LinkedIn,4813,844,Low,False,False
1571,Thomas Smith,gilescatherine@example.net,1984-08-07,Female,Browneview,Georgia,2026-01-09,Standard,Organic,2971,850,Low,True,False
1572,Katherine Matthews,berrylouise@example.org,1983-06-02,Female,West Jillside,Holy See (Vatican City State),2026-02-22,Premium,Google Ads,5157,710,Medium,True,False
1573,Mr Robin Hawkins,vgraham@example.com,1998-07-25,Female,Martinhaven,France,2025-10-05,Standard,Referral,4177,667,Medium,True,False
1574,Bernard Rahman,jjenkins@example.com,2002-01-16,Female,North Leonchester,Ghana,2024-02-25,Standard,Facebook Ads,3309,675,Medium,True,False
1575,Sean McDonald,bondnatasha@example.com,1949-02-13,Male,Lake Marian,Chile,2025-07-10,Standard,Google Ads,4286,717,Medium,True,True
1576,Gerard Middleton,bryan52@example.org,1997-10-15,Female,Lake Robertstad,Peru,2023-12-27,Standard,Organic,2965,686,Medium,True,False
1577,Miss Beverley Singh,stevenyoung@example.com,1961-07-22,Female,East Amber,Australia,2024-12-12,Standard,Facebook Ads,2459,743,Medium,True,False
1578,Mr Peter Brown,anthony59@example.net,1973-03-03,Male,Bernardmouth,Burkina Faso,2025-06-05,Standard,Facebook Ads,4271,662,Medium,True,False
1579,Irene Smith,jakesavage@example.net,1958-10-05,Non-Binary,Jacobville,Niue,2026-05-08,Standard,Facebook Ads,4977,688,Medium,True,False
1580,Eleanor Gill-Robinson,bryanwalton@example.net,2002-03-04,Male,East Elizabethfurt,Netherlands,2025-09-27,Premium,Facebook Ads,7058,699,Medium,True,False
1581,Susan Stevens,stanleylawrence@example.org,2001-03-24,Female,Hughville,Palau,2025-02-20,Standard,Organic,2211,592,High,True,False
1582,Dorothy Jones,utaylor@example.net,1955-07-14,Female,North Lynn,Saudi Arabia,2024-04-11,Standard,Google Ads,4777,716,Medium,True,False
1583,Dr Marc Holt,lkirk@example.org,1951-04-05,Female,South Joe,Christmas Island,2023-10-12,Standard,Organic,3397,609,High,False,True
1584,Josephine Carroll,garyhill@example.com,2006-12-21,Female,Carrbury,British Virgin Islands,2025-11-15,Standard,Google Ads,3762,666,Medium,True,False
1585,Jack Crawford-Rogers,smithleah@example.com,1975-07-06,Female,Albertborough,Suriname,2023-11-10,Premium,Google Ads,7355,792,Low,True,False
1586,Joshua Heath,howarthalbert@example.com,1963-10-04,Male,Lake Hazel,Lesotho,2024-08-16,Standard,Facebook Ads,4966,617,High,True,True
1587,Stephanie Vaughan-Slater,dorothy10@example.org,1967-06-24,Female,Juliemouth,United States Minor Outlying Islands,2025-11-11,Standard,Referral,3596,716,Medium,True,False
1588,Marian Tomlinson-Taylor,sam82@example.org,1948-12-18,Female,Connorchester,Portugal,2024-07-30,Premium,Organic,5676,663,Medium,True,False
1589,Derek Turner-Watts,dwalker@example.net,1970-05-21,Female,Andreaview,Qatar,2026-04-23,Standard,Facebook Ads,4486,719,Medium,True,False
1590,Caroline Carroll,amoore@example.net,1982-08-27,Male,West Alextown,South Africa,2023-12-22,Standard,Facebook Ads,4545,580,High,True,False
1591,Russell Thompson-Morrison,bentleyrita@example.com,2001-10-01,Male,Deanmouth,Yemen,2025-06-09,Premium,Referral,11643,708,Medium,True,False
1592,Lesley Khan,josh83@example.com,1952-03-15,Male,North Carol,Brunei Darussalam,2025-03-14,Standard,Referral,3900,693,Medium,True,True
1593,Lewis Robertson,edward49@example.net,1973-04-25,Female,New Cameron,Bhutan,2025-03-12,Standard,Google Ads,3398,635,High,True,True
1594,Molly Cook,jordanfletcher@example.com,1995-05-13,Female,West Denis,Netherlands Antilles,2025-06-01,Standard,Google Ads,4411,687,Medium,True,True
1595,Josephine Smith,bowenmarilyn@example.org,1962-03-20,Male,West Jeremy,Chile,2025-08-18,Standard,Referral,4524,587,High,True,True
1596,Michelle Smith-Thorpe,lwatson@example.com,1985-10-27,Male,West David,Yemen,2025-11-27,Premium,Organic,6918,563,High,True,False
1597,Martyn Crawford-Martin,alexandraday@example.net,1946-08-19,Male,Joyceburgh,Papua New Guinea,2025-12-15,Standard,Organic,2968,675,Medium,True,False
1598,Chelsea Potter,clareadams@example.com,1984-08-30,Female,Port Jacqueline,Eritrea,2023-12-11,Standard,Google Ads,1948,715,Medium,True,False
1599,Dr Terence Ellis,vanessahoughton@example.net,1975-07-15,Male,West Phillip,Spain,2024-08-18,Business,Organic,24225,694,Medium,True,False
1600,Jordan Graham,smithnaomi@example.net,1962-06-01,Female,New Marionmouth,Cape Verde,2025-06-18,Premium,Referral,8490,687,Medium,True,False
1601,Wayne Moore,lyndasims@example.com,2001-08-22,Female,Hillton,Guyana,2024-12-16,Standard,Referral,3311,671,Medium,True,False
1602,Lucy Smith,charlieholmes@example.com,1998-03-03,Female,Lake Maryland,Uganda,2024-10-27,Standard,Referral,2454,719,Medium,True,False
1603,Eileen Jones,ianthomas@example.com,1951-06-25,Male,Lake Paulineborough,Tonga,2024-01-22,Premium,LinkedIn,9670,689,Medium,False,False
1604,Mrs Lisa Scott,zmills@example.org,1971-12-15,Male,North Mohammadtown,Greece,2023-11-02,Standard,Organic,3193,667,Medium,True,False
1605,Phillip North,kellyrachel@example.org,2001-09-09,Female,Sarachester,Mauritania,2025-05-21,Standard,Organic,3776,734,Medium,True,False
1606,Mr Barry Smith,gareth93@example.net,1957-06-26,Female,Nathanmouth,Faroe Islands,2025-10-29,Business,LinkedIn,18450,664,Medium,True,True
1607,Miss Gillian Riley,jillsmith@example.net,1968-09-07,Male,Gilbertville,Ethiopia,2025-12-23,Standard,Referral,2899,792,Low,True,False
1608,Mr Kyle Hall,marynewman@example.org,1962-05-28,Female,East Gailchester,Libyan Arab Jamahiriya,2023-10-04,Standard,Google Ads,1947,686,Medium,True,False
1609,Mrs Rosie Williams,victoria16@example.com,1961-03-20,Female,Port Stephanie,Martinique,2026-04-10,Premium,Organic,9933,670,Medium,True,False
1610,Mr Gerard Smith,aimeeferguson@example.net,1990-09-01,Female,Timothybury,Argentina,2024-10-10,Standard,Organic,1971,850,Low,True,False
1611,Glen Watts,charlieharrison@example.com,1959-10-22,Female,East Rebeccafort,Belize,2025-05-19,Premium,Referral,5753,800,Low,True,False
1612,Mrs Alice Matthews,seandobson@example.net,1978-12-04,Male,Marilynshire,Cayman Islands,2025-08-12,Standard,LinkedIn,1885,795,Low,True,False
1613,Cameron Mitchell,jbanks@example.org,1972-10-26,Female,New Fionaview,Canada,2023-07-21,Standard,LinkedIn,3400,715,Medium,True,False
1614,Joanna Rowley,atkinsonalan@example.org,1950-05-18,Male,Waynemouth,Seychelles,2025-08-10,Business,LinkedIn,16988,707,Medium,True,False
1615,James Owens,parrybethan@example.com,1993-08-30,Female,Whiteside,Venezuela,2025-04-05,Standard,Organic,3681,721,Medium,True,False
1616,Dr Malcolm Barber,adamharrison@example.com,1990-09-11,Female,Lake Reece,Benin,2023-07-12,Standard,Google Ads,2703,648,High,True,True
1617,Adrian Gallagher,kingmarc@example.net,1996-08-29,Non-Binary,Lake Angelaton,Yemen,2024-08-23,Standard,Organic,2486,850,Low,True,False
1618,Patricia Dunn,brandon10@example.org,1983-02-18,Male,Wyattport,United Kingdom,2024-08-04,Standard,Organic,2239,719,Medium,True,True
1619,Kate Payne,heather95@example.net,1969-06-30,Male,Gallagherbury,Croatia,2025-03-18,Premium,Google Ads,11817,761,Low,True,False
1620,Stephen Gardner,dknight@example.net,1978-03-06,Female,Joneshaven,Comoros,2023-10-12,Premium,Facebook Ads,10378,658,Medium,True,False
1621,Mrs Emma Scott,amiddleton@example.com,2006-11-24,Female,Port Danny,Cambodia,2026-01-15,Standard,LinkedIn,3265,723,Medium,True,False
1622,Shannon Campbell,philip05@example.net,2001-04-25,Male,Evansmouth,Anguilla,2024-10-04,Standard,Google Ads,3778,710,Medium,True,True
1623,Tracey Pearce,dharrison@example.org,1983-10-01,Male,Lake Samanthamouth,Vietnam,2026-04-16,Standard,Organic,3463,625,High,True,True
1624,Dr Eleanor Gibbs,lindaevans@example.org,1994-04-22,Female,Sophieton,Namibia,2023-10-16,Premium,LinkedIn,5628,638,High,True,False
1625,Christopher Cox,elizabethchandler@example.net,1995-10-22,Male,Lake Francesburgh,Kenya,2024-02-19,Premium,Organic,9340,712,Medium,True,False
1626,Jennifer Potter,nathan84@example.com,1948-11-07,Female,Lake Lynnland,Honduras,2024-02-20,Premium,Facebook Ads,9370,771,Low,True,False
1627,Graham Green,aimeebrown@example.net,2002-07-11,Female,Lake Lorraineton,Colombia,2023-11-19,Standard,Organic,3436,690,Medium,True,True
1628,Iain Ward,jonesjoanne@example.com,1948-03-18,Male,West Kieranfort,Botswana,2024-02-23,Standard,Referral,4916,717,Medium,True,True
1629,Lucy Rogers,millsdanielle@example.org,1971-06-20,Male,Lake Iain,Grenada,2026-04-15,Standard,LinkedIn,4985,640,High,True,False
1630,Kelly Gibson-West,owen73@example.net,1949-05-21,Female,West Christianfort,Denmark,2023-11-20,Premium,Google Ads,10782,543,High,True,False
1631,Ricky Pearson,ruth45@example.org,2002-10-27,Female,Owenmouth,Malawi,2023-08-29,Standard,Facebook Ads,2955,768,Low,True,False
1632,Christian Porter,coxmichael@example.org,1979-01-28,Male,Port Mark,Seychelles,2024-03-25,Standard,Facebook Ads,4446,806,Low,True,False
1633,Connor Burke,mohammed68@example.org,1962-09-23,Female,Port Joanne,Turkmenistan,2024-01-31,Premium,Facebook Ads,8729,769,Low,True,False
1634,Kimberley Williams,robert19@example.org,1967-05-10,Male,Jamesview,Svalbard & Jan Mayen Islands,2025-10-21,Standard,Google Ads,2503,798,Low,True,False
1635,Robin Welch-Brown,carolhall@example.org,2003-11-28,Female,North Jackfort,Gambia,2026-02-02,Standard,Google Ads,4949,770,Low,False,False
1636,Charlene Clarke-Cook,georgia50@example.com,2007-10-23,Male,Cooperland,Italy,2026-03-11,Standard,Organic,1817,611,High,True,False
1637,Geoffrey Warren,parkerterence@example.com,1967-06-04,Female,Hunterbury,Reunion,2023-12-06,Standard,LinkedIn,3859,697,Medium,True,False
1638,Julian Johnson-Lewis,cookdean@example.net,1992-04-05,Female,North Kerryton,Andorra,2024-07-27,Premium,Referral,11569,814,Low,True,False
1639,Joshua Newton,robert41@example.com,1950-07-16,Male,Hugheshaven,Liechtenstein,2026-01-14,Standard,Referral,1878,687,Medium,True,True
1640,Gary Kelly-Hall,sandramoore@example.com,2006-02-06,Male,Lambertbury,Montenegro,2026-02-19,Premium,Facebook Ads,9133,695,Medium,True,False
1641,Mr Brian Holland,kellyduncan@example.net,2007-12-23,Male,Port Joshuaberg,Martinique,2026-03-03,Premium,Facebook Ads,9901,691,Medium,True,False
1642,Valerie Benson,sam98@example.com,1985-05-18,Female,Bernardmouth,French Guiana,2026-02-02,Premium,LinkedIn,9177,643,High,True,False
1643,Dennis Spencer,coopereileen@example.net,1945-07-05,Non-Binary,West Joannaberg,Palestinian Territory,2024-08-25,Standard,Google Ads,4412,593,High,True,False
1644,Victor Matthews,christopher10@example.org,1971-04-23,Female,East Graeme,Timor-Leste,2023-10-02,Standard,Organic,1894,613,High,False,False
1645,Dr Stuart Parker,martinmurray@example.net,1981-02-02,Female,West Junehaven,Slovenia,2024-12-08,Premium,Google Ads,9950,739,Medium,True,False
1646,Daniel Parker-Watson,nwhittaker@example.com,1978-01-18,Female,West Nicolefurt,Antarctica (the territory South of 60 deg S),2023-12-19,Premium,Referral,11180,544,High,True,False
1647,Frederick Davey,jamessam@example.com,1948-05-27,Male,West Eileenland,Guatemala,2026-04-15,Standard,Facebook Ads,4769,641,High,True,False
1648,Lisa Dennis,urice@example.com,1971-11-14,Female,Lloydton,Wallis and Futuna,2024-10-30,Standard,Google Ads,4106,688,Medium,True,False
1649,Mr Joshua Booth,rthompson@example.com,1983-12-10,Male,Toddland,British Virgin Islands,2024-07-15,Premium,Google Ads,5630,827,Low,True,False
1650,Miss Carole Carter,hayleybaker@example.net,2006-07-06,Female,East Mariaton,Korea,2024-04-21,Premium,Google Ads,10356,834,Low,True,False
1651,Adrian Chapman,joseph43@example.org,1970-05-22,Female,Brandonberg,Senegal,2025-12-25,Premium,Referral,8475,671,Medium,False,False
1652,Louise Smith,burgessdeclan@example.net,1959-03-18,Male,Damianstad,Cambodia,2024-07-20,Standard,LinkedIn,4607,645,High,True,False
1653,Ben Stevenson,rogersjeremy@example.com,1974-02-09,Female,East Jonathan,Korea,2023-07-19,Standard,Organic,3055,596,High,True,False
1654,Mr Sean Reid,shane35@example.com,1981-01-06,Female,Johnsonbury,Papua New Guinea,2023-06-28,Standard,Referral,2912,812,Low,True,False
1655,Toby Ward,jack29@example.org,1995-09-16,Non-Binary,New Justinport,Czech Republic,2026-02-13,Standard,Google Ads,3345,736,Medium,True,False
1656,Ms Stephanie Parkin,omcdonald@example.com,1965-04-02,Female,New Tinaburgh,Rwanda,2024-03-14,Premium,LinkedIn,5371,670,Medium,True,False
1657,Wendy Bennett,vmoore@example.com,1989-11-03,Male,Philipberg,Georgia,2025-02-08,Standard,Google Ads,2603,786,Low,True,False
1658,Dr Dylan Lawrence,sarahduffy@example.net,1994-10-01,Female,Jamesside,Mali,2025-07-15,Standard,Facebook Ads,2996,532,High,False,False
1659,Molly Smith-Hammond,ruthallen@example.com,1963-09-17,Male,East Suzanne,Eritrea,2025-09-25,Premium,Facebook Ads,5682,850,Low,True,False
1660,Hazel Pearce,kbaker@example.net,1998-05-21,Female,South Alexanderbury,Colombia,2023-11-20,Standard,Referral,3195,850,Low,True,False
1661,Mr Bradley Lee,ncunningham@example.com,1982-04-18,Female,Port Iainburgh,Nigeria,2023-06-16,Premium,Google Ads,9768,772,Low,True,True
1662,Andrea Jones,nkhan@example.com,1995-11-05,Male,Ashleighview,Monaco,2023-08-02,Standard,Referral,4981,399,High,True,False
1663,Shane Harris,stephenwilkinson@example.net,1968-06-05,Male,West Gail,Bouvet Island (Bouvetoya),2025-02-11,Premium,Google Ads,7275,705,Medium,True,False
1664,Ellie Williams,neilanderson@example.org,1975-08-10,Non-Binary,South Vanessamouth,Brazil,2026-04-18,Standard,Organic,4351,849,Low,True,False
1665,Mr Barry Kemp,kateturner@example.com,1945-07-17,Female,Spencerview,Bahrain,2023-11-13,Premium,Referral,6057,604,High,True,False
1666,Susan Barrett-Ellis,hfinch@example.net,1983-11-11,Female,Leonardbury,Poland,2023-12-05,Standard,Google Ads,3104,647,High,True,False
1667,Donna Smith,pamela42@example.com,1984-07-31,Male,East John,Sudan,2025-12-12,Standard,Referral,2007,715,Medium,True,False
1668,Vanessa Mason,sara41@example.org,1970-12-22,Male,Eleanorchester,Angola,2024-03-18,Standard,Referral,1836,785,Low,True,False
1669,Debra Curtis,zjones@example.com,1964-03-30,Female,Emilybury,Guernsey,2025-12-08,Standard,Google Ads,3482,782,Low,True,False
1670,Paula Ellis,jasmine49@example.org,1991-03-29,Male,Smithfort,Gambia,2023-12-23,Premium,LinkedIn,10330,562,High,True,False
1671,David Armstrong,terencehunter@example.net,1988-09-03,Male,Parkerhaven,Albania,2024-02-02,Premium,Referral,7099,696,Medium,True,True
1672,Lynn Mitchell,mandy92@example.org,1997-07-19,Female,Neilstad,Guernsey,2025-10-05,Standard,Google Ads,4923,544,High,True,False
1673,Shannon Wright,jlee@example.com,1959-10-26,Female,Kieranchester,Cuba,2023-09-28,Business,Organic,30581,599,High,True,False
1674,Janet Atkins,bryan76@example.net,1976-09-03,Female,South Glenn,Kiribati,2026-01-31,Standard,Referral,4796,620,High,True,False
1675,Laura Walker-Norton,robinsonbrett@example.org,1953-04-29,Female,Lake Pamelaport,Bahrain,2023-08-10,Standard,Facebook Ads,4514,745,Medium,True,True
1676,June Murray,ipeters@example.net,1962-11-18,Female,Matthewsborough,Congo,2025-03-03,Premium,Google Ads,10821,713,Medium,False,True
1677,Miss Lucy Davies,dawn70@example.org,1968-09-10,Female,Alisonbury,Rwanda,2024-10-28,Standard,LinkedIn,4729,614,High,True,True
1678,Dr Leon Blake,davisonalice@example.com,1999-01-11,Male,Port Glen,Bermuda,2024-12-30,Standard,Google Ads,2449,782,Low,True,False
1679,Mr James Adams,quinnconor@example.com,1946-04-12,Male,Brandonchester,Anguilla,2026-04-04,Premium,Referral,7025,734,Medium,True,False
1680,Miss Hilary Kerr,lisapeters@example.net,1946-04-07,Male,West Leslie,Uruguay,2024-04-27,Standard,Google Ads,1990,764,Low,True,False
1681,Miss Mary May,ogough@example.com,1994-12-15,Female,Port Claireton,Trinidad and Tobago,2023-06-12,Standard,Referral,3587,621,High,True,False
1682,Patrick Ryan,lydiamorley@example.com,1959-08-12,Male,Gillianmouth,New Zealand,2025-09-16,Standard,Organic,2084,631,High,False,False
1683,Miss Paula Kirby,lukegibbons@example.org,1961-09-14,Female,Debraport,Palestinian Territory,2025-01-18,Premium,Referral,9923,797,Low,True,False
1684,Dr Natalie Hunter,patelpaige@example.org,1969-11-30,Male,Port Dennisfort,Tanzania,2025-12-06,Standard,Facebook Ads,3605,742,Medium,True,True
1685,Sarah Reed,mcooke@example.net,1964-01-07,Male,New Laurenview,Uganda,2025-01-11,Standard,Referral,4885,550,High,True,False
1686,Mr Peter Gibson,rebecca37@example.net,1969-07-17,Female,Iainfurt,Micronesia,2023-10-15,Standard,Google Ads,3842,786,Low,True,False
1687,Lee Green,hilljemma@example.org,1996-07-31,Male,Melanieland,United Arab Emirates,2025-05-30,Standard,Google Ads,4396,817,Low,False,False
1688,Marion Walker,janicehill@example.org,1949-05-26,Male,Kerryport,Comoros,2026-04-08,Premium,Facebook Ads,7538,730,Medium,False,False
1689,Mr Tony Holland,michellefranklin@example.com,1993-07-14,Male,Thomsontown,United States Virgin Islands,2024-10-05,Standard,LinkedIn,3422,730,Medium,False,False
1690,Caroline Stephens,evansmichelle@example.com,1946-08-31,Male,Josephineport,Zambia,2025-11-02,Premium,Referral,7829,620,High,True,False
1691,Paula Hunt,frenchjoyce@example.org,1978-08-05,Female,New Stanleyborough,Bhutan,2025-05-16,Standard,LinkedIn,2940,633,High,True,False
1692,Rachael Hill-Rees,george62@example.net,1969-09-22,Female,Watsonville,Marshall Islands,2025-10-30,Standard,Organic,2758,612,High,True,False
1693,Jeremy Jackson,kelly66@example.com,1999-10-23,Male,Lake Sophieburgh,Uzbekistan,2025-03-04,Standard,Facebook Ads,3803,831,Low,False,False
1694,Clifford Stone,mosslydia@example.org,1959-12-15,Female,Lake Chloe,Honduras,2025-08-21,Premium,Google Ads,7813,638,High,True,False
1695,Jill Daly,cartwrighthollie@example.com,1994-02-10,Male,Wrightstad,Ethiopia,2025-06-21,Business,Google Ads,13191,706,Medium,True,False
1696,Miss Shirley Baker,eschofield@example.net,1951-07-04,Female,Suzanneport,Liberia,2026-06-10,Standard,Google Ads,3481,619,High,True,True
1697,Ms Jacqueline Fisher,andersonashley@example.com,1994-04-19,Male,Donnafurt,Colombia,2025-04-01,Standard,Organic,4210,574,High,True,False
1698,Oliver Jones-Hill,lynchliam@example.net,1986-01-12,Male,East Charlene,Czech Republic,2023-09-09,Standard,Organic,4210,732,Medium,True,True
1699,Melanie Ali-Williams,smoore@example.net,1963-02-11,Female,Chloeborough,United Kingdom,2024-02-11,Business,Referral,21732,595,High,True,False
1700,Mathew Morris,vanessa02@example.net,1949-04-24,Male,Port Terry,Angola,2025-01-11,Standard,LinkedIn,4979,656,Medium,True,False
1701,Sara Wallis,goodwinandrew@example.net,2002-08-18,Female,Jamieburgh,Germany,2024-03-15,Premium,Organic,7704,795,Low,True,False
1702,Rhys Evans,gilljane@example.com,1988-12-05,Male,Annchester,Iraq,2024-10-23,Standard,Google Ads,4740,770,Low,True,False
1703,Alex Brown,barnesjulie@example.org,1979-09-22,Female,New Marianfurt,China,2025-10-28,Business,Facebook Ads,16355,771,Low,True,False
1704,Miss Kelly Berry,clare99@example.net,1995-01-27,Male,West Dylanview,Myanmar,2026-06-01,Standard,Google Ads,4149,850,Low,True,False
1705,Thomas Field,howardatkins@example.com,1977-09-19,Female,West Abbie,Burkina Faso,2026-02-23,Standard,Facebook Ads,4060,730,Medium,True,False
1706,Rosemary Rowe,oliviataylor@example.com,1962-07-17,Male,Smithstad,Iran,2025-05-06,Standard,Facebook Ads,1964,817,Low,True,False
1707,Laura Taylor,qwarren@example.com,1963-10-31,Male,Georgechester,Netherlands Antilles,2026-03-19,Standard,LinkedIn,2341,749,Medium,False,False
1708,Jack Bryan-Jones,fishernaomi@example.org,2006-04-02,Female,East Carl,Martinique,2023-10-27,Premium,Google Ads,11673,754,Low,True,False
1709,Caroline Moore,jemma79@example.net,2000-11-07,Female,Christopherton,Germany,2024-11-15,Standard,Organic,2432,748,Medium,False,False
1710,Kimberley Howard,hutchinsonchristian@example.net,1964-05-10,Female,Reeceton,Armenia,2025-08-29,Standard,Referral,4941,673,Medium,True,False
1711,Leonard Poole,meganwilliams@example.com,1968-08-26,Female,South Ruthburgh,Canada,2023-08-09,Standard,LinkedIn,2984,668,Medium,True,True
1712,Diane Waters,denise38@example.com,1952-11-30,Male,Taylorfurt,Belgium,2023-07-28,Business,Organic,22306,724,Medium,True,False
1713,Donald Hunt,murraykaren@example.net,1968-10-12,Male,Walkermouth,Fiji,2025-04-26,Standard,Google Ads,2198,645,High,True,False
1714,Derek Hurst-Daly,juliangraham@example.net,1995-08-07,Male,Lake Raymondmouth,France,2025-08-10,Standard,LinkedIn,4368,666,Medium,True,False
1715,Gavin Smith,carole89@example.com,2003-09-05,Female,West Nicolafort,El Salvador,2025-01-23,Standard,Referral,3423,530,High,True,True
1716,Nicola Connolly,zwilson@example.net,1983-01-09,Male,West Lawrence,Algeria,2023-08-22,Standard,Google Ads,4383,699,Medium,True,False
1717,Emma Bell,carly78@example.net,1985-01-19,Female,East Thomasbury,Libyan Arab Jamahiriya,2024-06-19,Business,LinkedIn,27634,690,Medium,True,True
1718,Shane Watson,humphriespeter@example.com,2003-02-21,Male,Lake Colin,Guatemala,2023-11-23,Standard,Organic,2103,821,Low,True,False
1719,Luke Henderson,eleanornoble@example.net,1971-09-02,Non-Binary,Russellmouth,French Guiana,2024-11-24,Standard,Organic,4574,727,Medium,True,True
1720,Jasmine Abbott,thomasturner@example.com,1957-03-19,Female,West Donaldchester,Andorra,2024-08-21,Premium,Google Ads,11704,728,Medium,True,False
1721,Dr James Morris,collinsjane@example.com,2006-01-30,Male,Kellyshire,Saint Lucia,2023-06-17,Premium,Google Ads,8743,604,High,True,False
1722,Dr Stuart Fox,rachaelgoddard@example.net,1994-04-11,Female,East Nicole,Burundi,2024-08-17,Standard,Google Ads,4135,665,Medium,True,False
1723,Lewis Rose,evanslouise@example.net,1996-02-29,Male,Port Barbara,Norfolk Island,2026-04-22,Standard,Organic,4546,729,Medium,True,False
1724,Barry Barnes,bulliain@example.com,1966-11-12,Female,New Nicholaschester,Liberia,2024-03-05,Standard,Google Ads,4362,563,High,True,False
1725,Ms Sian Hudson,valerieroberts@example.org,1989-05-01,Female,Dannyburgh,Djibouti,2025-03-02,Premium,Google Ads,7394,694,Medium,True,False
1726,Marilyn Brown-Harrison,jonesian@example.org,1998-05-05,Male,East Deniseborough,Albania,2024-04-29,Standard,Google Ads,4063,694,Medium,True,False
1727,Alex Harrison,tracy04@example.net,2007-10-23,Male,Geoffreyborough,Armenia,2025-02-03,Standard,Organic,1978,709,Medium,True,False
1728,Denise Hill,zmitchell@example.net,1985-06-15,Male,New Lindsey,Mayotte,2025-04-08,Standard,Google Ads,1871,691,Medium,True,False
1729,Carolyn Smith,hammondlydia@example.net,1980-03-14,Male,Smithport,Faroe Islands,2024-07-23,Business,Facebook Ads,22246,771,Low,True,False
1730,Gerald Hill-Walker,leanne17@example.net,1988-02-12,Female,New Luketon,Lithuania,2023-07-11,Business,Organic,22161,739,Medium,False,False
1731,Dr Gareth Harper,scross@example.com,1973-10-19,Female,South Eleanorville,France,2025-12-17,Standard,Organic,4246,816,Low,True,False
1732,Dr Jonathan Fuller,patrickcarter@example.com,1949-08-18,Male,Lake Cherylland,Niue,2026-03-10,Premium,Organic,6928,710,Medium,True,False
1733,Mr Kenneth Dixon,lamblynn@example.org,1948-02-13,Female,South Markfort,Macao,2026-01-05,Standard,Organic,4697,781,Low,True,False
1734,Kathleen Hughes,adriancook@example.org,2003-04-28,Female,Jessicaborough,Spain,2023-11-23,Standard,Google Ads,2425,746,Medium,True,False
1735,Lynda Day,khanjacqueline@example.org,1978-09-06,Male,West Stevenville,Korea,2024-11-08,Premium,LinkedIn,9527,776,Low,True,False
1736,Dr Charlie King,bturner@example.com,2002-09-10,Male,Pamelaburgh,Montenegro,2023-07-24,Standard,Google Ads,2738,644,High,True,False
1737,Judith Williams-Stone,elliotfraser@example.org,2004-08-05,Female,East Teresa,Sierra Leone,2026-02-21,Business,Referral,28632,669,Medium,True,False
1738,Jeffrey Little,clivewalsh@example.com,1992-11-15,Male,Perrymouth,Central African Republic,2025-08-29,Standard,LinkedIn,2741,679,Medium,True,False
1739,Deborah Wilson,alexanderobrien@example.net,1951-04-28,Female,South Valerie,Samoa,2025-06-22,Business,Google Ads,20644,671,Medium,True,True
1740,Valerie Foster,morganleanne@example.net,1950-07-30,Male,Davieston,Tuvalu,2024-12-23,Standard,Organic,3726,677,Medium,True,False
1741,Lauren Butler-Hughes,dwhite@example.com,1986-06-17,Female,Johnsonfort,Andorra,2026-02-15,Business,Organic,13250,716,Medium,True,False
1742,Samantha Johnston,perkinsmartyn@example.org,1971-03-10,Female,Roymouth,Saint Lucia,2024-01-10,Standard,Organic,2942,731,Medium,True,False
1743,Dr Howard Pearce,deandonnelly@example.net,1973-03-10,Male,Morrisborough,Sudan,2023-10-02,Standard,Referral,3964,776,Low,True,False
1744,Mr Colin Jones,dylan62@example.org,1952-07-24,Female,East Ross,Philippines,2023-12-22,Standard,Referral,4044,850,Low,True,False
1745,Carole Grant,spalmer@example.net,1976-04-07,Male,Kingview,Iran,2023-06-23,Standard,Facebook Ads,3011,844,Low,True,False
1746,Russell Smith-Smith,stacey61@example.org,2007-11-19,Non-Binary,Mooreland,Saint Helena,2025-10-27,Business,Organic,20291,647,High,True,False
1747,Dr Paul Taylor,marshallleslie@example.net,1973-12-20,Female,Shawview,Romania,2023-12-09,Standard,Organic,4066,794,Low,True,False
1748,Michael Dennis,mthomson@example.net,2007-07-06,Non-Binary,South Adrianview,Central African Republic,2024-03-03,Standard,Referral,4313,678,Medium,False,False
1749,Stacey Edwards,lloydfrank@example.org,1954-01-31,Female,Westmouth,Sao Tome and Principe,2024-05-17,Standard,Organic,3753,584,High,True,False
1750,Barbara Ward,rogermacdonald@example.net,1988-12-25,Female,New Paula,United Arab Emirates,2024-10-09,Standard,Facebook Ads,4148,783,Low,True,False
1751,Joan West,bishopbrian@example.org,2000-01-28,Female,South Emmaborough,Oman,2024-02-13,Standard,Referral,2460,681,Medium,True,False
1752,Brian Talbot,greenmaria@example.net,1969-11-20,Female,Sandramouth,Burkina Faso,2024-08-02,Standard,LinkedIn,3567,585,High,True,True
1753,Melissa Taylor,georgethomas@example.net,1950-05-29,Male,North Holly,Afghanistan,2024-07-23,Standard,Facebook Ads,3542,820,Low,True,False
1754,Leon Hurst,jwalters@example.org,1945-12-16,Female,Port Callumtown,Swaziland,2025-08-29,Standard,Referral,4661,708,Medium,True,False
1755,Malcolm Rhodes-Robinson,richardbrown@example.org,1967-09-29,Male,Clarkhaven,French Polynesia,2024-10-21,Standard,Google Ads,4845,794,Low,True,False
1756,Alexandra Smith,christopher00@example.org,1962-12-04,Female,Pearcefort,Switzerland,2023-11-09,Standard,LinkedIn,2703,574,High,True,False
1757,Elliot Price,murphyamanda@example.net,1995-11-17,Male,Juliachester,Reunion,2025-08-24,Standard,LinkedIn,2890,779,Low,True,False
1758,Wendy Douglas,svincent@example.com,1957-09-24,Female,West Emmamouth,Cuba,2026-01-24,Standard,Facebook Ads,4536,784,Low,True,False
1759,Martin Roberts,morrisjason@example.net,1950-04-26,Male,Joneshaven,Kyrgyz Republic,2026-05-08,Premium,Referral,5932,781,Low,True,False
1760,Lindsey Burgess,middletonbarbara@example.com,1968-11-20,Female,New Abbieburgh,Faroe Islands,2024-05-26,Standard,Referral,3070,606,High,True,False
1761,Dr Derek Wright,laurenpoole@example.net,1970-01-30,Male,Blakestad,Iraq,2024-08-18,Premium,Google Ads,7054,720,Medium,False,False
1762,Ms Sara Newton,slaterneil@example.org,1989-09-22,Male,Mooreside,Northern Mariana Islands,2024-12-29,Standard,Google Ads,4360,700,Medium,True,False
1763,Tony Jones,patriciahewitt@example.net,1962-11-14,Female,Walkerbury,Canada,2023-09-18,Standard,Organic,3007,693,Medium,True,True
1764,Gerald Morrison-Hunt,gallaghercharlie@example.org,1965-07-26,Male,West Stuartshire,Guatemala,2024-07-13,Standard,Organic,4320,819,Low,True,False
1765,Frederick Turner-Clarke,lmorley@example.org,2000-09-15,Male,Roseville,Angola,2023-08-22,Standard,Referral,4141,827,Low,True,False
1766,Miss Joyce Morris,aaronlawrence@example.org,1964-03-01,Male,Katystad,Malawi,2026-02-22,Standard,Organic,4772,714,Medium,True,True
1767,Mr Justin Jones,icook@example.org,1955-12-02,Female,Lake Neilhaven,Luxembourg,2026-05-07,Business,Google Ads,27554,755,Low,True,False
1768,Adam Thompson,kingjanet@example.net,1946-02-12,Female,Lake Howard,Bosnia and Herzegovina,2024-05-07,Standard,Organic,3038,755,Low,True,False
1769,Heather Parker,sdean@example.org,1949-03-04,Female,North Karen,Luxembourg,2025-11-15,Standard,Organic,3323,652,Medium,True,False
1770,Kate Bowen,charleshamilton@example.net,1991-06-26,Male,Hollyfurt,Isle of Man,2026-04-24,Premium,Organic,10849,801,Low,True,False
1771,Tom Nicholson,oforster@example.net,1984-05-18,Non-Binary,North James,Tunisia,2025-05-02,Premium,Organic,7118,832,Low,True,False
1772,Vincent Bennett,george70@example.com,1951-03-01,Male,South Roy,Dominica,2025-06-09,Standard,Google Ads,4107,778,Low,True,False
1773,Benjamin Davis-Adams,gbird@example.net,2000-10-05,Female,Birchmouth,Djibouti,2026-04-09,Premium,Google Ads,9297,713,Medium,True,False
1774,Dr Bethany Sims,grussell@example.org,1977-11-01,Male,Howardchester,North Macedonia,2026-05-02,Standard,LinkedIn,2252,697,Medium,False,False
1775,Charlie Hunter,ballgrace@example.net,1947-03-18,Female,West Barryfurt,Libyan Arab Jamahiriya,2024-07-02,Premium,Referral,6946,746,Medium,True,False
1776,Karen Grant,eleanorgordon@example.org,1957-02-05,Male,Norrishaven,Montenegro,2024-08-24,Standard,Google Ads,3365,700,Medium,True,False
1777,Miss Frances Lewis,pattersonsarah@example.com,1960-12-27,Female,Port Annette,United States Virgin Islands,2023-11-20,Standard,Organic,3742,694,Medium,False,True
1778,Mrs Beth Conway,kieranhall@example.net,1969-11-17,Female,Holliestad,Congo,2023-10-02,Premium,Organic,5605,735,Medium,True,False
1779,Andrea Wall,bernard50@example.org,1946-11-25,Female,Port Anna,American Samoa,2025-04-05,Standard,Organic,1974,639,High,True,False
1780,Carolyn Hill,shirley83@example.net,1961-09-14,Female,South Donald,Kazakhstan,2024-03-01,Standard,Organic,4684,676,Medium,True,False
1781,Billy Hammond-Griffiths,jdouglas@example.org,1982-12-20,Male,Johnsonburgh,Pitcairn Islands,2024-02-05,Standard,Google Ads,2754,744,Medium,True,False
1782,Jennifer Smith-Jones,zrobinson@example.org,1977-03-01,Female,New Janice,Wallis and Futuna,2024-10-06,Standard,Google Ads,2961,612,High,True,False
1783,Elliott Mason,dylangrant@example.com,1953-06-29,Male,Christinebury,Honduras,2024-09-05,Standard,Referral,2950,699,Medium,True,False
1784,Brian Waters,turnerkyle@example.com,1966-04-22,Male,Wilsonchester,Korea,2024-08-03,Business,Facebook Ads,22108,634,High,False,False
1785,Ryan Morris,bdavis@example.org,1956-11-11,Female,West Joanna,Marshall Islands,2025-06-17,Premium,Google Ads,7931,718,Medium,False,False
1786,Mrs Pauline Curtis,ehunt@example.com,1974-11-02,Female,Nigelside,Venezuela,2024-11-18,Standard,Facebook Ads,2527,845,Low,True,True
1787,Robert O'Brien,emma83@example.net,2003-02-11,Female,Denisehaven,Angola,2025-03-28,Standard,Google Ads,4936,731,Medium,True,False
1788,Stacey Bray,claretaylor@example.com,1985-06-29,Female,Daychester,Saudi Arabia,2025-03-30,Standard,Google Ads,4300,713,Medium,True,False
1789,Stephen Wood,mhenderson@example.com,1973-12-14,Female,North Dominic,Bhutan,2024-04-18,Standard,Organic,2553,591,High,True,False
1790,Denis Edwards,bruce60@example.org,1965-11-20,Male,Lake Karlberg,Vietnam,2024-06-17,Standard,Organic,4790,714,Medium,True,False
1791,Shannon Pugh,wrighthayley@example.net,1962-09-11,Male,Reeceport,Slovakia (Slovak Republic),2024-03-18,Standard,Organic,3881,814,Low,True,False
1792,Gary Wilson,janesmith@example.net,1986-01-18,Female,West Jessicaborough,Belgium,2024-02-14,Standard,Google Ads,2114,729,Medium,True,False
1793,Dr Glenn Carey,otucker@example.org,1960-11-02,Male,Port Gerald,Marshall Islands,2025-02-04,Premium,Facebook Ads,7135,677,Medium,True,False
1794,Mr Damien Rose,richardsonjade@example.org,1959-10-26,Female,Lake Liam,Macao,2024-12-06,Standard,Organic,2540,696,Medium,True,False
1795,Scott Edwards,jordan94@example.org,1957-11-03,Male,Douglasmouth,Russian Federation,2026-05-07,Standard,Referral,2785,798,Low,True,False
1796,Mrs Sheila Byrne,hutchinsonamanda@example.net,1991-02-18,Male,Josephmouth,Cambodia,2023-07-25,Standard,Organic,3443,723,Medium,True,False
1797,Dr Lydia Curtis,marie60@example.net,1993-05-19,Male,Joehaven,Kuwait,2024-02-03,Standard,Google Ads,3065,796,Low,True,False
1798,Trevor Bennett,mcdonaldwayne@example.org,1969-05-29,Male,Francescabury,Cambodia,2025-08-05,Premium,Google Ads,9182,749,Medium,True,False
1799,Dr Stephen Bailey,dking@example.net,1952-04-15,Female,Declanshire,Jersey,2025-12-16,Standard,Google Ads,3467,590,High,True,False
1800,Mr Geoffrey Cooper,lauraharrison@example.org,2006-06-02,Male,Sykesport,Ireland,2025-01-28,Standard,Google Ads,1929,543,High,True,False
1801,Antony Edwards,mdaly@example.org,1991-02-21,Male,New Marcport,Grenada,2025-08-29,Standard,Organic,2564,747,Medium,True,False
1802,Claire Fuller,jmarsh@example.com,1983-09-25,Female,South Norman,Monaco,2023-10-03,Business,Referral,12339,745,Medium,True,False
1803,Dennis Brown,palmernatasha@example.net,1966-06-30,Female,Jasmineburgh,Sweden,2025-09-23,Standard,Facebook Ads,4051,742,Medium,True,False
1804,Cameron Young,lmarshall@example.net,1968-10-09,Male,Hillshire,Ghana,2023-07-03,Standard,Organic,4282,614,High,True,False
1805,Katherine Palmer,june95@example.com,1966-07-04,Female,South Carole,Turkey,2025-11-20,Standard,Organic,3474,605,High,False,False
1806,Dr Stewart Stephenson,bwilliamson@example.net,1990-01-18,Female,Martinstad,Puerto Rico,2024-10-05,Premium,Referral,10970,500,High,False,True
1807,Guy Johnston,belldarren@example.net,1985-07-04,Male,Damienberg,Ukraine,2025-09-19,Business,Google Ads,14964,604,High,True,False
1808,Fiona Brennan,howardatkinson@example.com,1950-03-22,Female,Allanton,Azerbaijan,2025-03-05,Standard,Organic,1884,735,Medium,True,False
1809,Marilyn Griffiths,jaynedavies@example.com,1969-01-10,Male,West Marionland,Equatorial Guinea,2024-01-10,Premium,LinkedIn,9026,750,Low,True,False
1810,Brenda Holland-Thomas,gerard33@example.com,2000-08-09,Male,South Joannaton,Romania,2023-10-08,Standard,Google Ads,2783,691,Medium,True,False
1811,Harry Palmer-Moore,pdobson@example.org,1962-12-13,Female,South Geoffrey,Tajikistan,2026-03-10,Standard,LinkedIn,4827,750,Low,True,False
1812,Leonard Thompson,dean64@example.com,1962-01-20,Female,New Terenceport,Pitcairn Islands,2024-02-04,Premium,Referral,6468,850,Low,True,False
1813,Karen Hodgson,haynesben@example.com,1985-11-05,Female,Paigeview,Isle of Man,2025-07-07,Premium,Organic,8765,709,Medium,True,False
1814,Ruth Fleming,conor00@example.com,1968-06-16,Male,West Ellie,American Samoa,2024-11-05,Standard,LinkedIn,1894,647,High,True,False
1815,Conor Robson,edwardsmith@example.org,1984-08-21,Male,Port Mandybury,Reunion,2024-07-31,Standard,Referral,4026,755,Low,True,False
1816,Garry Edwards-Johnson,lynnehayes@example.org,1973-05-20,Male,Juliachester,Palestinian Territory,2023-11-13,Premium,Organic,6194,743,Medium,True,False
1817,Connor Atkins,sinclairgeorge@example.org,2005-05-20,Male,Coxfurt,Lao People's Democratic Republic,2024-04-27,Standard,Google Ads,4953,839,Low,True,False
1818,Jemma O'Connor-Robertson,leeadrian@example.org,1995-05-16,Female,Morrismouth,Estonia,2024-05-02,Standard,Facebook Ads,3889,535,High,True,False
1819,Charlie Harding,rita54@example.net,1955-06-10,Female,Hilarystad,Wallis and Futuna,2023-08-10,Premium,LinkedIn,8114,771,Low,False,False
1820,Dr Mark Henry,arthur56@example.org,1977-08-13,Female,North Judith,Samoa,2026-04-17,Premium,Organic,10563,782,Low,True,False
1821,Dr Denise Adams,leighcox@example.org,1957-03-18,Female,Wayneville,North Macedonia,2024-01-03,Standard,Organic,3846,755,Low,True,False
1822,Lesley Morris,stacey74@example.org,1994-06-12,Male,Port Leeton,Nepal,2026-02-19,Standard,Referral,2539,681,Medium,True,False
1823,Grace Campbell-Andrews,bakerconnor@example.org,1968-07-08,Non-Binary,Taylortown,Sao Tome and Principe,2023-07-11,Standard,Google Ads,4252,653,Medium,True,False
1824,Gary Nicholls,stanleycunningham@example.com,1995-04-12,Female,West Jasminetown,Christmas Island,2024-02-16,Standard,LinkedIn,2719,818,Low,True,False
1825,Barbara Robinson,vanessapowell@example.net,1973-11-05,Female,Smithton,Burundi,2023-07-21,Standard,Organic,3454,670,Medium,True,False
1826,Jane Jones,kylereynolds@example.org,1983-11-22,Male,South Ianville,Gibraltar,2024-04-02,Standard,Google Ads,4218,557,High,True,False
1827,Harriet Perkins,francesrichardson@example.com,1974-04-03,Male,North June,Panama,2024-01-05,Premium,Organic,6989,739,Medium,True,True
1828,Arthur Griffin-Williams,ashleigh91@example.org,1986-05-17,Female,Lloydport,Saint Martin,2026-04-07,Standard,Organic,4716,751,Low,True,False
1829,Hollie Birch-Adams,cwhite@example.com,2005-05-11,Male,Sullivanchester,Cuba,2025-02-09,Premium,Google Ads,6268,765,Low,True,False
1830,Owen James-Day,jacobpratt@example.net,1976-09-19,Male,South Alisonville,Equatorial Guinea,2025-10-11,Premium,Referral,8103,626,High,True,False
1831,Simon Stevenson-Bird,leonsavage@example.net,2002-04-20,Male,Margaretmouth,Swaziland,2023-09-12,Standard,Referral,4849,808,Low,True,False
1832,Craig Hunt,vhope@example.org,2002-02-19,Female,Wilsonmouth,Nepal,2025-08-07,Premium,Organic,6394,705,Medium,True,True
1833,Mathew Johnson,apope@example.org,1996-09-15,Male,Mauricefurt,Afghanistan,2026-05-25,Standard,Organic,3754,688,Medium,True,False
1834,Olivia Stephenson,vcollins@example.org,1950-06-17,Female,Robertsstad,Myanmar,2025-03-04,Standard,Referral,4049,713,Medium,True,True
1835,Lucy Johnson,brianlaw@example.com,1960-10-12,Female,Claireton,Korea,2025-06-19,Standard,Facebook Ads,3315,679,Medium,True,True
1836,Lynne Wilkinson,charlotte65@example.net,1993-06-02,Male,Port Sarah,Bulgaria,2023-09-08,Standard,Google Ads,3722,709,Medium,True,True
1837,Dennis Lee,katie82@example.com,1973-08-19,Male,Andersonborough,Sweden,2024-03-28,Standard,Organic,2335,787,Low,True,False
1838,Mohammed Hughes-Reeves,brucegemma@example.org,2002-05-03,Male,Kinghaven,Azerbaijan,2025-01-02,Standard,LinkedIn,2730,582,High,True,True
1839,Miss Sylvia Watson,deborah65@example.net,2000-06-08,Male,Donaldland,Timor-Leste,2025-02-22,Premium,Organic,7925,672,Medium,True,False
1840,Paula Thomas-Riley,vanessa98@example.net,1953-07-12,Female,Lowetown,Malawi,2025-07-08,Standard,Referral,2491,682,Medium,True,False
1841,Dr Ronald Fox,vthompson@example.net,2008-04-08,Male,Maureenview,Rwanda,2023-09-05,Standard,LinkedIn,4132,647,High,True,False
1842,Rosemary Knight,claytonglen@example.org,1988-12-12,Male,West Lydialand,Georgia,2025-02-20,Premium,Organic,9439,613,High,False,True
1843,Hugh Baker,christian35@example.net,2003-04-22,Male,Lake Aimeetown,Bahrain,2026-02-20,Premium,Organic,11416,606,High,True,False
1844,Philip Bird,yphillips@example.org,1998-02-09,Male,Henrystad,Christmas Island,2025-07-25,Premium,LinkedIn,9758,732,Medium,True,True
1845,Mrs Aimee George,lewisleigh@example.com,1967-11-07,Male,Lordview,Seychelles,2024-08-16,Standard,Google Ads,2716,812,Low,True,False
1846,Gerard Wilson-Shaw,craigwood@example.net,1985-10-03,Female,Ryanland,Bhutan,2024-09-16,Standard,Organic,2872,716,Medium,True,False
1847,Gregory White,lydiaford@example.net,1949-12-09,Male,Neilmouth,Botswana,2026-02-13,Premium,Referral,9492,850,Low,True,False
1848,Mr Clifford White,nigel85@example.org,1961-06-06,Female,East Douglasport,Seychelles,2024-03-24,Standard,Organic,4543,682,Medium,True,False
1849,Dr Garry Young,ywilson@example.org,1994-11-24,Male,Guyport,Costa Rica,2025-06-14,Standard,Organic,2940,755,Low,True,False
1850,Clive Gibson,bryan81@example.net,2006-06-12,Male,North Kayleigh,Congo,2026-01-03,Premium,LinkedIn,11707,571,High,True,False
1851,Allan Johnson-Cooper,douglas37@example.org,1957-07-05,Male,Port Cameron,Guam,2023-08-24,Standard,Facebook Ads,4571,631,High,True,False
1852,David Taylor,derek45@example.net,1976-03-09,Female,West Mathewview,Malaysia,2026-05-27,Standard,Facebook Ads,4724,664,Medium,True,False
1853,Diane Barker,ostevens@example.com,1971-04-10,Non-Binary,East Carole,Northern Mariana Islands,2026-01-08,Standard,Referral,3514,818,Low,True,False
1854,Stacey Harding,royhorton@example.com,1948-05-24,Male,East Rachael,Belarus,2025-01-29,Standard,Google Ads,2556,485,High,False,False
1855,Mrs Lorraine Lowe,joanhumphreys@example.org,1984-07-10,Female,Lake Kim,Kiribati,2024-01-11,Standard,LinkedIn,3342,706,Medium,True,False
1856,Shane Miller,henryelliot@example.net,1954-01-06,Female,Lake Liamhaven,Brunei Darussalam,2024-11-21,Standard,Organic,4765,784,Low,False,False
1857,Mary Perry-Brown,daviesmary@example.org,1993-12-18,Female,Andrewsport,Bolivia,2025-03-09,Premium,Facebook Ads,7183,617,High,True,False
1858,Dr Raymond Davis,annquinn@example.org,2000-03-29,Female,Harriettown,Bangladesh,2024-08-23,Standard,Facebook Ads,3169,658,Medium,False,False
1859,Liam Brown,uali@example.org,1971-06-03,Female,Port Kennethchester,Madagascar,2025-06-07,Standard,Organic,4905,752,Low,True,False
1860,Nigel Turner-Wright,keith52@example.com,1975-03-13,Male,East Marc,Saint Kitts and Nevis,2025-09-07,Standard,Organic,4049,639,High,True,False
1861,Angela Griffiths,lynnwest@example.com,1975-12-11,Female,West Helen,Qatar,2025-08-22,Standard,Google Ads,4158,691,Medium,True,False
1862,Dr William Marsh,ashleyshaw@example.net,1985-12-18,Male,Lake Jasminechester,Maldives,2023-06-28,Standard,Referral,4892,846,Low,False,False
1863,Sylvia King,cookjordan@example.net,2000-05-15,Male,Paulineland,Pakistan,2024-05-01,Premium,LinkedIn,11532,710,Medium,True,False
1864,Dr Ashley Bell,ikennedy@example.net,1947-08-22,Female,Lake Henry,Iceland,2024-04-02,Standard,Google Ads,4343,714,Medium,True,False
1865,Ms Kirsty Hammond,ebegum@example.org,1964-03-28,Female,Lake Cameron,Martinique,2024-02-13,Standard,Organic,2349,712,Medium,True,False
1866,Paula Rees,turnerbryan@example.org,1985-05-31,Female,Port Joshuatown,Costa Rica,2023-10-30,Standard,Referral,3381,731,Medium,True,False
1867,Dr Donald Brown,ybates@example.com,1953-03-17,Female,Simpsonmouth,Cuba,2026-03-09,Standard,Organic,2942,535,High,True,False
1868,Neil Wood,bradley22@example.com,1987-04-20,Female,East Gregorymouth,Grenada,2025-05-22,Standard,Referral,3204,734,Medium,False,False
1869,Jayne Murphy,teresapreston@example.net,1978-06-30,Male,Dunnberg,Samoa,2025-03-08,Standard,Google Ads,4595,722,Medium,True,False
1870,Abigail Cox,james08@example.net,1988-03-07,Male,Kingborough,Latvia,2024-01-24,Premium,Organic,9628,545,High,True,False
1871,Iain Patel,smithsharon@example.org,1999-06-13,Male,Valeriemouth,Chile,2025-06-18,Premium,Referral,5406,661,Medium,True,False
1872,Jacob Hardy,forsterabdul@example.net,1958-05-26,Female,East Danielbury,Iceland,2023-07-02,Standard,Google Ads,4024,741,Medium,True,False
1873,Marian Davies,brandonsmith@example.org,2006-02-12,Female,Lake Darren,Cook Islands,2023-09-05,Business,Organic,21605,732,Medium,True,False
1874,Cheryl Pratt-Jones,barnettgeorgina@example.org,2000-01-31,Female,New Arthur,Antarctica (the territory South of 60 deg S),2025-11-22,Standard,Facebook Ads,3074,616,High,False,False
1875,Henry Moore,zprice@example.com,2001-10-20,Male,North Harriet,Mayotte,2024-05-27,Standard,Facebook Ads,1878,783,Low,True,False
1876,Miss Lucy Barker,mohamed05@example.com,1946-11-05,Male,North Kathryn,Somalia,2023-07-06,Premium,Organic,11162,643,High,True,False
1877,Martin Ross,gavinbegum@example.net,1997-07-13,Non-Binary,East Paul,Peru,2025-05-26,Business,Facebook Ads,25890,688,Medium,True,False
1878,Sheila King,olivermaureen@example.com,1992-05-11,Female,Taylorton,Maldives,2025-01-07,Standard,Google Ads,2191,740,Medium,True,False
1879,Dr Kelly Atkinson,zbates@example.org,1952-11-09,Non-Binary,East Georgia,Angola,2026-04-20,Standard,LinkedIn,4400,780,Low,True,False
1880,Stewart Gordon,paula28@example.net,1967-07-15,Male,Abigailstad,Svalbard & Jan Mayen Islands,2023-06-17,Premium,Google Ads,11250,732,Medium,True,False
1881,Frederick Mitchell,hugh22@example.org,1971-08-05,Male,North Geoffreyfort,Barbados,2025-01-29,Standard,Organic,3713,653,Medium,True,False
1882,Deborah Davidson,rfisher@example.net,1960-09-20,Female,West Albertland,Nigeria,2024-11-29,Standard,Referral,4202,639,High,True,False
1883,Mr Nigel Martin,samanthawalsh@example.net,1949-05-05,Male,New Joshua,Tuvalu,2024-02-12,Standard,Referral,3771,695,Medium,True,False
1884,Francis Brown-Rogers,davidjones@example.com,1995-11-29,Male,Hallburgh,Christmas Island,2023-09-04,Standard,Facebook Ads,3975,716,Medium,True,False
1885,Abdul Morley-Newton,bibiholly@example.com,1962-01-18,Female,South Brettville,Iceland,2025-08-15,Standard,Google Ads,2849,815,Low,True,False
1886,Derek Edwards,wendy44@example.net,1948-06-15,Male,North Debra,Haiti,2023-10-10,Standard,LinkedIn,2260,627,High,True,False
1887,Stephen Barber,rosemaryjones@example.net,2000-03-23,Female,South Michael,Korea,2024-05-12,Standard,Facebook Ads,1970,710,Medium,True,False
1888,Dr Suzanne Davies,claytonedward@example.net,1989-02-21,Female,North Sharontown,India,2025-03-03,Standard,Referral,2308,508,High,True,False
1889,Dr Andrew Stone,sylviajones@example.com,1961-09-08,Female,Morrisbury,China,2024-06-14,Premium,Google Ads,9811,729,Medium,False,False
1890,Sam Brooks,adale@example.net,1955-04-14,Male,North Jemmamouth,Cayman Islands,2026-04-23,Standard,Google Ads,4739,674,Medium,True,False
1891,Dr Connor Wright,briggsjoanna@example.org,1972-10-26,Non-Binary,Savagechester,Tunisia,2025-02-18,Standard,Organic,4803,677,Medium,True,False
1892,Lynne King,begumdominic@example.com,1982-08-24,Female,New Ireneton,Singapore,2025-09-27,Standard,LinkedIn,3419,718,Medium,True,False
1893,Mitchell Harris-Talbot,newtoncharles@example.org,1992-01-29,Female,Middletonborough,Azerbaijan,2024-01-19,Standard,Organic,3882,646,High,True,False
1894,Andrew James,bentleywilliam@example.net,1991-06-14,Male,East Damianchester,Northern Mariana Islands,2024-10-07,Standard,LinkedIn,3646,679,Medium,True,True
1895,Ms Amanda Schofield,rbarnes@example.net,1962-07-10,Female,New Julie,Grenada,2024-11-11,Standard,Google Ads,3054,714,Medium,True,False
1896,Gavin Perry,victor29@example.org,1980-07-25,Non-Binary,Harrisontown,Guadeloupe,2026-01-25,Standard,Facebook Ads,1961,687,Medium,True,False
1897,Sylvia Brown,graeme22@example.org,1995-01-03,Female,Lake Dianechester,Nicaragua,2025-04-09,Standard,Facebook Ads,1906,636,High,True,True
1898,Gary Hunt-Hall,mnewman@example.com,1986-12-17,Female,South Derekborough,Cote d'Ivoire,2026-03-11,Standard,Google Ads,2398,582,High,True,False
1899,Glenn Cooper,mohammadpowell@example.com,1979-06-02,Female,Nashton,Montserrat,2025-12-01,Standard,LinkedIn,3117,686,Medium,False,True
1900,Mrs Helen Saunders,westkenneth@example.com,1953-07-23,Female,West Carolinehaven,Svalbard & Jan Mayen Islands,2025-11-08,Standard,Facebook Ads,2625,688,Medium,True,False
1901,Rachel Clarke,joemiles@example.com,1967-05-14,Female,Barnesfurt,Venezuela,2025-02-19,Standard,Organic,4977,725,Medium,True,False
1902,Dr Frederick Jones,bethany72@example.com,1974-10-26,Male,Daybury,Western Sahara,2025-01-25,Premium,Organic,10282,850,Low,True,False
1903,Miss Catherine Taylor,dalehudson@example.com,1975-08-15,Non-Binary,Lake Ellie,Bahrain,2023-06-14,Standard,Google Ads,3576,658,Medium,True,False
1904,Clare Thomas,omitchell@example.org,2000-02-16,Male,North Aimee,Marshall Islands,2023-12-08,Standard,Google Ads,4295,684,Medium,True,False
1905,Dr Kelly Lowe,charlenesmith@example.org,1955-05-20,Female,Thomasside,Senegal,2024-03-28,Business,Referral,26800,614,High,True,False
1906,Dr Glen Bond,sandrapugh@example.org,2005-06-20,Female,Bullstad,Iran,2023-10-12,Standard,Facebook Ads,4718,657,Medium,True,False
1907,Julian Slater,rosepaula@example.com,1995-09-06,Male,South Anthony,Cape Verde,2024-09-30,Standard,Google Ads,3362,665,Medium,False,True
1908,Dr Cameron Hayward,gkerr@example.org,1951-10-17,Male,Joyceshire,Saint Helena,2024-03-18,Standard,Organic,2697,663,Medium,True,False
1909,Dr Jake Phillips,ftaylor@example.net,1976-07-06,Male,North Angela,Jordan,2025-05-16,Premium,Organic,9808,578,High,True,False
1910,Dr Philip Clarke,rosieellis@example.org,1971-02-16,Male,Gavinfort,Turks and Caicos Islands,2023-06-17,Standard,Google Ads,3689,672,Medium,True,False
1911,Hazel Houghton,wsmith@example.org,1956-12-08,Female,Port Alanchester,Pitcairn Islands,2025-11-26,Standard,Referral,2539,672,Medium,True,False
1912,Mohammed Coles-Porter,dorothywheeler@example.net,1966-02-04,Female,Scottfort,Croatia,2024-07-29,Standard,Google Ads,1911,681,Medium,True,False
1913,Mr Leigh Elliott,phillipskelly@example.com,1983-08-24,Male,New Lawrencebury,Martinique,2023-10-18,Business,Organic,31178,623,High,True,True
1914,Gareth Lord,maureen19@example.org,1949-07-30,Male,Arthurmouth,Paraguay,2024-12-06,Standard,Organic,4111,645,High,True,True
1915,Melissa Atkins,wellssophie@example.org,1985-04-28,Female,Wilkinsonmouth,Bouvet Island (Bouvetoya),2023-12-13,Standard,Google Ads,1898,660,Medium,True,False
1916,Darren Hawkins,rali@example.net,1984-12-11,Male,Clairetown,Cook Islands,2023-11-16,Standard,Google Ads,4779,623,High,True,False
1917,Miss Yvonne Rogers,fcarr@example.com,1990-07-29,Male,Collinsstad,Guinea-Bissau,2024-12-18,Standard,Organic,2523,726,Medium,False,False
1918,Dr Louis Taylor,akhtarsylvia@example.org,1971-08-15,Female,Pamelaland,Ethiopia,2023-07-29,Standard,Organic,3065,577,High,False,False
1919,Jodie Stewart,khill@example.net,1992-04-29,Female,Katherineville,Turks and Caicos Islands,2024-12-07,Standard,Referral,3791,643,High,True,True
1920,Nigel Holden-Williamson,cherylparsons@example.org,1956-05-13,Male,North Eileen,China,2026-05-24,Standard,Organic,3125,679,Medium,True,False
1921,Mr Declan Brown,dean94@example.net,1964-09-13,Male,Lake Debramouth,United Arab Emirates,2024-06-26,Standard,Organic,1923,592,High,True,False
1922,Dr Bruce Morris,jonathanjones@example.org,1999-05-02,Male,West Kerry,Micronesia,2025-09-30,Standard,Referral,3892,686,Medium,True,False
1923,Miss Carole Hutchinson,conorthomas@example.com,1958-07-21,Non-Binary,East Keithberg,China,2025-02-03,Premium,Organic,6833,699,Medium,True,False
1924,Julie McDonald,ygibson@example.org,1976-03-11,Female,Bentleyhaven,Aruba,2024-12-17,Standard,Facebook Ads,2287,647,High,True,True
1925,Vincent Hall,alexandra38@example.net,1990-10-07,Male,Greenwoodstad,Slovakia (Slovak Republic),2024-12-26,Premium,Referral,7856,570,High,True,True
1926,Georgina Cook,lawrencecoles@example.org,1960-02-16,Male,Robinsonport,Congo,2024-11-04,Standard,Google Ads,4042,602,High,True,True
1927,Mr Danny Andrews,leahbibi@example.org,1958-06-28,Female,Rhysmouth,Mongolia,2024-09-26,Standard,Organic,1865,748,Medium,True,True
1928,Stuart Jackson,relliott@example.net,1986-08-04,Male,Catherineport,Eritrea,2025-11-30,Business,Google Ads,19735,668,Medium,True,False
1929,Dr Naomi Williams,jonesshannon@example.net,1957-08-19,Female,Jamesview,Guinea,2025-01-30,Premium,Google Ads,8283,780,Low,True,False
1930,Dr Holly Taylor,joyce76@example.com,1965-08-17,Female,Jonesland,Sweden,2023-11-24,Premium,Organic,6571,578,High,True,False
1931,Dr Darren Bull,matthewsbrian@example.com,1977-01-12,Male,Eileenport,Indonesia,2026-03-28,Premium,Referral,9374,706,Medium,True,True
1932,Amber White,olewis@example.com,1954-03-15,Female,Port Paige,Cameroon,2024-09-08,Standard,Referral,3763,723,Medium,True,False
1933,Mr Francis Owens,bakerpatricia@example.net,1949-09-27,Male,Nicolastad,Sierra Leone,2024-05-04,Standard,Organic,2249,685,Medium,True,False
1934,Hollie Baxter,hilarymckenzie@example.com,1947-09-16,Male,Port Owen,Suriname,2025-12-24,Standard,Organic,3897,661,Medium,True,False
1935,Dr Shirley Jones,brownjulia@example.com,1978-09-01,Female,North Rachaelfurt,El Salvador,2025-07-31,Standard,Organic,3115,562,High,True,False
1936,Kirsty Russell,charlotte07@example.net,1982-12-11,Female,Turnbulltown,Norway,2023-12-27,Premium,Organic,10588,682,Medium,True,False
1937,Joanna Butler,howellalison@example.org,1963-01-16,Female,Shawstad,British Virgin Islands,2023-07-20,Standard,Referral,4096,726,Medium,False,False
1938,Sian Harrison-Wilson,lawrencejay@example.com,1947-08-13,Male,Storeytown,Haiti,2025-01-20,Premium,Referral,6396,740,Medium,True,True
1939,Mr Charlie Davis,samuel58@example.net,1986-10-08,Male,Lake Tonytown,Angola,2024-02-03,Standard,Referral,4822,714,Medium,True,False
1940,Dennis Harris,xherbert@example.com,1967-02-09,Male,South Tracyview,Mali,2025-09-28,Premium,Google Ads,7120,551,High,True,False
1941,Louise Mills,nicola08@example.net,1974-08-19,Male,Smithmouth,Saint Lucia,2023-07-15,Standard,Referral,2447,679,Medium,True,False
1942,Dean Lawrence,russellharry@example.com,1977-08-05,Male,Port Kathleenton,Luxembourg,2026-04-27,Standard,Referral,4270,770,Low,True,False
1943,Jodie Lawson,kirsty13@example.com,1946-09-22,Female,East Francisport,Paraguay,2024-06-28,Standard,Referral,4079,803,Low,True,False
1944,Brian Clarke,jamie54@example.org,1961-07-09,Non-Binary,Turnerland,Suriname,2024-10-08,Standard,Google Ads,3427,642,High,True,False
1945,Jamie Barker,oosborne@example.net,1991-10-02,Male,Georgiaton,Cote d'Ivoire,2026-05-19,Standard,LinkedIn,4936,645,High,True,False
1946,Roger Martin-Cox,robin03@example.com,1969-01-15,Male,Rogersmouth,Antigua and Barbuda,2025-11-02,Standard,Google Ads,2483,843,Low,True,False
1947,Stuart Walker,clairesullivan@example.net,2003-12-26,Male,Catherinebury,Ecuador,2024-11-01,Premium,Facebook Ads,7925,658,Medium,True,False
1948,Emma Wood,graeme56@example.net,1990-04-02,Male,West Peterport,Haiti,2026-04-05,Standard,Google Ads,3356,640,High,False,False
1949,Kyle Evans,ronald68@example.org,1957-03-23,Female,East Dorothy,United States Virgin Islands,2023-10-07,Standard,Facebook Ads,4007,812,Low,True,False
1950,Claire Ahmed,lewisadrian@example.net,1962-01-02,Male,Kevinville,Tanzania,2024-08-10,Premium,Facebook Ads,11036,719,Medium,True,False
1951,Graeme Coles,francesthomson@example.net,1997-12-16,Female,East Alexanderhaven,Bahrain,2024-11-13,Business,LinkedIn,17147,651,Medium,True,True
1952,Harriet Harrison,rpowell@example.org,1970-08-07,Male,Wilsonhaven,United Kingdom,2024-05-05,Premium,Facebook Ads,8811,574,High,True,False
1953,Marcus Barnett,natasha60@example.net,1971-08-07,Male,Webbchester,Tunisia,2025-06-26,Standard,Organic,3427,724,Medium,True,False
1954,Rachel Wright,angela09@example.com,1972-02-17,Male,East Alexandra,Saint Kitts and Nevis,2026-03-30,Standard,Referral,2519,679,Medium,True,False
1955,Shannon Parsons,zgibson@example.com,1956-01-04,Female,Carolynland,Mongolia,2023-07-01,Standard,Organic,3422,636,High,True,False
1956,Mr Benjamin Stokes,dmatthews@example.org,1952-01-15,Female,Barbaratown,Madagascar,2025-02-16,Standard,Organic,3139,675,Medium,True,True
1957,Christian Bray,marionchambers@example.com,1957-03-16,Male,New Jaynestad,Montserrat,2023-08-20,Standard,Organic,4701,686,Medium,True,False
1958,Ms Rita Campbell,erobinson@example.org,1978-03-04,Female,Kellytown,China,2025-05-01,Premium,Google Ads,8819,540,High,True,True
1959,Chloe Bryant,bparsons@example.com,2001-12-11,Female,Elaineborough,San Marino,2024-08-02,Standard,Facebook Ads,2434,630,High,False,False
1960,Dr Beverley Cook,shawhenry@example.com,1982-08-03,Male,Bruceberg,Lithuania,2026-05-04,Standard,Facebook Ads,2779,715,Medium,True,False
1961,Martin Simpson-Harvey,tobyjones@example.com,1967-01-28,Male,Hannahview,Uzbekistan,2025-10-09,Standard,LinkedIn,3794,725,Medium,True,False
1962,Karen Fletcher,ross14@example.com,1949-07-27,Male,North Jessicaville,South Africa,2026-06-01,Standard,Organic,4239,645,High,True,False
1963,Leon Norris,kerry66@example.org,2005-02-18,Female,Port Leanne,Cuba,2026-05-04,Standard,Facebook Ads,4234,634,High,False,True
1964,Matthew Johnson,abbottshannon@example.com,1990-07-25,Male,North Ashleigh,Tajikistan,2023-08-05,Business,Organic,20444,613,High,True,True
1965,Mr Guy Williams,williselliot@example.net,1992-07-14,Female,South Jemmabury,El Salvador,2025-09-01,Standard,Organic,3056,779,Low,True,False
1966,Cheryl King,opowell@example.org,1958-05-14,Male,Jonesland,Venezuela,2024-03-22,Premium,Referral,9743,718,Medium,True,True
1967,Adrian Smith,kieranthomas@example.net,1975-12-26,Female,West Leonfurt,Slovenia,2023-08-09,Standard,Google Ads,2308,674,Medium,True,False
1968,Kyle Jones,alex79@example.org,1978-09-14,Male,Samuelfurt,Libyan Arab Jamahiriya,2023-08-07,Standard,Google Ads,3570,828,Low,True,False
1969,Mr Raymond Mason,jackgoddard@example.net,1956-03-20,Female,East Julieberg,Zambia,2024-09-10,Standard,LinkedIn,2360,657,Medium,True,True
1970,Ashleigh Begum,armstrongguy@example.org,1994-10-11,Male,Lake Peter,Saint Martin,2025-03-02,Business,Facebook Ads,34556,850,Low,True,False
1971,Victor Leach,grahamjones@example.net,1989-07-15,Male,Hiltonhaven,Andorra,2025-02-28,Standard,Organic,4541,826,Low,True,False
1972,Yvonne Smith,pearsonanne@example.org,1957-06-26,Female,Graemefurt,Nauru,2026-05-30,Premium,Facebook Ads,11663,773,Low,True,False
1973,Gary Williams,wardconnor@example.net,2006-11-27,Male,Jennatown,South Africa,2024-04-12,Premium,Facebook Ads,11229,535,High,False,False
1974,Damien Wilson,joshuaallen@example.net,1993-12-16,Male,Jasonshire,Nauru,2026-01-10,Premium,Google Ads,6682,775,Low,True,False
1975,Eileen Shaw,begumhilary@example.com,1986-07-27,Female,West Nigel,Yemen,2024-03-12,Standard,Organic,3447,774,Low,True,True
1976,Dr Jason O'Neill,patriciaturner@example.net,1994-11-01,Male,Port Max,Tonga,2025-08-21,Standard,Google Ads,3522,647,High,True,False
1977,Georgia Dixon,lambertmichael@example.com,1977-06-12,Male,East Charlie,Cyprus,2023-07-09,Premium,LinkedIn,9074,779,Low,True,False
1978,Max Adams-Dobson,kirstyclarke@example.org,2003-01-29,Male,Burnshaven,Guyana,2026-05-24,Standard,Facebook Ads,2384,770,Low,True,False
1979,Josephine Hill,jjackson@example.org,1964-08-30,Male,Victoriaberg,Greece,2025-08-21,Standard,Organic,4368,655,Medium,True,False
1980,Bruce Gray,grayjanice@example.org,1968-01-28,Male,Katefurt,Montenegro,2026-05-12,Standard,Google Ads,3623,652,Medium,True,False
1981,Emma Collins,stewartsian@example.com,1976-04-26,Male,North Geoffreyborough,Ukraine,2024-04-16,Standard,Facebook Ads,4012,658,Medium,True,False
1982,Miss Ann Shepherd,janice33@example.net,1947-11-28,Male,New Leonardborough,Malaysia,2026-01-14,Premium,Google Ads,6005,740,Medium,True,False
1983,Steven Carey,louiseanderson@example.org,1992-02-23,Male,Williamsburgh,Guam,2023-07-21,Standard,Google Ads,4274,669,Medium,True,False
1984,Oliver Slater,hilarysmith@example.net,2002-07-23,Female,New Caroline,Myanmar,2026-01-01,Business,Referral,25527,683,Medium,True,False
1985,Teresa Hodgson-Osborne,jhoward@example.com,1965-12-31,Male,Williamsberg,Mali,2025-10-06,Premium,Google Ads,5042,725,Medium,True,False
1986,Harriet Bishop,robinsonbethan@example.org,1978-11-13,Male,West Elliott,Armenia,2026-01-09,Standard,Organic,3934,594,High,False,True
1987,Barbara Shaw,caroline20@example.net,1960-11-21,Female,Smithborough,Croatia,2024-03-02,Premium,Referral,8815,816,Low,True,False
1988,Terence Fuller,morrisondylan@example.net,2006-09-05,Male,Lake Raymond,New Zealand,2025-03-11,Premium,Referral,10914,741,Medium,True,False
1989,Gordon Simmons,megan26@example.net,2003-04-02,Female,Daviestown,Turkey,2024-10-23,Standard,Organic,2602,592,High,True,True
1990,Dr Dale Walker,kayleigh73@example.net,1947-06-17,Female,South John,Guatemala,2024-01-17,Premium,Facebook Ads,11970,629,High,True,False
1991,Dr Josh Kaur,bryancunningham@example.com,1985-09-14,Male,North Emma,Svalbard & Jan Mayen Islands,2023-07-05,Standard,Facebook Ads,4374,766,Low,True,False
1992,Mr Reece Abbott,rebeccabell@example.org,1958-05-04,Male,Daviestown,Jamaica,2024-08-08,Standard,Google Ads,3973,713,Medium,True,False
1993,Elliott Burns,stacey68@example.com,1947-08-29,Male,East Geraldine,Dominican Republic,2023-07-04,Standard,Referral,4303,693,Medium,True,False
1994,Ian Marshall-Byrne,johnjones@example.com,1973-05-09,Male,Pearsonside,Syrian Arab Republic,2024-04-17,Standard,Organic,4538,770,Low,True,False
1995,Shane Young,jeffrey26@example.net,1970-12-02,Male,South Douglasfurt,Cambodia,2024-07-02,Business,Referral,30779,608,High,True,False
1996,Suzanne Marsh,stephensrosemary@example.org,1992-06-26,Female,West Matthewside,Anguilla,2025-10-09,Standard,Facebook Ads,4528,709,Medium,False,False
1997,Mrs Jayne Burton,deborah72@example.org,1962-05-18,Male,Nichollsfort,Spain,2024-03-24,Premium,Google Ads,5599,652,Medium,True,False
1998,Charlotte Patel,patelhazel@example.org,1969-12-01,Female,Longmouth,Guadeloupe,2025-06-01,Standard,Facebook Ads,1857,730,Medium,True,True
1999,Hazel McCarthy,marie92@example.net,1954-11-09,Female,Katyland,Sri Lanka,2024-09-03,Premium,Google Ads,6354,754,Low,True,False
2000,Ben Connor,kemperic@example.net,1983-04-28,Female,North Vincentside,Brunei Darussalam,2023-07-17,Standard,Referral,3044,668,Medium,True,False
2001,Patricia Bradley,francis12@example.net,1974-11-14,Female,Cunninghammouth,Sao Tome and Principe,2025-10-02,Premium,Organic,6081,757,Low,True,False
2002,Dr Craig Harrison,natashapratt@example.com,1986-04-23,Female,Terenceborough,Thailand,2024-10-22,Standard,Google Ads,3858,553,High,True,False
2003,Glenn O'Brien-Holmes,charlottehammond@example.com,1975-06-29,Male,Claytonmouth,Wallis and Futuna,2026-06-07,Standard,Organic,3238,677,Medium,False,False
2004,Leanne Roberts,joelucas@example.com,1967-07-24,Female,Sarahland,Mexico,2025-05-15,Standard,Facebook Ads,4513,664,Medium,True,False
2005,Dr Gerard Kelly,mortondaniel@example.net,1992-05-23,Male,New Alexander,Wallis and Futuna,2025-03-16,Premium,Referral,11658,622,High,False,True
2006,Miss Denise Payne,susansmith@example.com,1975-12-18,Female,East Mathewbury,Armenia,2026-06-05,Standard,Google Ads,2212,719,Medium,True,False
2007,Mrs Amanda Smith,vpugh@example.org,2004-10-22,Female,West Fionahaven,Norfolk Island,2024-01-27,Standard,Google Ads,2569,745,Medium,True,False
2008,Miss Lorraine Dickinson,vwilliams@example.com,2002-08-27,Female,Lake Gillian,Nauru,2025-01-29,Premium,Organic,10507,665,Medium,True,False
2009,Mohammed Gray,smithhazel@example.org,2007-08-29,Male,Marionside,Svalbard & Jan Mayen Islands,2024-05-30,Standard,Organic,4265,652,Medium,True,False
2010,Dylan Stanley,fkelly@example.net,1974-01-21,Male,West Paulville,Saint Barthelemy,2023-08-02,Premium,Referral,5837,666,Medium,True,False
2011,Jay Jones,turnerhugh@example.com,1997-12-23,Female,West Sheila,Serbia,2025-05-27,Standard,Organic,3689,744,Medium,True,False
2012,Dorothy King,jacqueline47@example.org,1979-01-08,Male,Leanneview,Hungary,2023-11-07,Standard,Facebook Ads,3604,621,High,True,False
2013,Beth Rose,hollyphillips@example.com,1985-09-15,Male,South Heather,Spain,2025-08-07,Standard,Organic,4219,663,Medium,True,False
2014,Janice Wells-Simpson,jonesemma@example.com,1971-12-03,Male,Port Jane,Hungary,2023-09-06,Standard,Organic,4512,718,Medium,False,False
2015,Kenneth Holmes,tomwright@example.org,1946-06-06,Female,East Graceshire,Christmas Island,2025-05-14,Standard,Facebook Ads,3597,709,Medium,True,False
2016,Bruce Dunn,jonesgareth@example.com,1966-07-06,Male,Lake Hughton,Indonesia,2025-04-24,Premium,Referral,5921,827,Low,True,False
2017,Julia Marshall,antony18@example.net,1982-11-15,Male,Lake Christian,Kuwait,2024-02-11,Standard,Organic,3834,661,Medium,True,False
2018,Francis Patel-O'Neill,ilee@example.org,1978-11-19,Male,Port Jasonberg,France,2025-08-06,Standard,Organic,4565,754,Low,True,False
2019,Christopher Leach,masonjosh@example.net,1961-10-03,Male,Turnerhaven,Cayman Islands,2024-12-01,Standard,Facebook Ads,2182,684,Medium,True,False
2020,Louise Pollard,harrisjoe@example.org,2004-04-09,Female,North Nigel,Palau,2024-07-29,Standard,Facebook Ads,4042,695,Medium,True,False
2021,Cheryl Bates,gail36@example.com,1984-05-26,Female,Bondton,Costa Rica,2025-07-05,Standard,Referral,2790,768,Low,False,False
2022,Dr Gavin Jenkins,justinroberts@example.net,2003-03-15,Female,West Shanemouth,Holy See (Vatican City State),2024-07-18,Standard,Google Ads,3472,751,Low,True,False
2023,Adam Reed,justin62@example.org,1971-02-08,Male,Lake Garethbury,Slovakia (Slovak Republic),2023-07-22,Standard,Referral,3437,630,High,True,False
2024,Carolyn Wright,stewart31@example.org,2000-09-14,Female,Rogersstad,Burundi,2026-03-04,Standard,Facebook Ads,3811,595,High,True,False
2025,Catherine Berry,csmith@example.net,1966-12-27,Male,Abigailfort,Jamaica,2025-08-08,Standard,Google Ads,3063,843,Low,True,False
2026,Paul Anderson,shaun98@example.com,2007-09-27,Male,Joefort,Faroe Islands,2023-08-28,Standard,Google Ads,3329,576,High,True,True
2027,Gareth Begum,janetmorgan@example.org,1963-04-11,Male,Port Christopher,Nicaragua,2024-04-24,Standard,Google Ads,2843,814,Low,True,False
2028,Bethany Fox,geraldine06@example.net,1959-12-22,Female,North Elizabeth,Guam,2025-07-04,Standard,Google Ads,2077,789,Low,True,False
2029,Marie Thompson,roger37@example.org,2004-03-09,Male,Stephaniestad,Uzbekistan,2025-07-17,Business,Google Ads,31061,850,Low,False,False
2030,Dr Hilary Johnson,sheilabooth@example.org,1981-08-16,Male,Lake Rosie,Anguilla,2025-09-25,Standard,Facebook Ads,3687,540,High,True,True
2031,Gregory Bishop,harrisonalexander@example.net,1961-04-07,Male,Lake Darrenburgh,Saudi Arabia,2025-07-22,Standard,LinkedIn,3446,602,High,True,False
2032,Jacob Parkes,juliagill@example.net,1962-02-05,Male,Port Joshstad,Mali,2023-10-29,Standard,Referral,2522,607,High,True,True
2033,Miss Maria Fry,phillipahmed@example.org,1990-05-22,Female,East Lydiatown,Liechtenstein,2024-05-10,Standard,Google Ads,4248,718,Medium,True,True
2034,Michael Williamson,teresa30@example.net,1955-05-31,Female,Lake Paula,Brunei Darussalam,2026-05-20,Premium,Referral,8591,807,Low,True,False
2035,Kate Knight,elliot06@example.net,1957-09-29,Female,Annemouth,San Marino,2023-09-27,Standard,Organic,3767,801,Low,True,False
2036,Dr Shaun Ross,gsmith@example.com,1968-09-05,Female,Lake Kirsty,Lesotho,2025-12-16,Standard,Organic,2610,629,High,True,True
2037,Patricia Smith,glen87@example.org,1952-03-17,Male,East Dianastad,Cote d'Ivoire,2024-09-24,Standard,Referral,2641,704,Medium,True,False
2038,Ms Sara Williams,whitemartyn@example.org,1987-01-13,Female,South Ellieport,Turks and Caicos Islands,2024-06-26,Premium,Referral,8801,686,Medium,True,False
2039,Irene Bell-Tucker,perrycarol@example.com,1954-07-30,Male,Gibbonsmouth,Mayotte,2023-07-19,Standard,Organic,4053,602,High,True,False
2040,Dr Sara Smith,ecarter@example.net,2008-02-06,Female,Wayneborough,Aruba,2023-10-28,Standard,Google Ads,3306,501,High,True,False
2041,Debra Hill-Morgan,pearsonrosie@example.net,1971-02-17,Female,Jenningsland,Senegal,2023-07-02,Standard,Organic,3333,648,High,False,False
2042,Dr Ronald Wilson,bernard53@example.org,1958-03-07,Female,Karlport,Georgia,2026-02-01,Standard,Facebook Ads,2881,710,Medium,True,False
2043,Dr Leigh Morris,jwillis@example.com,1999-08-04,Female,West Paulachester,Wallis and Futuna,2023-06-12,Standard,Facebook Ads,3057,799,Low,True,False
2044,Jamie Knight-Porter,uosullivan@example.com,1957-03-14,Male,Lake Naomi,Turks and Caicos Islands,2024-06-09,Standard,Organic,2866,782,Low,True,False
2045,Mr Brandon Kelly,june33@example.net,1964-07-19,Male,Leonardton,Micronesia,2025-04-13,Premium,LinkedIn,8998,780,Low,False,False
2046,Cameron Johnston,rwhite@example.com,1997-04-02,Non-Binary,Deborahtown,Colombia,2025-11-20,Standard,Google Ads,3008,743,Medium,False,False
2047,Dr Ross Ryan,darren78@example.net,1963-12-29,Female,North Malcolm,Guinea-Bissau,2023-07-04,Standard,Google Ads,2414,585,High,False,True
2048,Scott Miller,terencechambers@example.org,1995-08-09,Male,Smithburgh,Norway,2024-09-07,Standard,LinkedIn,4129,514,High,True,False
2049,Timothy Hunt,bethany64@example.com,1998-10-03,Non-Binary,Chapmanfort,Uzbekistan,2023-12-05,Standard,Organic,2549,579,High,True,False
2050,Oliver Butler,harpergeraldine@example.org,2003-05-15,Female,Port Josephinefort,Korea,2024-11-17,Standard,Organic,3961,718,Medium,True,False
2051,Miss Janice Edwards,jacksonjoyce@example.net,1989-10-16,Female,Lake Marystad,Greece,2023-07-20,Standard,Facebook Ads,2674,704,Medium,True,False
2052,Dawn Harvey,leonardwalker@example.org,1953-01-29,Female,North Ruthview,Finland,2025-10-11,Standard,Google Ads,1860,777,Low,False,False
2053,Anthony Watson,hughbutcher@example.com,1993-03-31,Female,West Mohamed,Norway,2024-09-18,Standard,LinkedIn,3530,789,Low,True,False
2054,Paige Morgan,fsimpson@example.com,1956-12-07,Male,East Abigailbury,Brunei Darussalam,2025-06-26,Standard,Referral,3062,789,Low,True,False
2055,Frances Dawson-Clarke,bentleyjack@example.net,1969-10-18,Female,Lake Lawrencefurt,Central African Republic,2025-06-03,Premium,Organic,6702,713,Medium,True,False
2056,Stacey Long,guy55@example.org,1986-03-08,Male,Lake Rachelchester,Jersey,2024-04-14,Standard,Facebook Ads,4378,710,Medium,True,False
2057,Katy Dale,zdavies@example.com,2002-12-02,Female,Daviesmouth,Sudan,2025-04-23,Standard,Organic,2276,733,Medium,False,False
2058,Aimee Finch,fhawkins@example.com,1952-07-18,Female,Lake Deborahton,Western Sahara,2024-11-23,Standard,Referral,4558,735,Medium,True,False
2059,Nicole Edwards-Pratt,harrietwallace@example.org,1987-10-22,Male,West Connor,Iceland,2025-01-21,Standard,Google Ads,3074,675,Medium,True,False
2060,Ms Samantha Brown,yward@example.net,1960-04-08,Female,South Josephstad,Sri Lanka,2023-09-07,Standard,Organic,3710,749,Medium,True,False
2061,Declan Cox-Bevan,allenamy@example.org,1964-05-06,Female,New Katherineville,Cuba,2023-10-13,Standard,Organic,3323,813,Low,True,False
2062,Damian Hyde,stewart44@example.org,1950-10-17,Male,Lukeside,Japan,2026-03-14,Premium,Organic,9678,781,Low,True,False
2063,Scott Griffiths,harry34@example.org,1988-05-17,Female,Valeriefurt,Latvia,2023-07-14,Standard,Referral,3592,756,Low,True,True
2064,Jason Evans,jamie68@example.org,1979-03-25,Male,East Benburgh,Guatemala,2025-11-26,Standard,Referral,2368,762,Low,True,False
2065,Leslie Singh,katewalker@example.org,1984-07-16,Female,North Graeme,Egypt,2023-08-30,Standard,Google Ads,4815,767,Low,True,False
2066,Owen Walker,bhilton@example.com,1989-03-07,Female,Youngberg,San Marino,2023-07-13,Premium,Organic,11922,723,Medium,True,False
2067,Conor Cook,beth14@example.net,1956-09-28,Female,Yatesfort,Anguilla,2024-12-08,Standard,Google Ads,3963,704,Medium,True,False
2068,Kimberley White,kim34@example.com,1955-02-24,Female,Clarkmouth,Guyana,2025-07-13,Standard,Google Ads,2790,684,Medium,True,False
2069,Alexander Taylor,fionaward@example.net,1959-06-24,Male,New Sophiemouth,Cayman Islands,2024-10-24,Premium,Google Ads,7498,706,Medium,False,False
2070,Mr Arthur Jones,suzanne19@example.net,1966-11-17,Female,Joannaview,Taiwan,2025-07-11,Standard,LinkedIn,2103,740,Medium,True,False
2071,David Knight,jonesduncan@example.org,1989-07-08,Male,Daviesshire,Maldives,2026-03-29,Premium,Google Ads,5163,660,Medium,True,False
2072,Joyce Williams,wwilliams@example.com,1967-08-26,Male,West Kim,Western Sahara,2026-03-02,Standard,Organic,3148,609,High,True,False
2073,Ruth Porter,marshstacey@example.com,1976-05-30,Non-Binary,Staceyborough,Suriname,2024-09-30,Premium,Referral,5432,772,Low,True,False
2074,Maureen Watson,arthursimpson@example.net,1987-05-27,Male,North Colinland,Costa Rica,2024-05-26,Business,Organic,19670,732,Medium,False,False
2075,Miss Emma Bell,samuel16@example.net,1991-06-07,Male,Kellymouth,Norfolk Island,2026-02-20,Premium,Facebook Ads,5697,727,Medium,True,False
2076,Elizabeth Douglas,joegallagher@example.net,1971-06-25,Female,Port Billy,Cyprus,2024-09-16,Standard,Facebook Ads,4110,725,Medium,True,False
2077,Timothy Anderson-Thompson,gary68@example.net,1968-12-22,Male,Jessicaberg,Eritrea,2024-05-05,Premium,LinkedIn,10021,586,High,True,False
2078,Miss Marion Smart,westalex@example.org,1965-01-28,Female,Lake Philip,Sri Lanka,2025-02-04,Standard,Organic,3955,622,High,False,True
2079,Jamie Webster,ehussain@example.org,1950-07-16,Male,East Carolynchester,Greece,2023-09-14,Standard,Organic,3912,716,Medium,True,False
2080,Miss Sophie O'Sullivan,clarkeleonard@example.com,1979-07-03,Female,Port Sheilabury,Belarus,2023-10-22,Standard,LinkedIn,2037,769,Low,True,False
2081,Dr Joe Porter,finchamanda@example.org,1989-10-23,Female,New Tracy,Micronesia,2023-12-06,Standard,LinkedIn,4439,705,Medium,True,False
2082,Catherine Robinson,whitebryan@example.com,1959-08-08,Male,Port Damienmouth,Belarus,2025-09-11,Standard,Referral,4374,645,High,True,True
2083,Nigel Graham,fredericksingh@example.org,1999-01-15,Male,West Frederick,Zimbabwe,2025-05-06,Premium,Google Ads,9914,591,High,True,False
2084,Vanessa Read-Patel,tracey95@example.org,1997-05-08,Male,West Phillip,Belarus,2026-04-19,Standard,Referral,4976,694,Medium,True,False
2085,Allan Andrews,edward18@example.com,2003-09-22,Male,North Stephenmouth,Antarctica (the territory South of 60 deg S),2026-02-25,Standard,Facebook Ads,2234,611,High,True,False
2086,Cameron Green-Parker,rosshughes@example.com,1978-10-07,Female,Marilynton,Samoa,2025-07-17,Standard,LinkedIn,4206,681,Medium,True,True
2087,Derek Hodgson,mccarthybradley@example.com,2007-05-17,Male,East Jack,Canada,2025-05-24,Standard,Facebook Ads,3302,505,High,True,False
2088,Dr Rhys Kemp,josephpatterson@example.org,1992-11-29,Non-Binary,Shirleyport,Spain,2024-11-07,Standard,Google Ads,2384,769,Low,True,True
2089,Samantha McKenzie,jenniferlynch@example.org,1946-10-25,Male,Alexfurt,Croatia,2024-09-06,Standard,Facebook Ads,3692,589,High,False,False
2090,Miss Amber Adams,abigail65@example.com,1974-10-29,Male,South Kerryside,Syrian Arab Republic,2024-12-27,Standard,Organic,4148,732,Medium,False,False
2091,Kevin Mitchell,albertthomas@example.com,1953-02-13,Female,Port Aaronberg,Sudan,2024-04-18,Standard,Referral,4841,659,Medium,True,False
2092,Bethany Martin-Gill,daviessylvia@example.com,1983-04-22,Female,New Jennifer,Trinidad and Tobago,2024-07-24,Standard,Organic,2348,689,Medium,True,False
2093,Anthony Hargreaves,wilsonsandra@example.com,1993-02-23,Female,Deborahview,Japan,2025-04-01,Standard,Referral,3216,792,Low,False,False
2094,Jayne Jones,donald10@example.net,1984-05-18,Male,South Paula,Sierra Leone,2026-03-21,Standard,Google Ads,4252,605,High,True,False
2095,Laura Edwards,astevens@example.org,1957-01-26,Male,Batesport,Andorra,2026-03-14,Premium,Facebook Ads,8590,772,Low,True,False
2096,Bryan Blake-Wood,fergusonterry@example.net,1977-09-04,Male,East Carlville,Norfolk Island,2025-12-20,Standard,Referral,3146,662,Medium,False,False
2097,Joel White,payneannette@example.com,1951-10-26,Male,Thompsonhaven,Palau,2023-08-21,Standard,Referral,1843,698,Medium,True,False
2098,Dr Hannah Davies,jake89@example.com,1960-07-04,Female,Margaretburgh,Afghanistan,2023-11-03,Standard,Referral,3067,582,High,True,True
2099,Lewis Hurst-Gibbons,alice08@example.net,1992-09-24,Male,Woodwardport,South Africa,2023-11-05,Standard,LinkedIn,2248,589,High,True,False
2100,William Matthews,graeme33@example.net,2007-09-22,Female,Campbellchester,Lao People's Democratic Republic,2025-06-30,Standard,Referral,3383,747,Medium,True,False
2101,Dr Frederick Wallace,vincentdeborah@example.net,1969-07-25,Female,Porterhaven,Gabon,2023-06-14,Premium,Organic,9743,595,High,True,False
2102,Lynne Bennett,jparry@example.org,1947-06-22,Male,North Jamieside,Antarctica (the territory South of 60 deg S),2025-04-09,Standard,Google Ads,4733,784,Low,True,False
2103,Natalie Rose,hartglen@example.net,2001-10-30,Non-Binary,Iainberg,Niue,2026-01-19,Premium,Facebook Ads,7910,802,Low,True,False
2104,Julian Murphy,suzanne98@example.org,1950-03-04,Female,Dixonland,Chad,2024-08-30,Premium,Referral,9869,690,Medium,True,False
2105,Michael James,gary96@example.net,1968-06-30,Male,Lake Jeffrey,Slovakia (Slovak Republic),2026-03-23,Standard,Google Ads,2055,608,High,True,False
2106,Russell Kaur,gordonjosh@example.net,2004-04-13,Male,North Dianechester,Lebanon,2025-12-25,Standard,Facebook Ads,3037,705,Medium,True,True
2107,Gordon Slater-Smith,heather44@example.com,1990-01-01,Female,Lake Victoria,Benin,2024-08-07,Standard,Facebook Ads,3264,718,Medium,True,False
2108,Mr Lee Graham,mitchellmary@example.org,1982-12-12,Female,Freemanstad,United States Virgin Islands,2025-04-29,Standard,Organic,2981,803,Low,True,False
2109,Ryan Hopkins-Bruce,dominicdawson@example.org,1967-12-12,Female,North Katiebury,Montserrat,2024-08-26,Standard,Organic,1863,592,High,False,False
2110,Dr Gordon Ford,mohammed09@example.org,1948-11-17,Female,Gillianside,Tokelau,2024-03-02,Standard,Organic,3091,703,Medium,True,False
2111,Dr Lee Moore,begumsharon@example.org,1991-07-05,Male,Grayside,Bahrain,2024-09-02,Standard,Google Ads,3151,675,Medium,True,False
2112,Dr Dale Abbott,terenceandrews@example.org,2000-06-02,Female,Lake Patricia,Vietnam,2025-07-06,Standard,Google Ads,1989,751,Low,True,True
2113,Rachael Stevens-Woodward,emma29@example.org,1972-08-23,Male,North Alexandra,Sudan,2024-09-25,Standard,Google Ads,3542,747,Medium,True,False
2114,Shannon Manning,hharvey@example.org,1981-01-14,Male,Sullivanchester,Kuwait,2024-02-04,Standard,Google Ads,1941,623,High,True,True
2115,Natalie Mistry,brucebarton@example.net,1996-03-05,Female,West Alisonmouth,Dominica,2024-04-22,Premium,Organic,6909,763,Low,True,False
2116,Sharon Rogers,jamesmoore@example.org,1966-04-29,Male,West Malcolm,Guernsey,2024-09-14,Standard,Organic,4862,672,Medium,False,False
2117,Oliver Brooks,parsonssean@example.com,1974-01-03,Female,Duncanborough,British Indian Ocean Territory (Chagos Archipelago),2024-04-11,Standard,Organic,2326,648,High,True,True
2118,Mrs Stacey Burton,qgregory@example.org,2005-10-11,Female,Bennettmouth,Saint Helena,2025-02-20,Standard,Organic,2573,787,Low,True,False
2119,Amanda Miles,garry91@example.org,1998-04-11,Male,Rachaelside,South Georgia and the South Sandwich Islands,2024-08-15,Standard,Referral,2289,817,Low,True,False
2120,Dr Frederick Elliott,williamsalan@example.org,1960-03-04,Male,Port Paul,Uruguay,2023-09-14,Standard,Referral,3537,723,Medium,True,False
2121,Mrs Sharon Cooper,cward@example.com,1961-12-11,Male,Port Colinfort,Japan,2023-07-22,Business,Organic,31329,787,Low,True,False
2122,Dr Marion Walker,damien03@example.org,1992-01-12,Male,Barkertown,Jersey,2023-11-24,Standard,Google Ads,4405,672,Medium,True,False
2123,Reece Davies,rosekate@example.org,2003-07-21,Female,Pickeringfort,Argentina,2025-02-12,Standard,Facebook Ads,3404,615,High,True,False
2124,Dr Nicole Thompson,harriskaren@example.org,1989-11-22,Female,Nichollsview,Cayman Islands,2026-01-28,Standard,Organic,4148,826,Low,True,False
2125,Heather Haynes,xbennett@example.com,1969-11-11,Female,Leahburgh,Sri Lanka,2024-12-28,Premium,Organic,11175,718,Medium,True,False
2126,Dr Joseph Francis,evanshayley@example.com,1991-03-02,Female,Melaniehaven,British Indian Ocean Territory (Chagos Archipelago),2025-12-18,Standard,Facebook Ads,2464,696,Medium,True,False
2127,Mr Derek Brown,jillparsons@example.com,1961-12-23,Female,Lake Toby,Vanuatu,2023-10-18,Standard,Organic,2084,608,High,True,False
2128,Dr Wayne Cartwright,lindarussell@example.net,1976-09-01,Female,Benjaminfurt,Saudi Arabia,2024-06-21,Standard,Google Ads,4697,719,Medium,False,False
2129,Geraldine Hussain,malcolm89@example.org,1976-03-01,Male,Donnaside,Costa Rica,2026-04-28,Standard,Organic,3190,850,Low,True,False
2130,Kelly Smith,ujones@example.net,1948-05-08,Male,East Glennshire,Saint Helena,2026-03-08,Standard,Referral,4275,554,High,True,True
2131,Mr Julian Bradley,aaronwilliams@example.net,1973-01-24,Male,Tinashire,Brazil,2026-04-02,Premium,Facebook Ads,8940,704,Medium,False,True
2132,Dr Julian Nash,elliotporter@example.net,1962-07-16,Female,Harveychester,Turkey,2025-11-22,Standard,Organic,1940,668,Medium,True,False
2133,Marian Patel,kriley@example.com,1971-05-04,Male,Benjaminfurt,French Guiana,2025-09-01,Standard,Organic,4560,820,Low,True,False
2134,Amber White,cwilliams@example.net,1990-07-18,Female,Kathleenfort,Senegal,2023-08-26,Standard,LinkedIn,1876,462,High,False,False
2135,Sophie Lowe,mcdonaldjoe@example.net,1995-03-18,Male,South Paul,Guatemala,2025-04-18,Standard,Google Ads,3667,721,Medium,True,False
2136,Ms Danielle Farrell,abbie04@example.net,1961-10-23,Male,Sarahhaven,Belarus,2024-02-05,Standard,Facebook Ads,3102,834,Low,True,False
2137,Dr Liam Horton,ecook@example.net,1969-05-26,Female,West Michellestad,Timor-Leste,2023-12-04,Standard,Organic,4958,648,High,True,False
2138,Phillip Butler-Wright,iainking@example.com,1948-03-01,Female,Brianstad,Myanmar,2025-09-03,Standard,Organic,4140,654,Medium,True,False
2139,Miss Charlene Hall,christopher23@example.com,1965-01-22,Male,Edwardsbury,French Guiana,2024-10-15,Standard,Organic,4702,740,Medium,True,False
2140,Toby Pollard,bethanyjohnson@example.net,1991-07-22,Male,Josephineton,Eritrea,2025-09-16,Standard,Google Ads,2944,583,High,True,False
2141,Danielle Stanley,pmartin@example.com,1953-03-03,Male,Katherinefurt,Cameroon,2024-06-27,Standard,Referral,2111,779,Low,True,False
2142,Dr Suzanne Daniels,tdavis@example.com,1946-05-29,Male,Lake Angela,Belgium,2025-05-26,Standard,Referral,4843,696,Medium,True,False
2143,Mrs Megan Sharp,mbooth@example.org,1988-07-24,Male,Pearcefort,Zambia,2024-12-05,Standard,Referral,2295,726,Medium,True,False
2144,Rachel Smith,qcarpenter@example.org,1975-08-13,Male,Port Abbiehaven,Antarctica (the territory South of 60 deg S),2023-10-22,Premium,Referral,11159,761,Low,False,False
2145,Katie Ashton,marc22@example.net,1958-09-25,Male,Rogerhaven,Wallis and Futuna,2025-03-04,Premium,Google Ads,5561,763,Low,True,False
2146,Dr Marcus Morris,sandrawood@example.org,1999-03-02,Male,Natalieberg,Brazil,2025-05-14,Premium,Referral,10328,676,Medium,True,False
2147,Nicholas Taylor,brenda94@example.net,1974-04-14,Male,Port Lindafurt,Bouvet Island (Bouvetoya),2025-01-25,Premium,Google Ads,5747,712,Medium,True,False
2148,Carl Clark,geraldinewood@example.com,2007-07-06,Female,Abdulport,Isle of Man,2024-08-12,Standard,Organic,3363,722,Medium,True,False
2149,Miss Dorothy Garner,bennettliam@example.com,2003-03-23,Female,West Hughfurt,Tunisia,2025-02-13,Premium,Google Ads,6419,728,Medium,True,False
2150,Ms Sheila Wilson,maria83@example.com,1976-03-30,Female,Jacobville,Gambia,2025-01-09,Standard,Organic,4458,593,High,True,True
2151,Mr Nigel Warren,alison24@example.net,1985-09-28,Male,Lake Barbarafort,Hungary,2024-03-29,Standard,Organic,2151,601,High,True,False
2152,Ms Rosemary Macdonald,smithjoshua@example.com,2005-09-03,Male,Hillchester,Argentina,2024-09-18,Standard,Google Ads,3378,710,Medium,True,True
2153,Max Wallace,cameronsian@example.org,1978-10-31,Female,Millerview,Uganda,2024-04-05,Standard,Google Ads,3580,691,Medium,True,False
2154,Rachel Hyde,xwilson@example.net,1993-10-16,Female,North Rhysstad,Lao People's Democratic Republic,2023-09-25,Standard,Referral,2108,684,Medium,True,False
2155,Mr Joshua Conway,stephanie98@example.net,1998-11-11,Male,Lake Damienport,British Indian Ocean Territory (Chagos Archipelago),2024-05-18,Standard,Google Ads,3628,674,Medium,True,False
2156,Dr Kayleigh Smith,richardsoneleanor@example.org,1958-08-27,Male,Lake Emilyview,Cyprus,2025-10-28,Standard,Facebook Ads,3777,703,Medium,True,False
2157,Mrs Valerie Bryan,terrypope@example.net,1994-03-14,Female,Lake Andreamouth,Netherlands,2024-05-23,Premium,Facebook Ads,7324,615,High,True,True
2158,Sam Greenwood-Clarke,kevin29@example.com,2005-06-17,Male,Robinsonfurt,Lithuania,2026-06-11,Premium,Google Ads,10139,809,Low,False,True
2159,Thomas Lloyd,fhawkins@example.org,2002-01-07,Female,East Stanleytown,Turkey,2024-04-25,Standard,Google Ads,4011,694,Medium,True,False
2160,Ruth Hewitt,mevans@example.com,1955-12-27,Female,Joestad,Poland,2023-09-28,Standard,Google Ads,2821,658,Medium,True,False
2161,Claire Gordon,sara11@example.net,1959-09-17,Female,New Neil,Gibraltar,2026-06-04,Premium,Organic,9264,700,Medium,True,False
2162,Rhys Begum,joyce73@example.net,1969-02-01,Female,Robertfort,Mayotte,2024-11-22,Premium,LinkedIn,6244,601,High,True,False
2163,Dr Louise Lee,fcrawford@example.org,2006-10-01,Non-Binary,Jonesmouth,Azerbaijan,2023-12-18,Premium,Google Ads,5012,785,Low,True,False
2164,Joshua Carter,annette89@example.org,1984-01-17,Female,Taylorberg,Cote d'Ivoire,2023-12-26,Premium,LinkedIn,9171,769,Low,True,False
2165,Malcolm Palmer,zcoleman@example.com,1981-08-03,Female,Lake Andrew,Saint Kitts and Nevis,2026-01-16,Standard,Organic,4207,589,High,True,False
2166,Suzanne Crawford,zblackburn@example.com,1962-08-10,Female,Webbchester,Tonga,2025-03-12,Premium,LinkedIn,7529,717,Medium,True,False
2167,Rita Davies-Brown,joel80@example.net,2000-04-17,Male,Lake Clive,Saint Barthelemy,2026-03-14,Standard,Organic,4446,642,High,True,False
2168,Dr Raymond Mason,kevin79@example.com,1982-02-20,Male,Emmaland,Holy See (Vatican City State),2025-07-19,Standard,Referral,4346,633,High,True,True
2169,Ricky Dawson,patelterry@example.net,1947-07-23,Male,Hodgsonborough,Palestinian Territory,2025-02-12,Premium,Referral,9848,747,Medium,True,False
2170,Dr Samantha Jones,adouglas@example.net,1986-01-17,Female,New Garymouth,Oman,2025-09-15,Standard,Google Ads,2504,621,High,True,False
2171,Justin Manning,yevans@example.org,1963-12-20,Female,Lake Josephineview,Montenegro,2024-04-13,Standard,Google Ads,3986,798,Low,True,False
2172,Dr Ryan Spencer,shaunowen@example.com,2007-05-16,Female,Garnerchester,Tajikistan,2023-10-19,Standard,LinkedIn,2026,734,Medium,True,False
2173,Leon Porter,janet43@example.com,1964-11-15,Female,Barnettfurt,Netherlands Antilles,2024-01-27,Standard,Organic,3592,793,Low,True,False
2174,Dr Steven Donnelly,frederickpope@example.net,1956-11-11,Female,South Hayley,United Arab Emirates,2023-10-17,Premium,Organic,7311,757,Low,True,False
2175,Christian Rees,drobertson@example.com,1977-03-15,Female,East Kathleenstad,China,2025-01-16,Standard,Referral,1800,676,Medium,True,False
2176,Laura Dale,hargreaveseileen@example.org,1951-07-04,Female,Greenborough,Germany,2024-02-08,Standard,Organic,2384,634,High,True,False
2177,Mark Khan,teresa17@example.org,2005-10-08,Female,New Jamesburgh,Svalbard & Jan Mayen Islands,2025-04-29,Standard,Organic,4695,603,High,True,True
2178,Dominic Davies,dwalker@example.net,1969-10-02,Male,Daviesborough,Vanuatu,2025-09-06,Premium,Organic,7840,647,High,True,False
2179,Mr Rhys Martin,ronaldjackson@example.net,1969-01-28,Female,Woodchester,Guyana,2023-09-12,Standard,Google Ads,3563,721,Medium,True,False
2180,Linda Saunders-Barton,kylethomas@example.net,1958-12-16,Female,Lake Christophermouth,Uganda,2023-11-29,Standard,Facebook Ads,3396,617,High,True,False
2181,Rita Davies-Black,simpsonallan@example.org,1993-06-23,Female,Port Bethanyside,Heard Island and McDonald Islands,2025-01-18,Premium,Facebook Ads,6365,644,High,True,False
2182,Leon Woodward,spearce@example.com,1956-10-22,Male,Port Nigel,Korea,2025-06-26,Standard,Organic,4003,695,Medium,True,False
2183,Jacob Ball,donald26@example.com,1997-04-04,Female,Noblemouth,Peru,2025-01-09,Standard,LinkedIn,2675,740,Medium,False,True
2184,Catherine Ward,gregoryscott@example.com,1973-09-05,Male,Ashleighfurt,Singapore,2025-01-26,Standard,LinkedIn,3905,778,Low,True,False
2185,Jeffrey Ford-Watts,smartin@example.com,1968-04-16,Non-Binary,Jodietown,Martinique,2026-04-13,Standard,Google Ads,3950,779,Low,True,False
2186,Vincent Holloway-Day,griffinbethany@example.org,1996-06-11,Male,Lake Aaron,Paraguay,2024-08-08,Standard,Referral,2877,769,Low,True,False
2187,Jeffrey Carter,susan31@example.com,2008-03-16,Male,East Dominic,Iraq,2024-06-20,Premium,Google Ads,5363,719,Medium,True,True
2188,Glen Jones-Khan,ykhan@example.net,1965-02-03,Male,South Harry,Korea,2023-09-05,Standard,Google Ads,4016,657,Medium,True,False
2189,Jill Lucas,stanley68@example.com,2008-03-05,Male,Ruthfort,Central African Republic,2025-02-26,Standard,Referral,4744,584,High,False,False
2190,Mrs Josephine Read,diane47@example.net,1999-11-10,Male,South Reecestad,Poland,2025-04-12,Standard,Organic,4404,544,High,True,True
2191,Mrs Charlotte Saunders,jessica81@example.net,1965-02-12,Female,New Rita,Moldova,2024-02-05,Standard,Google Ads,4326,723,Medium,True,False
2192,Norman King,benjaminlong@example.org,1985-11-11,Male,West Naomi,Puerto Rico,2023-07-30,Standard,Organic,4086,663,Medium,True,False
2193,Samuel Turner-Smith,jilldavis@example.com,2000-06-21,Non-Binary,Clarkborough,Tokelau,2026-01-11,Standard,Organic,4801,730,Medium,True,False
2194,Ms Gail Mitchell,twilkinson@example.com,2005-04-17,Female,New Brett,Cocos (Keeling) Islands,2025-01-10,Standard,LinkedIn,3613,483,High,True,False
2195,Oliver Howell,gyates@example.org,1969-10-09,Female,North Liam,Chile,2025-09-07,Standard,Facebook Ads,2941,696,Medium,True,False
2196,Joshua Smith,beverleycoates@example.com,1988-02-06,Female,West Pamelashire,Cyprus,2025-10-08,Standard,Facebook Ads,3424,679,Medium,True,False
2197,Robert Butler,whill@example.org,1964-01-15,Male,Alexandraburgh,Mali,2025-01-13,Standard,Referral,4412,654,Medium,True,False
2198,Colin Field,phillipsinclair@example.net,1945-08-24,Male,West Beth,Eritrea,2025-02-08,Standard,Organic,4560,747,Medium,False,False
2199,Richard Evans,vincenttaylor@example.org,1967-02-23,Female,Storeyfort,Cayman Islands,2026-01-23,Standard,Google Ads,3549,702,Medium,True,False
2200,Tony Lee,lynnekirk@example.com,1970-01-22,Female,West Adriantown,Cocos (Keeling) Islands,2024-10-29,Business,Facebook Ads,30041,675,Medium,False,False
2201,Kathryn Turner,dean34@example.net,1949-07-03,Male,Hannahfort,United States of America,2025-02-10,Premium,Referral,9018,574,High,False,True
2202,Julie Morgan,hughesjosh@example.net,1992-03-05,Male,Jonesstad,French Guiana,2026-04-12,Standard,LinkedIn,3288,850,Low,True,False
2203,Patrick Taylor,waderyan@example.com,1987-03-17,Female,Kathrynport,Antigua and Barbuda,2026-04-30,Standard,LinkedIn,2404,751,Low,True,False
2204,Timothy Edwards-Anderson,ifox@example.org,1979-11-08,Female,Guyberg,Philippines,2025-10-16,Standard,Organic,3803,717,Medium,True,False
2205,Mr Peter Gibson,alice97@example.net,1967-05-01,Female,Thomasburgh,Nepal,2025-09-30,Standard,Facebook Ads,2653,765,Low,True,False
2206,Connor Hicks,heather73@example.org,1980-01-25,Female,West Damienbury,Falkland Islands (Malvinas),2024-08-03,Standard,Google Ads,2463,752,Low,True,False
2207,Lynn Nelson,marcwilson@example.org,2001-05-11,Male,Williamhaven,Syrian Arab Republic,2023-07-20,Business,Referral,33561,577,High,True,False
2208,William Bruce,julie05@example.org,1977-01-13,Female,Begumfurt,Congo,2023-10-23,Standard,Google Ads,3934,812,Low,False,False
2209,Charlie Hammond,josh77@example.com,1951-08-07,Female,West Catherineton,Martinique,2025-01-30,Premium,Google Ads,6225,786,Low,False,False
2210,Miss Diane Turner,morgankerry@example.org,2004-03-25,Female,West Clare,Montserrat,2025-01-23,Business,Organic,30831,647,High,True,False
2211,Mr Dominic Chapman,gavinfaulkner@example.org,1968-03-03,Female,Hughesborough,Greece,2025-11-27,Standard,Organic,2039,631,High,True,True
2212,Joel Slater,richardburton@example.net,1989-05-07,Female,Elliottborough,Belarus,2024-06-23,Standard,Google Ads,3743,740,Medium,True,False
2213,Stewart Smart,louis68@example.com,2002-01-17,Non-Binary,Glenberg,Antarctica (the territory South of 60 deg S),2025-05-03,Standard,Google Ads,3546,723,Medium,True,False
2214,Tom Richardson-Rees,adam05@example.com,1980-11-19,Male,Baxterport,Samoa,2026-01-02,Standard,Google Ads,3800,579,High,True,False
2215,June Smith,gordonnorth@example.net,1947-02-11,Male,Hallfurt,Kenya,2024-03-27,Premium,Organic,7959,681,Medium,True,False
2216,Mr Neil Barber,hfletcher@example.com,1977-06-20,Female,Cooperside,Reunion,2026-02-02,Standard,Organic,2812,561,High,True,False
2217,Damien Hudson,jessica66@example.org,1997-03-26,Non-Binary,Port Seanland,Angola,2024-12-25,Standard,Google Ads,1992,718,Medium,True,False
2218,Jay Ford-Evans,edwardsmargaret@example.org,1979-06-20,Female,Hamiltonport,South Georgia and the South Sandwich Islands,2023-07-07,Standard,Organic,3998,653,Medium,True,False
2219,Mark Smith-Pugh,halljane@example.net,1945-10-07,Male,Port Kenneth,Antarctica (the territory South of 60 deg S),2024-06-21,Standard,Google Ads,3077,772,Low,True,False
2220,Kevin Nicholson,trevoroconnor@example.net,2000-05-26,Female,Rahmanland,Bahamas,2024-07-21,Premium,Referral,10981,624,High,True,True
2221,James Stevens-Carter,taylorlucy@example.org,1975-04-27,Female,New Declanburgh,Tokelau,2024-09-13,Premium,Facebook Ads,6699,717,Medium,True,True
2222,Amber Doyle,stewart24@example.net,1946-07-27,Female,Allenfort,Kuwait,2023-10-22,Standard,Organic,4228,686,Medium,True,False
2223,Mr Samuel Williams,reecewhite@example.net,1982-04-07,Male,Lewisshire,Kyrgyz Republic,2024-07-25,Premium,Referral,9660,713,Medium,True,False
2224,Dominic Marshall,xoconnor@example.org,1957-06-11,Female,Begumbury,Jordan,2023-11-09,Standard,Organic,4002,609,High,True,True
2225,Elizabeth Howe,stanleyadam@example.org,1987-09-21,Male,Amyville,Brazil,2023-09-12,Premium,Organic,9256,789,Low,True,False
2226,Dorothy Johnson,jdavis@example.org,1948-08-21,Female,Port Lyndamouth,Malta,2024-03-17,Standard,Organic,3414,683,Medium,True,False
2227,Ashley Jordan,brenda27@example.net,1946-03-22,Female,West Malcolmburgh,Nauru,2023-09-02,Standard,Facebook Ads,4401,590,High,True,True
2228,Peter Yates,emilyrowe@example.com,1956-11-30,Female,West Oliviashire,Congo,2025-01-10,Standard,Google Ads,2899,610,High,True,False
2229,Chelsea Lewis,tscott@example.net,1977-10-28,Female,Hugheshaven,Czech Republic,2025-06-04,Standard,Organic,2029,824,Low,True,False
2230,Amber Hunt,carolemann@example.org,1947-12-25,Female,Marionside,Israel,2024-06-24,Premium,Referral,9152,752,Low,True,False
2231,Alan Knight,xbrookes@example.com,1946-11-03,Male,North Steven,Cyprus,2023-11-08,Premium,LinkedIn,10758,666,Medium,True,False
2232,Mr Eric Moore,clarkjasmine@example.org,2006-05-21,Female,South Duncan,Ethiopia,2024-09-14,Standard,Organic,3992,533,High,True,True
2233,Mr Harry Webb,kenneth26@example.com,1979-08-26,Male,Port Connorshire,Dominica,2023-10-28,Standard,Organic,4582,741,Medium,True,False
2234,Mr Henry Quinn,dkelly@example.com,1968-03-19,Female,Begumport,Vietnam,2024-11-12,Premium,Facebook Ads,5143,850,Low,False,False
2235,Dr Adam Long,leonardthompson@example.org,1988-09-05,Male,Smithport,Finland,2024-01-28,Premium,Referral,11772,743,Medium,True,False
2236,Gavin Barrett,geraldryan@example.com,1988-02-16,Male,East Alexstad,Czech Republic,2024-07-05,Standard,Google Ads,3138,806,Low,True,False
2237,Dr Louise Stokes,mcollins@example.net,1957-07-07,Male,West Karl,Cayman Islands,2024-03-05,Standard,Referral,3005,766,Low,True,False
2238,Dr Marc Smith,herbertshane@example.net,1967-03-18,Female,Lake Robin,Sweden,2024-03-08,Standard,Google Ads,2704,747,Medium,True,False
2239,Steven Taylor,barry97@example.com,2007-10-30,Female,Port Samantha,Kenya,2025-04-13,Standard,Referral,4740,618,High,False,False
2240,Rachael Walters,colindodd@example.com,1998-05-26,Male,Port Shirleymouth,Kiribati,2024-12-06,Standard,Google Ads,4421,813,Low,True,False
2241,Louis Gregory,ashleigh11@example.net,1978-01-25,Male,New Allan,Equatorial Guinea,2024-04-28,Standard,LinkedIn,4115,631,High,True,False
2242,Duncan Yates,hugheslouise@example.org,1973-05-17,Female,Jamesview,Indonesia,2025-08-06,Standard,Referral,4547,694,Medium,True,True
2243,Mrs Jade Kelly,hardingjoanna@example.net,1955-09-17,Female,South Marianview,Lithuania,2024-01-07,Standard,Facebook Ads,1913,719,Medium,True,True
2244,Ms Judith Wood,websterashleigh@example.org,1978-09-17,Female,Port Paulview,Zimbabwe,2025-10-01,Standard,Facebook Ads,3805,847,Low,True,False
2245,Diane Palmer,vwells@example.net,1976-03-03,Female,West Aaronhaven,Palestinian Territory,2024-09-05,Standard,LinkedIn,2991,683,Medium,True,False
2246,Dr Adrian Davies,lewisannette@example.net,1953-01-01,Male,Geoffreytown,Belize,2025-11-07,Standard,Referral,3273,692,Medium,True,False
2247,Jordan Roberts,karlallen@example.net,1994-06-17,Female,Zoestad,Taiwan,2024-08-08,Premium,Organic,10184,686,Medium,True,False
2248,Adrian Baldwin,cookecameron@example.com,2007-04-30,Male,Hartstad,Guam,2025-10-24,Standard,Organic,2281,822,Low,True,False
2249,Dale Birch,oarmstrong@example.net,1951-11-06,Female,Kellyview,Netherlands,2023-12-08,Standard,Facebook Ads,4256,677,Medium,False,False
2250,Caroline Hanson,icole@example.net,1954-10-21,Female,Patelville,Netherlands Antilles,2023-11-22,Standard,Facebook Ads,3930,712,Medium,True,False
2251,Cameron Smith-Ball,connorday@example.net,1982-06-09,Male,Perkinsbury,United States of America,2025-07-23,Standard,Organic,2540,776,Low,False,False
2252,Marcus Davis,melanie03@example.com,1991-12-04,Female,Lake Lawrenceborough,Armenia,2023-08-16,Standard,Referral,2867,728,Medium,True,False
2253,Terry Wells,kieransmith@example.net,1975-02-28,Male,Mohammadhaven,China,2025-02-06,Standard,Referral,3159,669,Medium,True,False
2254,Mrs Frances Kirk,aprice@example.com,1958-07-17,Male,Evansstad,Algeria,2025-04-19,Standard,Referral,4311,643,High,True,True
2255,Antony Jones,pricekarl@example.org,1964-04-14,Female,Bennettfurt,Solomon Islands,2025-10-26,Standard,Facebook Ads,2272,725,Medium,True,False
2256,Shane Ward,hilldonald@example.com,1959-07-28,Female,New Ritaport,French Southern Territories,2025-12-04,Business,Organic,23780,698,Medium,True,False
2257,Dr Ronald Power,martinjackson@example.net,1965-05-11,Female,Joelland,Burkina Faso,2026-03-21,Premium,Facebook Ads,11114,678,Medium,True,False
2258,June Shah,robert70@example.net,1980-10-29,Female,South Grace,Zambia,2025-09-17,Standard,Google Ads,4811,837,Low,True,False
2259,Graham Williams,stanleygeraldine@example.com,1994-12-14,Male,North Toby,Niger,2025-02-19,Standard,Referral,3051,614,High,True,False
2260,Amber Green-Chapman,haynesmohamed@example.net,1966-05-21,Female,Port Sylvia,Paraguay,2025-06-19,Standard,Referral,3782,733,Medium,True,False
2261,Natasha Smith,ilittle@example.org,1982-10-13,Male,Sandersstad,China,2026-01-27,Standard,Organic,4819,663,Medium,True,False
2262,Ms Hazel Davis,cgodfrey@example.net,1967-10-11,Male,Kaymouth,Nepal,2024-05-16,Standard,Google Ads,2558,692,Medium,False,False
2263,Dr Carl Townsend,josephinewright@example.org,1966-11-29,Male,Port Adriantown,Cote d'Ivoire,2023-11-06,Standard,LinkedIn,2767,666,Medium,True,False
2264,Dylan King-Pollard,campbellandrea@example.org,1957-05-25,Male,New Junetown,Serbia,2025-08-01,Standard,Referral,2033,839,Low,True,False
2265,Michelle Wilson,browncharles@example.net,1998-04-25,Female,South Leahburgh,Lesotho,2026-05-05,Premium,Organic,11039,754,Low,True,False
2266,Danielle Wilson,gclayton@example.net,2005-04-20,Male,Dianaberg,Croatia,2025-08-04,Business,Organic,13574,666,Medium,True,False
2267,Hugh Kelly,kate17@example.net,1975-05-26,Female,Lake Wayne,Guadeloupe,2025-12-22,Premium,LinkedIn,11648,643,High,True,True
2268,Carol Byrne,adriancooper@example.com,1970-07-11,Male,Andreatown,Grenada,2025-10-08,Standard,Organic,3901,769,Low,True,False
2269,Abdul Glover,matthewwatson@example.org,1980-10-01,Female,Abbieberg,Nigeria,2025-08-02,Standard,Google Ads,1975,673,Medium,True,True
2270,Dr Joshua Hyde,lydiamoss@example.org,2000-12-07,Female,East Jemmaborough,Paraguay,2024-03-13,Standard,Google Ads,2384,587,High,True,False
2271,Mr Danny Spencer,oliverford@example.net,1969-02-08,Male,North Amberberg,Tuvalu,2023-10-03,Standard,Referral,4376,644,High,True,False
2272,Lynne Green-Bennett,palmerjune@example.com,1975-08-17,Female,Suzannefort,Puerto Rico,2025-07-03,Standard,LinkedIn,3270,803,Low,True,False
2273,Mr Tom Davies,jonesjamie@example.com,2008-03-08,Female,East Benstad,Congo,2025-06-10,Standard,Google Ads,2731,760,Low,False,False
2274,Ms Rachel Robinson,tbond@example.com,1959-05-07,Male,South Leslie,Jordan,2026-04-22,Standard,Organic,2361,755,Low,True,False
2275,Tom Powell,wfield@example.org,1997-04-19,Male,North Natalietown,North Macedonia,2023-09-08,Standard,Organic,4982,672,Medium,True,False
2276,George Ball,arthurosullivan@example.com,2006-08-30,Female,Lake Henry,Iraq,2025-05-23,Standard,Facebook Ads,4416,850,Low,True,False
2277,Ellie Chambers,leemartyn@example.org,1999-11-24,Male,Deanbury,Solomon Islands,2024-06-21,Standard,Organic,4267,602,High,True,True
2278,Lucy Graham,christine66@example.net,1950-09-06,Female,North Damianland,Bolivia,2023-06-21,Standard,LinkedIn,2139,769,Low,True,False
2279,Julie Powell,zthornton@example.org,1967-06-22,Male,Lake Emilyshire,Iraq,2023-06-23,Standard,LinkedIn,2622,738,Medium,True,True
2280,Mohammed Jones,joannefowler@example.org,2007-03-24,Male,West Callummouth,Mozambique,2026-01-07,Premium,Google Ads,10660,720,Medium,True,False
2281,Lauren Richardson-Reynolds,oneillsophie@example.org,2002-04-03,Female,Quinnchester,Slovenia,2025-01-08,Standard,Google Ads,2467,785,Low,True,False
2282,Jake Price,achandler@example.net,1958-12-09,Male,Leahshire,Suriname,2025-03-10,Standard,Google Ads,4545,648,High,True,True
2283,Liam Kent-May,deborah01@example.org,1953-12-10,Male,East Clareport,Luxembourg,2026-06-07,Premium,Referral,6394,758,Low,True,False
2284,Jayne Giles,vgriffiths@example.com,1988-04-24,Female,Lake Shirleyhaven,El Salvador,2025-10-16,Standard,Organic,4734,599,High,True,False
2285,Mr Michael Carroll,spalmer@example.org,1980-03-14,Female,East Dominicbury,South Georgia and the South Sandwich Islands,2024-10-25,Standard,Google Ads,3609,803,Low,False,False
2286,Kenneth Hall,yholland@example.org,1963-03-26,Female,East Benjaminland,Madagascar,2025-03-15,Premium,Referral,5745,602,High,True,True
2287,Patricia Page,donna63@example.com,1956-04-16,Male,Emmashire,North Macedonia,2024-03-23,Standard,Organic,3596,739,Medium,True,False
2288,Mr Henry Edwards,zdawson@example.net,1965-02-03,Female,Port Kayleigh,Korea,2025-03-03,Premium,LinkedIn,7035,739,Medium,True,True
2289,Janice Wright,murphymitchell@example.org,1994-06-28,Male,Wilsonfurt,Turkey,2026-03-29,Premium,LinkedIn,11524,831,Low,True,False
2290,Robin Carter,leigh67@example.com,1961-10-29,Female,Port Cheryl,British Virgin Islands,2023-08-28,Standard,Organic,4080,691,Medium,True,False
2291,Michael Stone,nbrown@example.com,1956-03-25,Male,Hallton,Panama,2023-06-15,Standard,Organic,3925,491,High,True,False
2292,Jessica Godfrey-Hamilton,cshepherd@example.com,1976-02-22,Male,Newmanchester,Panama,2023-12-06,Standard,Google Ads,4147,686,Medium,True,False
2293,Jason Hutchinson-Curtis,terry28@example.com,1995-06-18,Female,Gerardview,Ghana,2026-04-03,Premium,Google Ads,8696,637,High,True,False
2294,Ellie Johnston-Hall,carterjay@example.com,1963-05-20,Female,Parkerchester,Costa Rica,2024-02-16,Standard,Google Ads,1925,709,Medium,True,False
2295,Mrs Tina Mason,rshaw@example.net,1990-08-26,Male,East Susanland,Bahamas,2025-09-23,Standard,Referral,3259,540,High,True,False
2296,Dr Peter Thomas,mgoodwin@example.com,1983-04-01,Female,Caroleport,Macao,2024-08-25,Standard,LinkedIn,3061,702,Medium,True,False
2297,Brett Graham-Warren,njames@example.com,1946-03-07,Male,Thomsonstad,Argentina,2026-03-19,Standard,Organic,4492,643,High,True,False
2298,Patricia Phillips-Hussain,wilsonjohn@example.org,1982-03-10,Female,Alexanderburgh,Niger,2026-01-24,Standard,Organic,2593,577,High,True,False
2299,Trevor Porter-Todd,thomasbradley@example.net,1956-05-13,Male,Fionastad,Dominican Republic,2026-03-14,Standard,Google Ads,4313,634,High,False,False
2300,Dr Craig Fleming,campbellkirsty@example.net,1958-08-09,Male,Thomasberg,Anguilla,2025-05-14,Standard,LinkedIn,3722,635,High,True,False
2301,Megan Smith,gordon20@example.com,1987-12-16,Female,Lake Janice,Hong Kong,2026-05-15,Standard,Google Ads,3116,679,Medium,True,False
2302,Anna Curtis-Bennett,kelly11@example.net,2000-12-28,Male,Georginaview,Kuwait,2023-11-07,Standard,Organic,2407,696,Medium,True,False
2303,Linda Frost-Walker,spencerabbie@example.com,1998-02-05,Male,Chamberlainchester,Tonga,2025-04-23,Standard,Organic,2905,611,High,True,False
2304,Judith Johnson,mandy82@example.org,1953-02-09,Male,Kieranmouth,Venezuela,2023-07-09,Standard,Referral,2365,665,Medium,True,False
2305,Mr Gerald May,grace68@example.com,1947-06-10,Male,Tracyland,Faroe Islands,2024-06-21,Standard,Organic,2677,665,Medium,True,False
2306,Dr Joel Fletcher,ebrennan@example.org,1999-08-13,Female,South Peterbury,Macao,2024-09-25,Standard,LinkedIn,4067,643,High,True,False
2307,Ms Janice Cooke,catherineperkins@example.org,1979-06-02,Female,Brianview,Bolivia,2026-05-09,Standard,Organic,2204,821,Low,True,False
2308,Shirley Donnelly,tom36@example.net,2006-01-19,Female,Clivehaven,Saint Kitts and Nevis,2025-10-06,Standard,Facebook Ads,2465,674,Medium,False,False
2309,Miss Kathleen Stevenson,jessica37@example.org,1962-12-31,Male,Richardsonfurt,Suriname,2025-05-11,Standard,Facebook Ads,4987,713,Medium,True,False
2310,Dr Peter Singh,twilliams@example.net,1955-04-22,Male,New Dianeland,Montenegro,2026-05-29,Premium,Referral,5415,649,High,True,False
2311,Tom Fleming,griffithsneil@example.com,1967-01-04,Male,Jaymouth,French Southern Territories,2023-10-06,Standard,LinkedIn,3594,701,Medium,True,False
2312,Chloe Brown,alexandermoore@example.org,1959-11-14,Male,Markchester,Guadeloupe,2025-10-27,Standard,Organic,3072,636,High,True,False
2313,Mrs Brenda Wright,hicksbernard@example.com,2001-01-04,Female,Brownetown,French Polynesia,2024-09-26,Standard,Google Ads,4565,581,High,True,True
2314,Patricia Field,daveyjeremy@example.org,1975-07-31,Non-Binary,Louisemouth,Armenia,2025-01-25,Premium,Organic,8666,712,Medium,True,False
2315,Ms Shannon Jackson,elizabethdavies@example.org,1959-11-28,Male,Smithbury,Grenada,2025-03-18,Standard,Google Ads,3396,732,Medium,True,False
2316,Clare Richards,hbell@example.net,1989-07-03,Female,Robinsonfort,Yemen,2024-02-07,Standard,Organic,3552,788,Low,True,False
2317,Martin Wright-Bennett,chapmanemily@example.com,1994-04-29,Female,Robertsbury,Northern Mariana Islands,2026-04-30,Standard,Google Ads,3231,583,High,True,False
2318,Emma Davies,kathryn06@example.org,1965-08-03,Male,Lake Staceyberg,French Southern Territories,2023-07-31,Standard,Facebook Ads,3609,683,Medium,True,False
2319,Diane Smith-Hughes,ewood@example.org,1982-09-12,Non-Binary,New Ruthborough,Luxembourg,2024-02-23,Standard,Referral,3989,769,Low,True,False
2320,Ruth Barnett,alexandra96@example.org,1983-07-03,Female,Charlieport,Eritrea,2025-10-28,Standard,Google Ads,2009,614,High,True,False
2321,Dr Melanie Parker,harry88@example.com,1958-09-06,Non-Binary,Karlburgh,Lithuania,2025-10-31,Business,Google Ads,16489,787,Low,True,False
2322,Dale Gibbons,ndixon@example.org,1947-03-19,Male,Patricktown,Kazakhstan,2023-09-16,Standard,Organic,2953,661,Medium,True,False
2323,Hazel Flynn-West,kennedynigel@example.org,1957-10-01,Female,Barryhaven,Niue,2025-05-11,Standard,LinkedIn,3994,717,Medium,False,False
2324,Ms Susan Booth,antony88@example.com,1993-02-28,Male,Ruthfurt,Jordan,2024-01-30,Standard,Facebook Ads,4657,641,High,True,True
2325,Mr Frank Walton,josephstevens@example.org,1946-10-05,Female,Malcolmfort,Pitcairn Islands,2023-12-23,Business,Organic,33694,720,Medium,True,False
2326,Ms Jenna Little,gordon94@example.net,1947-11-13,Female,Lake Mohammadfort,Martinique,2023-08-05,Standard,Google Ads,2495,795,Low,True,False
2327,Sarah Burns-Reeves,ppatel@example.com,1962-01-15,Female,Lambertshire,Kenya,2023-09-12,Standard,Organic,3397,793,Low,True,True
2328,Miss Irene Williams,whammond@example.com,1974-08-05,Female,Amandaside,Saint Kitts and Nevis,2024-01-04,Premium,Referral,6534,692,Medium,True,False
2329,Miss Kayleigh Williams,beverleyharris@example.org,1988-04-02,Female,Bruceport,Uruguay,2024-04-29,Premium,Facebook Ads,6257,644,High,False,False
2330,Claire Harvey,harthelen@example.com,1979-11-25,Female,Erichaven,Tanzania,2025-03-26,Standard,Organic,4958,606,High,True,False
2331,Judith Austin,adavis@example.net,1996-10-10,Female,East Jasmine,Puerto Rico,2023-12-23,Premium,Google Ads,8763,850,Low,False,False
2332,Mr Kenneth Storey,fordmegan@example.org,1987-05-09,Male,Thomsonburgh,Samoa,2024-05-05,Premium,Organic,6458,762,Low,True,False
2333,Nicole Blake,karlhumphries@example.org,1983-09-12,Male,Smithstad,Nigeria,2024-07-02,Standard,Facebook Ads,2982,740,Medium,True,False
2334,Dr Emily Hughes,smithhazel@example.net,1997-08-31,Non-Binary,Garryland,Isle of Man,2026-03-04,Business,Organic,24679,712,Medium,True,False
2335,Matthew Dawson,bdavies@example.net,1992-08-01,Female,Georginabury,Wallis and Futuna,2025-03-09,Standard,Google Ads,1961,703,Medium,True,False
2336,Danny Walsh-Tucker,clive23@example.org,1971-09-02,Female,Dalemouth,Croatia,2026-03-13,Standard,Google Ads,3422,732,Medium,True,False
2337,Harry Cross,cameronclark@example.com,2002-11-30,Female,South Colin,Jersey,2024-07-19,Standard,Google Ads,3377,737,Medium,True,False
2338,Michelle Shaw,rowerachel@example.net,1982-10-04,Non-Binary,Taylortown,Saudi Arabia,2025-01-20,Standard,Organic,2895,788,Low,True,False
2339,Arthur Field,martinpauline@example.org,1959-02-27,Female,Port Marilyn,Jamaica,2024-03-23,Standard,Referral,2027,687,Medium,True,False
2340,Fiona Collins-Walker,leslieanderson@example.net,1946-07-02,Male,West Grace,Martinique,2026-01-11,Standard,Organic,3087,594,High,True,False
2341,Louis Harding,jholland@example.net,1988-08-26,Female,Chapmanburgh,Marshall Islands,2023-12-22,Standard,Referral,2658,845,Low,True,False
2342,Trevor Wood-Ferguson,wallisconor@example.com,1956-02-01,Male,Melissafurt,Philippines,2026-03-01,Premium,LinkedIn,7190,725,Medium,True,False
2343,Mandy Woods-Slater,abbie91@example.net,1953-04-23,Female,Lake Jacquelineborough,Tokelau,2024-07-04,Standard,Google Ads,2858,613,High,False,True
2344,Alan Brown,curtisdorothy@example.org,1993-07-02,Female,Willisville,Zambia,2024-03-28,Standard,Facebook Ads,3654,801,Low,True,False
2345,Mrs Amber Barker,xabbott@example.org,1960-03-16,Female,South Vincent,Suriname,2024-08-07,Standard,Organic,2431,588,High,True,True
2346,Mr Lawrence Dale,janet50@example.com,1973-09-02,Non-Binary,North Colin,Spain,2024-05-22,Premium,LinkedIn,6275,610,High,False,False
2347,Albert Frost,smithmegan@example.org,1960-12-05,Male,Robertsview,Pakistan,2024-04-25,Standard,Referral,2267,735,Medium,True,False
2348,Brian Bell,baxterannette@example.net,1992-02-10,Female,Antonymouth,Holy See (Vatican City State),2026-04-14,Standard,Google Ads,3520,839,Low,True,False
2349,Miss Melanie Weston,francispayne@example.net,1999-08-09,Male,Taylorhaven,Nicaragua,2023-10-02,Standard,Organic,2362,681,Medium,True,False
2350,Mark Hanson,woodvincent@example.net,2001-06-17,Male,West Gemma,Guernsey,2025-07-01,Standard,Referral,4093,707,Medium,True,False
2351,Judith Butcher,angela79@example.com,2002-07-04,Female,New Frank,Belarus,2026-05-19,Standard,Referral,4382,601,High,True,False
2352,Jane Lyons,jacobholmes@example.net,1987-12-16,Female,Thomasfurt,Israel,2025-02-18,Standard,Referral,4649,731,Medium,True,False
2353,Paul Armstrong,harrispaul@example.org,1954-07-19,Female,Paulberg,Finland,2024-05-12,Standard,Referral,2687,781,Low,True,False
2354,Hilary Ahmed,debra74@example.org,1946-10-09,Non-Binary,East Ashleigh,Cameroon,2024-07-13,Standard,LinkedIn,2669,704,Medium,True,False
2355,Miss Hollie Hughes,russelleileen@example.com,1993-07-20,Male,Port Shaun,Palestinian Territory,2026-06-08,Standard,Facebook Ads,2000,719,Medium,True,False
2356,Mrs Caroline Simmons,mandy82@example.com,1953-07-25,Female,South Jennifermouth,Togo,2026-05-26,Standard,Google Ads,3880,677,Medium,False,False
2357,Miss Nicola Baker,terence71@example.net,1969-06-26,Male,Daviestown,Montenegro,2025-12-25,Standard,Referral,4635,677,Medium,True,False
2358,Mr Philip McCarthy,sbradshaw@example.com,1952-01-16,Male,Johnsonberg,Svalbard & Jan Mayen Islands,2023-06-27,Premium,Google Ads,11719,730,Medium,True,False
2359,Kelly Davies,alipatrick@example.org,2003-03-25,Male,Taylorburgh,Kenya,2026-03-17,Standard,Organic,3258,674,Medium,False,False
2360,Joe Gordon-Dixon,gregoryroberts@example.net,1963-11-14,Female,New Christopherberg,Papua New Guinea,2023-08-26,Business,Referral,26102,699,Medium,True,False
2361,Susan Cunningham,allan90@example.com,1991-10-02,Non-Binary,Lake Jacqueline,Holy See (Vatican City State),2026-02-19,Standard,Google Ads,2498,805,Low,False,False
2362,Dr James Bond,jonesmaria@example.com,1998-09-14,Female,Whiteheadbury,Brunei Darussalam,2024-03-02,Standard,Referral,3463,758,Low,True,True
2363,Mr Lee Matthews,ballben@example.com,1976-02-01,Male,North Gemma,Puerto Rico,2024-04-12,Premium,Google Ads,6597,698,Medium,True,False
2364,Jay Richards,turnbullpaul@example.org,1964-08-31,Female,Marilynview,Heard Island and McDonald Islands,2025-05-18,Standard,Facebook Ads,2791,726,Medium,True,False
2365,Maria Fox,michael37@example.net,1963-11-24,Male,East Julie,Afghanistan,2024-12-15,Standard,Google Ads,2126,661,Medium,True,False
2366,Henry Hewitt,tpatterson@example.org,2006-11-10,Male,Port Frances,Cocos (Keeling) Islands,2025-09-04,Premium,Google Ads,10290,678,Medium,True,False
2367,Ricky Craig,collinsleah@example.org,1968-03-28,Male,Connorbury,Taiwan,2025-05-23,Standard,Referral,4687,743,Medium,True,False
2368,Laura Brown,joyce10@example.com,1994-08-23,Female,Newmanville,Puerto Rico,2023-12-10,Premium,Google Ads,9161,688,Medium,False,True
2369,Mrs Jade Green,bruce98@example.org,1991-07-24,Male,Reestown,Guyana,2023-09-14,Standard,LinkedIn,1979,606,High,True,True
2370,Simon Douglas,oliverfoster@example.net,1988-11-03,Female,North Nathantown,Macao,2024-03-28,Standard,Google Ads,2493,804,Low,False,False
2371,Graeme Stevens,clarkesamantha@example.com,2005-02-25,Female,Smithborough,United Arab Emirates,2025-01-22,Standard,Organic,2997,674,Medium,True,False
2372,Josh Goodwin,jill05@example.com,1994-06-19,Male,East Natasha,Lithuania,2026-03-20,Standard,Organic,3007,809,Low,True,False
2373,Paul Harvey,stewart31@example.org,1995-08-26,Female,Clarktown,Namibia,2025-12-03,Standard,Google Ads,2580,538,High,False,False
2374,Alexandra Dodd,daviesgavin@example.net,1968-05-06,Male,Lawrencehaven,Zambia,2023-07-10,Standard,Facebook Ads,3597,805,Low,True,False
2375,Barry Robinson,mark08@example.com,1977-12-21,Female,Port Chelseaberg,Latvia,2024-07-03,Standard,Referral,4712,603,High,True,True
2376,Miss Dorothy Mann,margaret54@example.net,1979-06-23,Female,Port Alice,Kiribati,2025-02-20,Standard,Facebook Ads,3871,850,Low,True,False
2377,Miss Annette Jones,ssharp@example.org,2000-09-10,Male,Derekstad,Pakistan,2025-01-17,Standard,Organic,2171,699,Medium,True,False
2378,Toby Walker,abbottmaurice@example.com,1959-12-20,Female,Holtbury,Cape Verde,2025-09-03,Standard,Organic,2875,637,High,False,False
2379,Jacqueline Hicks,jatkins@example.com,1976-11-19,Male,Rickyview,Bahamas,2024-03-04,Standard,Organic,2923,638,High,False,False
2380,Heather Martin-Walton,conwayheather@example.org,1967-04-24,Female,West Henryhaven,Kyrgyz Republic,2026-04-20,Standard,Organic,4076,738,Medium,True,False
2381,Miss Rebecca Thompson,mollybutler@example.org,1956-01-27,Male,North Phillipside,Lithuania,2026-01-04,Standard,Organic,4716,761,Low,True,False
2382,Dr Charlene Mills,danielsrosie@example.net,1989-07-02,Female,Lawrenceton,Iceland,2024-04-18,Premium,Facebook Ads,10817,850,Low,True,False
2383,Eleanor Wilson,yrobertson@example.com,1946-04-04,Male,North Lisa,Germany,2025-09-22,Standard,Referral,4065,805,Low,True,True
2384,Robert Cox-Russell,hbrown@example.net,1954-01-28,Male,West Edwardside,Timor-Leste,2025-10-02,Standard,Organic,3010,631,High,False,False
2385,Mrs Geraldine Lowe,smithrussell@example.net,1965-07-07,Male,East Ruthstad,Dominican Republic,2024-11-30,Standard,Google Ads,2406,745,Medium,True,False
2386,Danny Hill,clare58@example.org,1995-12-09,Male,Boothfurt,Madagascar,2025-03-17,Standard,Organic,2022,708,Medium,True,False
2387,Ms Geraldine James,hughesgregory@example.net,1951-04-24,Female,Emilystad,Andorra,2025-06-26,Standard,Organic,3483,710,Medium,True,False
2388,Tracey Nicholls,hancockjamie@example.org,1977-10-24,Female,New Lyndashire,Austria,2025-05-25,Standard,Facebook Ads,3207,760,Low,True,False
2389,Jean Field,joannabegum@example.org,1962-02-22,Female,East Jeremyburgh,Cuba,2025-06-12,Premium,LinkedIn,7297,607,High,True,False
2390,Martin Jones-Fleming,brucewilkinson@example.net,1950-12-06,Female,West Paulinehaven,Bermuda,2025-11-22,Premium,Google Ads,8183,626,High,False,False
2391,Henry Lowe,gracejones@example.com,1973-03-02,Male,Lake Simontown,Cayman Islands,2026-06-02,Standard,Google Ads,2648,676,Medium,False,False
2392,Cheryl Mitchell,gareth49@example.net,1977-03-27,Female,Howellschester,Cocos (Keeling) Islands,2023-09-05,Standard,Facebook Ads,2559,703,Medium,True,False
2393,Robert Holt,diana70@example.net,2000-12-20,Male,Claytonhaven,Congo,2026-05-03,Standard,LinkedIn,2105,614,High,False,False
2394,Christine James,wsummers@example.net,1959-05-23,Female,East Joannaland,Suriname,2025-05-29,Standard,Referral,2307,670,Medium,True,True
2395,Bethany Gibson,uvaughan@example.com,1967-08-14,Male,Smithchester,Swaziland,2023-07-07,Standard,Facebook Ads,2477,738,Medium,False,True
2396,Kyle Turnbull,jamesgary@example.com,1970-07-21,Male,Potterchester,Denmark,2026-03-04,Premium,Facebook Ads,11880,644,High,False,False
2397,Alexander Black,samuel70@example.org,1983-07-16,Male,New Frances,Tajikistan,2025-03-04,Premium,Organic,9392,707,Medium,True,False
2398,Mr Henry Swift,zreynolds@example.net,1960-04-06,Male,Rossside,Jersey,2024-05-16,Standard,Organic,3049,599,High,True,True
2399,Hilary Whittaker,erickhan@example.org,1993-04-21,Non-Binary,Ameliafurt,Micronesia,2025-08-21,Standard,Referral,1906,724,Medium,True,False
2400,Donald Hamilton,bethanyleach@example.net,1995-01-30,Female,Port Tina,South Georgia and the South Sandwich Islands,2024-07-02,Standard,Facebook Ads,3240,850,Low,True,False
2401,Dale Khan,peter10@example.com,1973-10-03,Male,Guyberg,Liechtenstein,2025-07-25,Standard,Organic,4000,708,Medium,True,False
2402,Connor Harvey,natashajames@example.com,2006-09-08,Female,Burtonhaven,Gambia,2023-11-01,Standard,Referral,4995,585,High,True,False
2403,Ms Amber Holland,kbishop@example.net,1965-04-05,Female,McDonaldstad,Isle of Man,2025-06-27,Standard,Google Ads,3420,674,Medium,False,False
2404,Ms Donna Riley,tcarter@example.org,1951-03-11,Female,Hugheshaven,Croatia,2025-02-26,Premium,Google Ads,5419,802,Low,True,False
2405,Elliott Smith,nashleonard@example.com,1981-02-01,Female,Port Lynnborough,Chad,2025-03-12,Standard,LinkedIn,3835,804,Low,True,False
2406,Sam Turner,sianmiller@example.com,1961-03-28,Female,Collinschester,Iran,2023-11-13,Standard,Facebook Ads,2300,704,Medium,True,False
2407,Miss Stephanie Carpenter,susan38@example.org,1953-01-24,Female,Edwardsside,Sri Lanka,2024-12-22,Standard,LinkedIn,4740,695,Medium,False,False
2408,Clifford Cox,guy93@example.net,1986-02-22,Female,Dickinsonburgh,Portugal,2025-04-20,Standard,Referral,3184,678,Medium,True,True
2409,Gregory Jarvis,geraldbarnett@example.net,1968-03-03,Female,Hendersonside,France,2024-12-07,Standard,Google Ads,4415,653,Medium,True,False
2410,Michael Lane,williamsannette@example.com,2004-03-21,Female,Gregoryland,Lao People's Democratic Republic,2024-09-18,Standard,Referral,2840,663,Medium,True,False
2411,Miss Bethany Glover,dsmith@example.net,1959-03-31,Non-Binary,Lake Ryan,Zimbabwe,2023-10-15,Standard,Referral,3433,645,High,True,False
2412,Elliott Miah,kevinslater@example.net,1967-03-02,Female,South Christineside,United States of America,2025-02-24,Standard,Google Ads,1924,742,Medium,True,False
2413,Patricia O'Connor-Sullivan,kirsty68@example.org,1958-07-25,Female,Leighshire,El Salvador,2026-01-12,Standard,Google Ads,4819,653,Medium,True,False
2414,Jake Adams,clairegibson@example.org,1991-11-30,Male,New Dennistown,Martinique,2025-11-27,Standard,Google Ads,2888,740,Medium,True,False
2415,Sara Gray-Green,amyhanson@example.net,2008-03-31,Male,Jeremyview,Serbia,2023-09-18,Standard,Google Ads,2842,706,Medium,True,False
2416,Douglas Miller,dawn64@example.net,2002-03-10,Male,Carlymouth,Azerbaijan,2024-10-27,Premium,Google Ads,10474,726,Medium,False,False
2417,Glenn Collins,louis98@example.net,2006-01-14,Female,Hugheshaven,Micronesia,2025-08-23,Standard,Referral,4946,619,High,True,False
2418,Mr Louis Johnson,nsmith@example.org,1974-06-22,Male,Alicebury,South Africa,2024-07-18,Standard,Referral,3872,581,High,True,False
2419,Julie Thomas-Taylor,joneskimberley@example.com,1982-10-01,Female,Scottside,Malaysia,2025-02-18,Premium,Referral,6132,776,Low,False,False
2420,Jane Moore,martinmegan@example.net,2002-04-11,Male,Stevenshire,Luxembourg,2024-11-21,Standard,Organic,3593,729,Medium,False,False
2421,Dr Tina Morris,vmurray@example.com,1994-08-30,Female,Claireland,Bahamas,2025-02-14,Premium,Google Ads,5239,717,Medium,True,False
2422,Ms Melanie White,greenteresa@example.org,1994-08-14,Female,Terencefurt,Greenland,2024-11-07,Standard,Google Ads,3567,721,Medium,True,False
2423,Kathryn Ward,katiethomas@example.org,1948-01-04,Male,South Alexander,Nicaragua,2024-02-13,Standard,Referral,3055,641,High,True,False
2424,Billy Porter-Bentley,fosterdaniel@example.org,1953-12-08,Female,Royland,Afghanistan,2026-01-04,Standard,LinkedIn,1916,850,Low,True,False
2425,Dr Frances Russell,jonathan94@example.com,1959-09-10,Male,Fostermouth,Swaziland,2026-02-09,Premium,Referral,9129,684,Medium,False,False
2426,Tom O'Brien,fmartin@example.org,1971-12-08,Male,Emilyburgh,Oman,2023-08-11,Standard,LinkedIn,2969,628,High,True,False
2427,Jodie Kerr,ashleydavis@example.net,1949-08-21,Male,Jayshire,South Africa,2025-07-05,Premium,Organic,8659,657,Medium,False,False
2428,Rhys Clements,brownaimee@example.net,1998-06-05,Female,Watsonbury,Mali,2024-03-11,Standard,LinkedIn,4910,707,Medium,True,False
2429,Stacey Potter,cmoore@example.net,1950-10-12,Female,East Hugh,Western Sahara,2026-03-25,Standard,Referral,3691,725,Medium,False,False
2430,Darren Nicholls,rachel35@example.net,1998-03-31,Female,Brownland,Equatorial Guinea,2024-03-11,Standard,Google Ads,3522,719,Medium,True,False
2431,Howard Foster,damien07@example.net,2007-11-19,Male,Michaelville,Mozambique,2025-06-18,Standard,Google Ads,2138,662,Medium,True,False
2432,Jack Morgan,jarvismartin@example.org,1962-02-18,Male,Lake Lydiaton,New Zealand,2024-08-08,Standard,Organic,1925,685,Medium,False,False
2433,Henry Macdonald,dking@example.net,2007-06-22,Female,Yatesstad,Northern Mariana Islands,2025-12-30,Premium,Referral,7702,850,Low,True,False
2434,Dr Steven Begum,gordonparsons@example.net,1945-11-20,Male,Sharpeshire,Bulgaria,2024-11-27,Standard,Referral,4670,796,Low,True,False
2435,Marian Mills,graham49@example.net,1954-11-17,Female,Reecestad,Costa Rica,2024-04-24,Standard,Referral,2231,743,Medium,True,False
2436,William Benson,armstrongdean@example.org,1948-12-22,Female,Ronaldburgh,Maldives,2025-03-12,Standard,Referral,3784,758,Low,True,False
2437,Lesley Cooper,dylan19@example.org,1980-03-09,Female,Jamesland,Kenya,2024-11-17,Business,Facebook Ads,12992,623,High,True,False
2438,Philip Brown,pamela42@example.org,1987-02-20,Male,Kellyshire,Latvia,2024-11-18,Standard,LinkedIn,4408,805,Low,True,False
2439,Mr Francis Jones,allan11@example.org,1971-08-04,Male,Smithstad,Australia,2026-02-24,Standard,Organic,3182,705,Medium,True,True
2440,Joyce Ford,lydia82@example.net,1986-01-07,Female,Port Natalieville,Mozambique,2023-08-30,Standard,Referral,1939,793,Low,False,False
2441,Jemma Watson,martin90@example.org,1971-03-28,Female,North Dianafort,Christmas Island,2025-07-31,Standard,Google Ads,3139,704,Medium,True,False
2442,Sylvia Smart,ncollins@example.net,2007-07-24,Female,Leehaven,North Macedonia,2024-08-18,Standard,LinkedIn,4381,734,Medium,True,False
2443,Stewart Shepherd,xbell@example.com,1978-09-17,Non-Binary,Keithhaven,Switzerland,2025-11-09,Standard,Organic,3363,665,Medium,True,False
2444,Arthur Greenwood,jholland@example.com,2008-06-02,Female,South Laurenborough,Cape Verde,2026-02-07,Standard,Organic,4998,613,High,True,False
2445,Terence Wallis,nigelmarsh@example.org,1993-02-22,Female,Debrastad,China,2025-06-26,Premium,Referral,8551,464,High,True,False
2446,Charlie Short-Barrett,alice56@example.com,2006-07-21,Female,West Bethanyshire,Lesotho,2025-03-23,Standard,Organic,3433,643,High,True,False
2447,Charlie Wright,twall@example.org,2008-01-19,Female,Dixonland,Malta,2024-08-28,Standard,Google Ads,3963,661,Medium,True,False
2448,Georgia Howarth,pmanning@example.com,2004-06-24,Female,Kempside,Brunei Darussalam,2023-12-08,Standard,Google Ads,2384,619,High,True,True
2449,Miss Hilary Brown,andrewwilliams@example.org,1955-06-04,Female,South Ian,Hong Kong,2024-10-29,Premium,Referral,11723,750,Low,True,False
2450,Miss Ellie Marsh,jonessamuel@example.com,1981-10-22,Male,West Harryborough,Spain,2025-03-08,Standard,LinkedIn,3396,693,Medium,True,False
2451,Harry Long,kieran56@example.com,1969-08-31,Female,Knightport,Lesotho,2024-05-23,Business,LinkedIn,34286,600,High,True,False
2452,Diana Smith-Bolton,heather38@example.net,2008-05-04,Male,Stuartland,Anguilla,2025-11-02,Premium,Referral,5614,691,Medium,True,False
2453,Victoria Green-Gray,janetali@example.com,2005-05-16,Female,Spencerborough,Turkmenistan,2025-08-29,Standard,Facebook Ads,4275,685,Medium,True,False
2454,Dr Deborah Evans,georgina59@example.net,1981-04-01,Male,South Timothyhaven,Thailand,2023-08-31,Standard,Google Ads,3042,834,Low,True,False
2455,Louise Jones,crawfordjacqueline@example.net,1947-01-16,Male,Victoriaport,Peru,2023-06-17,Premium,Organic,10587,733,Medium,True,False
2456,Ben Hill,tina09@example.net,1964-09-04,Female,Fordhaven,Aruba,2023-06-17,Standard,Organic,3945,689,Medium,True,False
2457,Dr Clive Wade,norman91@example.com,1962-06-15,Female,Zoeshire,Canada,2023-08-25,Standard,Organic,3064,579,High,True,False
2458,Miss Geraldine Jones,pamela43@example.com,1995-04-18,Male,Turnermouth,South Georgia and the South Sandwich Islands,2024-12-17,Premium,Organic,8633,619,High,True,False
2459,Karen Sharp,thomasamber@example.net,1964-12-21,Male,Dianaton,Greenland,2026-03-20,Standard,Facebook Ads,4796,655,Medium,True,False
2460,Hugh Watson,georginadavies@example.com,1999-04-25,Male,Walkerhaven,Lebanon,2024-01-24,Standard,Referral,2053,771,Low,False,False
2461,Molly Gallagher,jonesphilip@example.com,1947-04-09,Male,Campbellburgh,Netherlands,2025-02-14,Premium,LinkedIn,5469,797,Low,True,False
2462,Miss Jenna Patel,ingramleanne@example.org,1962-05-11,Female,Lake Robinview,Guam,2023-10-12,Premium,Google Ads,8076,759,Low,True,False
2463,Dr Ricky Farrell,pollardjane@example.com,2005-10-25,Female,East Dawn,Rwanda,2025-07-30,Standard,Google Ads,3250,720,Medium,True,False
2464,Mr Sam Thompson,rmurray@example.org,1958-08-07,Female,South Rosemary,Iran,2024-06-03,Standard,LinkedIn,3254,573,High,True,True
2465,Dr Jacob Barrett,chambersdeclan@example.net,1999-10-17,Female,Dalefort,Montserrat,2025-10-10,Premium,Google Ads,7728,772,Low,True,False
2466,Gillian Evans,chloewillis@example.net,1951-09-06,Female,East Sophie,Brazil,2026-03-02,Standard,Organic,4164,593,High,True,False
2467,Dr Joe Smith,judith61@example.com,1980-11-25,Female,South Naomiside,Trinidad and Tobago,2026-01-05,Standard,Facebook Ads,2808,668,Medium,False,True
2468,Mrs Frances Miah,paulinesavage@example.com,1976-01-10,Female,Port Charles,French Southern Territories,2024-07-12,Standard,LinkedIn,2109,695,Medium,True,False
2469,Kim Lee,vjenkins@example.net,1975-07-06,Male,Port Alicemouth,Montenegro,2024-08-05,Standard,Google Ads,3844,631,High,True,False
2470,Phillip Carroll-Nicholson,martynrichardson@example.net,1976-06-13,Female,Woodberg,Guam,2024-09-25,Standard,Referral,4145,805,Low,True,False
2471,John Parkin,catherine52@example.net,1945-10-10,Male,Marcton,Bangladesh,2025-01-19,Premium,Organic,10421,805,Low,True,False
2472,Christopher Holloway,kenneth55@example.org,2007-07-28,Male,Marktown,Honduras,2024-07-31,Standard,Organic,4911,708,Medium,True,False
2473,Dr Rachael Burke,osmith@example.com,1981-07-03,Female,Port Franktown,Syrian Arab Republic,2026-01-04,Premium,Facebook Ads,11252,585,High,True,False
2474,Dr Glenn Roberts,ellisclifford@example.org,1989-06-28,Female,New Stephenbury,Germany,2026-03-18,Premium,Google Ads,11669,802,Low,True,True
2475,June Rose-Giles,xshah@example.com,1999-02-19,Male,Grahamville,Solomon Islands,2026-04-07,Standard,Organic,1946,639,High,True,False
2476,Ms Valerie Clark,joannapayne@example.net,1976-12-19,Female,Donnafort,Palestinian Territory,2024-07-17,Standard,Referral,3981,685,Medium,False,False
2477,Dr Grace Power,ashley27@example.com,1953-02-07,Female,New Glenn,Kuwait,2024-03-23,Standard,Organic,2322,802,Low,True,False
2478,Terence Burke,thompsonian@example.net,1997-06-07,Female,Hughesburgh,Senegal,2024-04-15,Business,Referral,16691,670,Medium,True,False
2479,Mr Edward Collins,byrnesarah@example.com,1975-05-25,Male,Lake Joanna,Slovenia,2025-05-11,Standard,Google Ads,4778,688,Medium,False,True
2480,Mr Benjamin Richardson,valeriemurphy@example.org,1974-06-07,Male,New Mollyland,Costa Rica,2024-10-30,Standard,Facebook Ads,2821,622,High,True,False
2481,Emma Martin,pagejudith@example.com,1959-11-13,Male,North Antonyshire,Bolivia,2025-08-25,Standard,Organic,2478,598,High,True,False
2482,Dr Liam Griffiths,hillstacey@example.com,1947-06-06,Female,Berryshire,Germany,2023-08-13,Standard,Facebook Ads,2449,650,Medium,True,False
2483,Ms Katy Leonard,brucegraham@example.com,2004-03-04,Male,Bulltown,Guatemala,2025-07-31,Standard,Organic,2986,658,Medium,True,False
2484,Ms Jayne Goodwin,efinch@example.org,1978-01-27,Female,Berryside,Eritrea,2024-06-29,Standard,Google Ads,3156,760,Low,True,False
2485,Maria Perkins-Barnes,vahmed@example.net,2001-04-20,Male,Evanston,Russian Federation,2025-06-08,Standard,Google Ads,2874,653,Medium,True,False
2486,Mr Marc Turner,brandon41@example.net,1960-09-21,Female,West Melanie,British Virgin Islands,2024-12-21,Business,Google Ads,26450,850,Low,True,False
2487,Amber Pickering,irene26@example.com,1973-08-04,Female,North Eileenmouth,Slovakia (Slovak Republic),2026-02-16,Standard,Facebook Ads,4673,681,Medium,True,True
2488,Abdul Green,joycebrooks@example.org,1946-02-15,Female,Brookesmouth,Gibraltar,2023-08-18,Standard,Google Ads,2776,624,High,True,False
2489,Dr Ben Richards,slloyd@example.net,2004-11-20,Female,Port Grahamland,South Africa,2023-12-16,Standard,Organic,4104,757,Low,True,False
2490,Miss Susan Stevens,qdavies@example.org,2000-05-29,Male,Jennaborough,Trinidad and Tobago,2025-12-20,Standard,Organic,3082,741,Medium,True,False
2491,Joel Hussain-Brookes,aaron25@example.org,1986-03-21,Male,Sophiehaven,Vietnam,2025-07-23,Standard,LinkedIn,2867,764,Low,True,False
2492,Susan Hall-Berry,matthew66@example.com,2002-10-20,Female,Oliviastad,Syrian Arab Republic,2025-10-24,Premium,Facebook Ads,10710,705,Medium,False,False
2493,Mr Gregory Foster,janet45@example.net,1949-01-08,Female,South Jamiefort,New Zealand,2026-01-25,Premium,Facebook Ads,6952,755,Low,True,False
2494,Stacey Cooper,maurice81@example.com,1997-07-26,Female,Leahberg,French Polynesia,2024-03-11,Standard,LinkedIn,4901,792,Low,True,False
2495,Heather Baker,dominic88@example.org,1994-08-16,Female,South Jeffreyfurt,Israel,2026-04-22,Standard,Referral,3843,728,Medium,True,False
2496,Aimee Marsh,christian45@example.org,1986-08-12,Female,Howellmouth,Kuwait,2023-07-01,Standard,Referral,4623,602,High,True,False
2497,Jasmine Blackburn,owencraig@example.org,1989-04-22,Female,Smithstad,Moldova,2025-09-02,Standard,Google Ads,2577,766,Low,True,False
2498,Mrs Jenna Farrell,gailreid@example.org,1994-12-20,Female,North Laura,Madagascar,2025-07-25,Standard,Google Ads,4311,681,Medium,True,False
2499,Chloe Miah,irichards@example.net,1951-11-30,Male,Beverleyburgh,Bosnia and Herzegovina,2025-01-20,Standard,Google Ads,2359,834,Low,True,False
2500,Arthur Perry,hillroy@example.net,1980-11-11,Male,Liambury,Jersey,2025-07-13,Standard,Google Ads,3262,708,Medium,True,False
2501,Lynda Hunt,phillip10@example.net,2005-03-15,Female,Port Anthonyton,Montserrat,2026-05-22,Standard,LinkedIn,4719,532,High,True,True
2502,Carol Parsons,jakewilliams@example.net,1946-09-29,Male,North Robertside,Congo,2026-03-26,Standard,Google Ads,4199,848,Low,True,False
2503,Ms Leah Wells,kellybevan@example.net,1999-12-07,Female,Maureenstad,Trinidad and Tobago,2026-02-21,Standard,Google Ads,4705,750,Low,True,False
2504,Michelle Freeman,fbaxter@example.net,1982-04-01,Female,Kathleenstad,Lesotho,2025-09-01,Premium,Organic,11744,569,High,True,True
2505,Dean Young,mohammedwoods@example.net,1960-02-22,Female,North Andrew,Portugal,2023-11-23,Standard,Organic,3522,671,Medium,True,False
2506,Ms Frances Roberts,hicksjames@example.net,1982-03-18,Male,West Naomi,Congo,2025-11-25,Premium,Referral,8185,706,Medium,True,False
2507,Lorraine White-Palmer,jacqueline28@example.com,1982-06-20,Female,Hollieburgh,Turkmenistan,2024-01-23,Standard,Referral,3686,634,High,True,False
2508,David Palmer,martyngraham@example.net,2008-03-13,Male,Brownfort,Central African Republic,2025-06-18,Standard,LinkedIn,2579,648,High,True,False
2509,Zoe Thomas,angela92@example.net,1955-11-28,Male,South Gillianville,Gambia,2025-12-01,Standard,Google Ads,3857,757,Low,True,False
2510,Ross Webster,annettelynch@example.com,1949-11-17,Male,Mohammedtown,Tunisia,2024-02-09,Standard,Referral,3463,772,Low,True,False
2511,Karl White,thomas24@example.org,1983-04-25,Non-Binary,West Richardport,Bermuda,2025-04-29,Standard,Referral,3740,743,Medium,False,False
2512,Mr Charles Day,kwilson@example.net,1952-02-22,Male,Martynview,Iceland,2024-12-04,Standard,Referral,2755,654,Medium,True,False
2513,Judith Newton,eporter@example.net,1999-04-18,Male,West Sean,Holy See (Vatican City State),2025-01-08,Standard,Referral,1988,775,Low,True,False
2514,Jason Poole,jasmine43@example.com,1956-03-30,Male,East Paultown,Slovenia,2025-12-10,Standard,LinkedIn,3465,765,Low,True,False
2515,Harry Harris-Wall,samuelstanley@example.net,1963-05-29,Female,Lake Kerryfort,Cuba,2025-09-07,Standard,Organic,3531,664,Medium,False,False
2516,June Cole,marilyn20@example.net,1991-02-11,Female,Lake Mohammadhaven,Ghana,2024-11-26,Business,Google Ads,34998,809,Low,True,False
2517,Anne Thomas,esingh@example.org,1991-09-02,Male,Hendersonfort,Mozambique,2026-02-15,Standard,Google Ads,2698,682,Medium,True,False
2518,Harry Smith,nataliehammond@example.com,1958-11-06,Non-Binary,Port Ian,Cambodia,2025-02-06,Standard,Google Ads,3821,776,Low,True,False
2519,Mrs Sharon Rowe,vphillips@example.net,2000-04-02,Male,Port Melanie,New Caledonia,2026-04-29,Standard,Organic,4249,655,Medium,False,False
2520,Mr Scott Booth,malcolmpatel@example.org,1947-04-02,Female,West Iainchester,Turks and Caicos Islands,2024-12-24,Standard,Organic,4467,629,High,True,False
2521,Dr Katy Bailey,barkerrita@example.org,1995-01-30,Male,Armstrongchester,Liberia,2025-04-13,Premium,Facebook Ads,10338,697,Medium,True,False
2522,Mr Antony Young,phillip93@example.org,1978-05-10,Female,North Jeffreychester,Kiribati,2024-03-25,Standard,Google Ads,3839,632,High,True,False
2523,Andrea Howard,grace10@example.org,1987-07-29,Male,East Naomiton,Comoros,2025-04-04,Premium,Google Ads,6743,538,High,True,False
2524,Shannon Holland,cameron93@example.com,1964-10-01,Male,Jasonburgh,Taiwan,2023-06-30,Standard,Facebook Ads,4222,711,Medium,True,False
2525,Marie Bishop,wrightrhys@example.com,1969-03-24,Male,East Lindseymouth,British Virgin Islands,2023-07-01,Standard,LinkedIn,3281,667,Medium,True,True
2526,Sian Parker-Sanders,christian39@example.com,1973-02-09,Male,Shaunbury,Nicaragua,2025-03-18,Standard,Organic,3565,656,Medium,True,False
2527,Samuel Baker,joseph39@example.org,1988-12-13,Female,Harperside,Azerbaijan,2026-02-25,Standard,Google Ads,4468,610,High,True,False
2528,Dr Jack Patel,donnastevens@example.org,1967-05-28,Male,Singhberg,Finland,2025-08-04,Premium,Facebook Ads,7562,705,Medium,False,False
2529,Maurice Johnson,freemanstuart@example.org,1963-03-05,Male,New Gavinside,New Caledonia,2026-03-16,Standard,Organic,3211,805,Low,True,False
2530,Linda Atkinson,gracebradshaw@example.net,1979-08-24,Female,East Hazeltown,Mali,2026-04-29,Standard,Google Ads,4886,675,Medium,True,False
2531,Dr Trevor Williams,carterlynn@example.net,1969-05-16,Female,New Dennis,El Salvador,2025-03-16,Premium,Google Ads,5016,730,Medium,True,False
2532,Kayleigh Watkins-Parker,uthompson@example.org,1955-08-16,Female,Sheilaside,Reunion,2024-08-24,Standard,LinkedIn,3343,683,Medium,True,True
2533,Jack Elliott,vbarker@example.org,2000-10-30,Female,South Kathryn,Western Sahara,2023-11-19,Standard,Google Ads,4603,735,Medium,True,False
2534,Ashley Smith,arthur52@example.org,1981-04-26,Female,South Rossmouth,Palau,2026-05-17,Standard,Referral,4321,713,Medium,True,False
2535,Danielle Griffiths,reynoldsjacob@example.org,1982-01-23,Female,New Royton,Montserrat,2025-01-24,Standard,Google Ads,4713,754,Low,True,False
2536,Dr Alex Dixon,leonard14@example.com,2006-05-18,Male,North Joannafort,Bouvet Island (Bouvetoya),2026-02-23,Standard,Google Ads,4310,774,Low,True,False
2537,Mr Ryan Lewis,carterjeremy@example.org,1996-06-08,Male,Jeremymouth,Congo,2026-04-06,Premium,Organic,11751,634,High,True,False
2538,Gemma Jackson,vwood@example.net,1950-09-30,Male,Jamiechester,South Africa,2026-05-26,Standard,Referral,4844,713,Medium,True,True
2539,Ms Sylvia Rogers,qsmith@example.net,2007-08-18,Female,Stevenland,Tokelau,2023-07-26,Premium,Facebook Ads,9019,712,Medium,True,False
2540,Ms Leanne Allen,lydiaparker@example.net,1979-02-18,Female,Smithmouth,Nigeria,2023-08-31,Standard,Referral,4283,801,Low,True,False
2541,Mr Alexander Boyle,vharper@example.com,1983-03-08,Male,Lake Joelshire,Cape Verde,2026-01-19,Premium,Referral,7642,623,High,True,False
2542,Mr Connor Mills,frogers@example.net,1977-02-10,Male,East Thomashaven,Netherlands Antilles,2025-07-16,Business,Referral,24366,722,Medium,True,False
2543,Nathan Gray,xgray@example.net,1973-07-20,Female,Stewartburgh,New Zealand,2024-12-03,Standard,Organic,3636,694,Medium,False,False
2544,Anne Wilson,margaretwilkinson@example.org,2005-03-17,Female,Port Amber,Monaco,2023-10-18,Premium,Organic,11105,706,Medium,True,False
2545,Jake Wyatt-Scott,gailpeacock@example.org,2001-03-31,Male,East Cameronfurt,Tajikistan,2024-01-26,Standard,Referral,2461,729,Medium,True,False
2546,Mr Reece Lewis,hardinghenry@example.org,1946-10-05,Female,New Barbara,Sri Lanka,2024-08-08,Standard,LinkedIn,3392,726,Medium,True,False
2547,Kim Fisher-Wong,jennaholmes@example.com,1949-06-15,Male,New Ben,Gambia,2025-04-19,Standard,LinkedIn,2634,645,High,True,False
2548,Miss Victoria Smith,janetjarvis@example.com,1955-10-23,Female,Glenville,Isle of Man,2025-01-16,Business,Facebook Ads,30223,805,Low,True,False
2549,Shirley Smith,ballen@example.org,1965-02-23,Female,New Terencefort,Anguilla,2024-07-17,Standard,Referral,1810,850,Low,True,False
2550,Kim Bates,maxpowell@example.com,2007-02-20,Male,Julianview,Australia,2023-11-22,Standard,Organic,2768,662,Medium,True,False
2551,Dr Callum Davies,brownamanda@example.net,2007-04-26,Male,Dunnchester,Turkmenistan,2025-02-14,Standard,Google Ads,4563,671,Medium,True,True
2552,Dr Lauren Harvey,christopherferguson@example.org,1976-07-22,Male,Port Amandastad,Gambia,2023-09-25,Standard,Referral,2906,734,Medium,True,True
2553,Linda Scott-Newton,kpowell@example.com,1991-06-28,Male,Lewisport,Guinea-Bissau,2024-09-27,Standard,Facebook Ads,1888,796,Low,True,False
2554,Tracy Watkins,elliothughes@example.net,1954-04-07,Male,Morrisport,Syrian Arab Republic,2025-01-20,Standard,Facebook Ads,2137,719,Medium,True,False
2555,Julian Ali,geraldholmes@example.com,1951-05-22,Female,Georgestad,Mongolia,2023-10-14,Standard,Google Ads,2791,783,Low,True,False
2556,Andrew Reeves,harry67@example.org,1991-05-25,Female,Lake Angelamouth,Azerbaijan,2025-05-02,Premium,Referral,7804,708,Medium,True,False
2557,Carolyn Lewis,pwilliams@example.com,1997-03-23,Male,West Rhysfort,Heard Island and McDonald Islands,2026-05-20,Standard,Facebook Ads,3149,745,Medium,True,False
2558,Debra Wright,yward@example.org,1961-05-02,Female,Jasminetown,Gibraltar,2024-06-02,Business,Referral,28691,698,Medium,True,False
2559,Mr Ian Roberts,gemma25@example.com,1971-09-22,Female,Sheilaberg,Svalbard & Jan Mayen Islands,2024-07-30,Standard,Google Ads,3552,723,Medium,False,False
2560,Adam Begum,leahwatts@example.net,1996-02-24,Female,Reidmouth,Western Sahara,2025-07-23,Standard,Google Ads,3009,805,Low,True,False
2561,Lydia Thomson,pmiller@example.com,1966-08-12,Male,Murphyton,Palestinian Territory,2024-04-26,Business,Referral,31837,599,High,True,False
2562,Maureen Rice,eric92@example.net,1950-07-02,Male,Port Georgina,British Virgin Islands,2023-08-27,Standard,Organic,2939,733,Medium,True,False
2563,Deborah Hall,hillmelissa@example.com,1954-02-22,Male,North Francescamouth,Paraguay,2024-10-15,Standard,Google Ads,3491,726,Medium,True,True
2564,Dorothy Herbert,hancockdenise@example.com,1969-06-26,Female,Gordonchester,Sao Tome and Principe,2024-11-21,Premium,LinkedIn,7336,667,Medium,True,False
2565,Rachel Higgins,armstronghilary@example.net,1999-09-22,Female,South Kerry,Rwanda,2026-04-16,Standard,Referral,3734,565,High,True,False
2566,Eleanor Hunt,qblake@example.com,1954-01-10,Female,Albertberg,Saint Lucia,2024-09-13,Standard,Google Ads,4712,615,High,True,False
2567,Dr Antony Forster,fcurtis@example.org,2001-07-18,Non-Binary,North Kieranburgh,Maldives,2025-08-03,Standard,Facebook Ads,2638,775,Low,True,False
2568,Benjamin Reed-Doyle,pateldenis@example.org,1967-04-13,Female,Abigailfort,Samoa,2024-08-14,Standard,LinkedIn,3726,776,Low,True,False
2569,Henry Stephenson,foxvictoria@example.com,1969-11-22,Male,Lake Brenda,Guinea,2023-12-28,Standard,Google Ads,4331,789,Low,True,False
2570,Sharon Hughes,jacqueline27@example.org,1986-08-24,Male,North Phillipstad,Palau,2023-12-29,Standard,Organic,4773,740,Medium,True,False
2571,Oliver Cunningham,charleshughes@example.org,1948-08-26,Female,Royfurt,Malta,2024-09-10,Standard,Organic,3697,763,Low,True,False
2572,Elliott Patel-Davies,fionablack@example.com,1989-01-21,Female,Port Jacqueline,Tanzania,2024-12-14,Standard,Referral,3457,741,Medium,False,False
2573,Amanda Law,brenda62@example.net,1954-08-27,Male,Lake Traceyland,Lebanon,2025-07-08,Premium,Referral,11186,635,High,False,False
2574,Henry Bishop,martyn52@example.org,2003-01-08,Female,South Tracyport,France,2024-07-06,Premium,Organic,7072,624,High,True,False
2575,Dr Holly Edwards,ijones@example.com,1988-03-20,Female,East Shannontown,Belize,2024-06-21,Standard,Organic,2993,628,High,True,False
2576,Mr Terry Freeman,eellis@example.net,1969-07-17,Male,Knowlesview,Isle of Man,2024-05-16,Standard,Organic,3825,724,Medium,True,False
2577,Mary Grant,raymondwilliams@example.net,1991-05-05,Female,Louisland,Colombia,2023-07-01,Standard,Referral,3404,850,Low,True,False
2578,Janet Taylor,elliott07@example.com,1992-04-22,Male,Grahamland,Nauru,2024-04-21,Standard,Organic,4062,646,High,True,False
2579,Colin Simpson,georgesutton@example.org,1975-03-15,Female,New Mathew,Malaysia,2024-09-09,Standard,Google Ads,3724,810,Low,True,True
2580,Mrs Georgina Clements,heather00@example.org,1957-01-07,Female,Newmanchester,Macao,2023-06-15,Standard,Facebook Ads,1856,643,High,True,False
2581,Abbie Baker,denismclean@example.net,1969-06-19,Male,New Carolyntown,Ghana,2025-12-02,Standard,Google Ads,2185,826,Low,True,False
2582,Bradley Jones-Fisher,harrisjoyce@example.org,1967-01-08,Female,Lake Pauline,Antarctica (the territory South of 60 deg S),2024-05-14,Premium,Referral,5476,809,Low,True,False
2583,Hugh Leach-King,pateljasmine@example.org,1967-01-26,Male,Lake Nicolaside,French Polynesia,2025-11-27,Standard,Referral,4027,713,Medium,True,False
2584,Dr Declan Storey,sharon09@example.com,1958-08-21,Male,Claytonfort,Estonia,2023-09-01,Premium,Organic,8868,742,Medium,True,False
2585,Dr Tony Khan,plloyd@example.com,1953-01-17,Female,Victorchester,Saint Lucia,2025-04-03,Business,Referral,28856,668,Medium,True,False
2586,Ms Dorothy Brookes,vincentsmith@example.org,1979-09-15,Male,Louischester,British Virgin Islands,2025-07-18,Premium,Google Ads,9095,697,Medium,True,False
2587,Dawn Morgan-Khan,harryhiggins@example.org,1954-12-25,Male,Howardburgh,Wallis and Futuna,2025-12-04,Premium,Referral,8336,808,Low,False,False
2588,Miss Maria Robertson,dominicallen@example.net,2004-08-15,Female,Lake Lewistown,Palestinian Territory,2023-10-31,Standard,LinkedIn,1961,618,High,True,False
2589,Ms Lorraine Begum,brownronald@example.org,1973-03-12,Male,East Jordanfort,Falkland Islands (Malvinas),2024-11-03,Premium,LinkedIn,9215,698,Medium,False,False
2590,Dorothy Fowler,leslie96@example.net,1947-03-14,Male,South Mohammed,Gabon,2024-10-26,Standard,Organic,4604,667,Medium,False,False
2591,Paige Stevens,justin59@example.net,2003-08-23,Male,Robertbury,Lebanon,2023-08-10,Standard,Facebook Ads,2479,793,Low,True,False
2592,Kyle Owens-Walsh,lsmith@example.org,1985-07-30,Male,Port Jordanside,Holy See (Vatican City State),2023-11-11,Standard,LinkedIn,3704,660,Medium,True,False
2593,Kathryn Boyle,adamcox@example.com,2002-10-19,Male,Bentleyport,Palau,2024-04-16,Standard,Referral,4872,734,Medium,True,False
2594,Miss Vanessa Moore,clivehall@example.net,1951-11-10,Female,Stevensborough,Nigeria,2025-08-11,Premium,Organic,9504,748,Medium,True,False
2595,Ms Grace Hall,aimeefisher@example.net,2008-05-22,Male,Whitestad,Georgia,2024-05-28,Standard,LinkedIn,2417,797,Low,True,False
2596,Mr Gary Connor,jhale@example.net,1956-11-05,Male,South Ronaldstad,Vietnam,2024-10-22,Standard,Facebook Ads,4212,850,Low,True,False
2597,Mr Max Walker,ecooke@example.net,1955-02-25,Male,Stanleyton,Comoros,2025-12-15,Premium,Organic,8350,629,High,True,False
2598,Julie Smith,lucy49@example.com,2007-02-14,Male,Lake Shirley,Zambia,2025-06-14,Standard,LinkedIn,4835,642,High,True,True
2599,Michael Jones,qsmith@example.org,1970-05-01,Female,Harrymouth,Syrian Arab Republic,2024-06-26,Standard,Organic,4462,639,High,True,False
2600,Bethan Clark,kennethwatkins@example.org,1998-02-18,Female,Port Christine,Palau,2025-05-17,Standard,Organic,3999,530,High,True,True
2601,Mr Steven Daniels,ehughes@example.org,1980-03-06,Female,Lake Jordan,Sweden,2025-03-25,Standard,Organic,3111,736,Medium,True,False
2602,Diane Wood,tlyons@example.com,1989-05-04,Male,Kathrynport,Mongolia,2025-06-16,Standard,Organic,3963,761,Low,True,False
2603,John Richards,ssaunders@example.org,1987-10-19,Female,East Stephen,French Guiana,2024-07-02,Standard,Organic,4883,608,High,True,False
2604,Gillian Harrison,leehiggins@example.org,1962-01-21,Female,South Carolyn,Indonesia,2023-08-22,Standard,Facebook Ads,2096,836,Low,True,False
2605,George Pollard-Wright,samperry@example.org,1961-11-09,Male,Hayleyland,Libyan Arab Jamahiriya,2023-09-12,Premium,Organic,6076,747,Medium,True,True
2606,Mr Graham Nicholls,harveyshane@example.com,1974-07-30,Female,Janetfurt,Honduras,2024-08-16,Business,Referral,18674,675,Medium,False,False
2607,Alex Farrell,mathew75@example.net,1968-11-28,Female,Dunnport,Togo,2024-09-21,Standard,Google Ads,3499,817,Low,True,False
2608,Bryan O'Neill,youngjanet@example.net,1968-06-12,Female,Victorialand,Nepal,2023-08-26,Premium,Google Ads,11876,773,Low,True,False
2609,Beverley Holt,tgoodwin@example.com,1963-01-11,Male,Samuelview,India,2024-05-08,Business,Facebook Ads,18116,736,Medium,True,True
2610,Rachael Atkinson-Webster,christian54@example.com,1958-07-25,Female,Katytown,Tunisia,2025-01-14,Standard,Referral,1809,772,Low,True,False
2611,Josh Stevens-Porter,hrobinson@example.net,1995-01-15,Female,Shirleyfort,Korea,2023-12-14,Standard,Facebook Ads,2250,552,High,True,True
2612,Mrs Elaine Dixon,whitemaureen@example.net,1978-09-14,Female,Lake Simon,Sri Lanka,2023-09-05,Business,Google Ads,16087,573,High,True,False
2613,Jade Hartley-Ellis,cbolton@example.com,2003-12-01,Male,Port Sarah,Antarctica (the territory South of 60 deg S),2023-10-31,Premium,Google Ads,8264,573,High,True,False
2614,Mr Francis Wilkinson,gwilliams@example.org,1966-10-18,Male,Cameronton,Uzbekistan,2023-09-02,Standard,Organic,4995,813,Low,True,False
2615,Paul Henderson-Wright,hford@example.org,1996-08-01,Male,Jemmamouth,Albania,2025-11-06,Standard,Google Ads,4167,786,Low,False,False
2616,Miss Jill Welch,pwilliams@example.net,1961-03-21,Female,Lake Charles,Korea,2023-06-20,Standard,Organic,4026,671,Medium,True,True
2617,Miss Louise Moore,cheryl75@example.com,2004-06-01,Male,Lake Tracy,San Marino,2023-09-28,Standard,Organic,2627,654,Medium,True,False
2618,Eleanor Bishop-Coleman,sean05@example.org,1984-01-02,Male,South Shannon,Micronesia,2025-01-30,Premium,Referral,5722,780,Low,False,False
2619,Mr Gary Fletcher,mauricenewton@example.org,1968-07-16,Female,Lake Leonard,French Polynesia,2024-02-13,Standard,LinkedIn,4290,765,Low,True,False
2620,Dr Jason Burton,emily08@example.net,1952-01-28,Female,Lloydburgh,Jersey,2024-03-17,Standard,Referral,4835,746,Medium,True,False
2621,Marian West,marygilbert@example.net,1966-01-05,Female,Poolechester,Netherlands Antilles,2024-02-20,Standard,Facebook Ads,4392,544,High,True,False
2622,Judith Holmes,raymondbrown@example.org,1986-02-08,Male,Malcolmland,Niger,2023-08-28,Premium,Organic,10735,581,High,False,True
2623,Dr Jodie Cook,junebray@example.org,1970-10-16,Female,Lambertside,Christmas Island,2025-05-14,Premium,Referral,10004,688,Medium,True,False
2624,Terence Sullivan,andersonkatie@example.net,1961-06-15,Male,Sandrashire,Turkey,2025-11-28,Premium,Facebook Ads,11028,658,Medium,False,False
2625,Sarah Newman,tina96@example.com,1989-01-31,Female,West Alexandrafort,Singapore,2025-11-11,Standard,Referral,3128,754,Low,True,False
2626,Dr Marc Patel,ohayes@example.net,1974-01-10,Female,East Lindseyshire,Algeria,2023-09-25,Standard,Organic,4251,788,Low,False,False
2627,June King-Hart,sandra99@example.org,1963-03-02,Female,East Amy,Azerbaijan,2024-08-31,Standard,Organic,4214,636,High,True,False
2628,Chelsea Tyler-Davies,jeanmarshall@example.net,1995-12-17,Female,Saunderston,Qatar,2024-06-13,Standard,Organic,4360,584,High,False,False
2629,Owen Patel,shughes@example.org,2006-04-26,Male,Port Mauriceton,Saint Kitts and Nevis,2023-12-13,Standard,LinkedIn,2723,681,Medium,True,False
2630,Harriet Walton,harrisonclive@example.net,1966-03-29,Non-Binary,East Mandyport,Ghana,2024-01-20,Standard,Organic,1888,757,Low,True,False
2631,Marilyn Edwards,joel23@example.com,1946-07-09,Female,Terrymouth,Zimbabwe,2025-11-16,Standard,Referral,4746,691,Medium,True,False
2632,Lawrence Wright,wallacefiona@example.com,1973-03-06,Male,Harveytown,Oman,2025-08-11,Standard,Organic,4921,678,Medium,True,False
2633,Marion Heath,whitebrenda@example.com,2007-09-27,Female,North Nigelhaven,Guernsey,2025-11-18,Standard,Organic,3277,625,High,True,False
2634,Miss Victoria Brown,conortownsend@example.net,1968-07-13,Male,New Dianeside,Latvia,2023-12-02,Standard,Organic,2212,814,Low,True,False
2635,Julian Martin,oliviaholland@example.com,1953-07-26,Male,Lake Hollie,Haiti,2024-09-22,Standard,Organic,4515,645,High,True,True
2636,Marion Farmer,denispatel@example.com,1982-01-25,Male,New Holly,Greenland,2024-03-13,Standard,Organic,2148,675,Medium,True,True
2637,Harriet Knight,vwright@example.com,2004-03-22,Female,Lucymouth,Burundi,2025-10-30,Standard,Referral,4026,660,Medium,True,False
2638,Jane Thompson,shawmarc@example.com,1955-02-02,Male,Gillianmouth,Poland,2024-11-03,Premium,Google Ads,7838,684,Medium,True,False
2639,Dr Thomas Wallace,smithmarion@example.com,1998-07-20,Male,Rachaeltown,Sri Lanka,2026-05-28,Premium,LinkedIn,5198,698,Medium,True,False
2640,Ms Shannon Nixon,mark19@example.org,1950-03-19,Male,West Joycefort,Suriname,2025-08-09,Standard,Google Ads,3113,707,Medium,True,False
2641,Dr Victor Bibi,fhawkins@example.net,1949-06-07,Female,South Bryan,Tonga,2026-01-14,Standard,Organic,4093,850,Low,True,False
2642,Dr Frederick Norris,annette45@example.net,1985-07-06,Female,South Tobyfort,Togo,2024-12-08,Standard,Organic,2229,735,Medium,True,False
2643,Alan Wilson,ydickinson@example.net,1968-02-06,Female,Baxterview,Singapore,2025-05-11,Business,Organic,32970,530,High,True,False
2644,Miss Amanda Phillips,fharvey@example.org,1967-04-16,Female,Deanton,Iran,2025-12-06,Business,Google Ads,23866,634,High,True,False
2645,Mr Antony Arnold,thomasnicholas@example.org,1994-01-26,Male,Elliottown,Rwanda,2026-01-30,Standard,Organic,4817,845,Low,True,False
2646,Ms Lesley Warner,watsonharriet@example.com,1978-01-02,Male,Ashleighhaven,Kazakhstan,2026-03-18,Standard,Referral,2840,624,High,True,True
2647,Gemma Sheppard,jonathanclark@example.org,1953-03-25,Male,Port Johnfurt,Fiji,2023-10-06,Standard,Organic,3141,661,Medium,True,False
2648,Mr David Robinson,raymond46@example.net,1977-05-17,Male,West Rachel,Paraguay,2025-09-01,Standard,Referral,4685,650,Medium,True,True
2649,John Brooks,hussaintimothy@example.org,1979-08-18,Female,West Gordon,Andorra,2023-07-16,Standard,Organic,3178,622,High,True,False
2650,Elaine O'Donnell,gregory52@example.org,1991-06-23,Female,Lake Gerard,Luxembourg,2025-02-28,Standard,Google Ads,2749,543,High,True,False
2651,Abdul Gilbert,ifarmer@example.net,1965-05-28,Male,North Irene,Palau,2024-03-09,Premium,Organic,10559,734,Medium,True,False
2652,Katherine Williamson,holmesbeverley@example.com,1994-10-02,Female,Traceystad,Palau,2024-05-19,Premium,LinkedIn,5172,748,Medium,True,False
2653,Bruce Wright,paigenaylor@example.com,1967-05-03,Female,Coopermouth,Zimbabwe,2025-12-20,Premium,Google Ads,8084,636,High,True,True
2654,Patrick Stevens,junerichards@example.net,1982-01-05,Female,Denisechester,Sudan,2024-12-06,Standard,Facebook Ads,2638,677,Medium,True,False
2655,Jeffrey Phillips-Morris,sdixon@example.net,1995-04-01,Male,West Nicole,Bosnia and Herzegovina,2025-12-10,Standard,Organic,4851,725,Medium,True,False
2656,Anne Carey,cwarren@example.net,1948-07-20,Male,West Wendy,Canada,2026-05-27,Business,Referral,19017,794,Low,True,True
2657,Jodie Scott,dhoward@example.com,1999-04-03,Male,Port Joanne,Latvia,2023-07-29,Standard,Organic,4222,640,High,False,True
2658,Jade Russell,asmith@example.com,2006-05-07,Female,Cookville,Ukraine,2025-07-11,Standard,Google Ads,1928,741,Medium,True,False
2659,Ben Middleton,karenrogers@example.org,2003-05-25,Female,Sarafurt,British Virgin Islands,2024-12-27,Standard,Referral,2278,703,Medium,True,True
2660,Ricky Mason,aprice@example.com,1999-08-14,Male,West Joan,Libyan Arab Jamahiriya,2025-04-24,Standard,Referral,1911,716,Medium,True,False
2661,Abigail Green,michellecarroll@example.org,1983-06-25,Female,Burnsmouth,Saint Lucia,2025-04-30,Standard,Organic,3109,753,Low,True,False
2662,Miss Lynn Bell,chapmancharles@example.org,1980-04-02,Male,Hutchinsonview,Tuvalu,2023-12-31,Premium,Organic,11290,641,High,True,False
2663,Mrs Amanda Byrne,jbrown@example.org,1981-11-28,Male,North Ritatown,Eritrea,2024-10-19,Premium,Organic,6633,711,Medium,True,True
2664,Philip Sanders,sheppardstanley@example.net,1961-07-11,Male,South Tom,Malta,2023-12-30,Standard,Facebook Ads,3801,600,High,True,False
2665,Ross Smith,leslieross@example.net,1966-05-03,Male,East Eric,Norfolk Island,2023-10-12,Standard,Organic,2683,666,Medium,True,False
2666,Ryan Thompson,wayne26@example.net,2005-07-21,Male,New Ianfort,Madagascar,2025-09-21,Standard,Organic,4606,630,High,True,False
2667,Aaron Burns,laurawalsh@example.org,1950-02-01,Non-Binary,Lake Sally,Senegal,2024-04-11,Standard,Organic,2258,797,Low,True,False
2668,Miss Claire Fisher,ccooper@example.net,1945-12-08,Male,Wilkinsonport,Sierra Leone,2024-03-01,Standard,Organic,3676,614,High,True,True
2669,Carole Mahmood-Parkinson,morganleslie@example.org,1980-05-22,Non-Binary,Phillipsburgh,Cameroon,2025-01-28,Standard,Google Ads,2770,833,Low,True,False
2670,Emily Foster,richardwinter@example.net,1954-09-24,Non-Binary,West Hayley,Tonga,2025-05-14,Standard,Facebook Ads,3899,800,Low,True,False
2671,Hugh Adams,gowens@example.net,1990-07-27,Non-Binary,Jaymouth,Luxembourg,2025-05-12,Premium,Referral,11914,642,High,True,False
2672,Tracey Elliott,josh94@example.net,1958-05-15,Non-Binary,New Billy,Cambodia,2024-11-18,Standard,Organic,4933,669,Medium,True,False
2673,Mr Terence Ashton,chloe67@example.com,1975-02-16,Female,New Stephen,Northern Mariana Islands,2024-02-27,Standard,Organic,4815,592,High,True,False
2674,Georgia Ford,carl60@example.net,1976-02-24,Male,Lake Angelaside,Wallis and Futuna,2023-09-03,Standard,Google Ads,3547,673,Medium,True,True
2675,Samantha Rogers-Jackson,pdavies@example.org,1994-05-21,Male,Lake Cliffordstad,Fiji,2024-12-15,Standard,Organic,3397,812,Low,True,False
2676,Miss Ashleigh Thomas,dbibi@example.net,1951-03-24,Male,New Emily,Ukraine,2024-11-19,Standard,Facebook Ads,3429,695,Medium,True,False
2677,Miss Beverley Gordon,holtkimberley@example.com,1999-12-17,Male,Thomasmouth,Cote d'Ivoire,2024-12-26,Standard,Facebook Ads,2290,784,Low,True,True
2678,Andrea Walton-Watson,walkerdamien@example.com,1971-07-17,Female,Port Rogerland,Jersey,2025-07-19,Standard,Organic,2614,742,Medium,True,False
2679,Dr Graham Moore,mgoddard@example.net,1976-10-12,Female,East Josephinemouth,Finland,2025-11-07,Premium,Google Ads,8319,769,Low,False,False
2680,Malcolm Jones,doddjordan@example.org,1978-11-22,Male,Andrewtown,Turkey,2024-09-07,Standard,Facebook Ads,3725,757,Low,True,False
2681,Alexandra Stevenson-Singh,samuel49@example.com,1999-07-21,Male,Port Samuelbury,Djibouti,2026-01-08,Premium,Facebook Ads,11146,680,Medium,False,False
2682,Alex Wilson,geraldriley@example.net,2001-07-02,Male,North Marilynberg,Faroe Islands,2023-11-24,Standard,Google Ads,4819,644,High,True,False
2683,Alex Hamilton,lewisfrancesca@example.com,1993-01-05,Female,Peterland,Andorra,2023-09-14,Standard,Facebook Ads,3938,665,Medium,True,False
2684,Dr Lesley Hunter,uward@example.com,1996-08-20,Female,New Martinmouth,Nicaragua,2024-08-02,Standard,LinkedIn,3956,783,Low,True,False
2685,Mr Victor Cooper,vsmith@example.com,1984-11-24,Female,Port Tracy,Senegal,2023-09-12,Standard,Referral,2068,609,High,True,True
2686,Albert Moore,lchan@example.org,1993-05-13,Male,North Peter,Comoros,2024-12-26,Standard,Google Ads,3899,606,High,True,False
2687,Mr Rhys Austin,matthewskirsty@example.net,1988-02-01,Male,South Alex,Kyrgyz Republic,2024-06-14,Business,Organic,16814,796,Low,True,False
2688,Ricky Robinson,abduldickinson@example.com,1968-12-18,Female,East Jeffrey,Spain,2025-07-27,Standard,Referral,2500,656,Medium,True,False
2689,Dr Philip Rose,fbuckley@example.org,1981-08-14,Female,South Olivialand,Mongolia,2023-08-24,Standard,Facebook Ads,2423,785,Low,True,False
2690,Mr Roger Phillips,burkedarren@example.com,1975-05-09,Female,Allenberg,Puerto Rico,2024-07-13,Standard,Organic,3193,733,Medium,True,False
2691,Josh Thomas,gregory03@example.org,1962-08-12,Female,Charliehaven,Ghana,2023-10-27,Premium,Facebook Ads,10461,741,Medium,True,False
2692,Leonard Dickinson-Fox,qclarke@example.com,1945-12-14,Male,Ianshire,Palestinian Territory,2025-11-01,Premium,Organic,6384,593,High,True,True
2693,Miss Kim Ellis,stuartfrost@example.net,2001-12-03,Female,East Melissachester,Belize,2024-06-05,Premium,Google Ads,11949,770,Low,True,False
2694,Josh Davies,rbegum@example.org,1967-10-10,Male,Lake Hilarytown,Barbados,2023-08-20,Premium,Google Ads,6997,779,Low,True,True
2695,Christian Fox-Turner,sheilascott@example.net,1978-09-22,Female,Cooperhaven,Lithuania,2023-07-18,Premium,Google Ads,9515,568,High,True,True
2696,Jason Tomlinson,omitchell@example.org,1953-03-21,Male,Singhview,Lao People's Democratic Republic,2023-11-25,Standard,LinkedIn,2276,694,Medium,True,False
2697,Dr Edward Davies,smithmalcolm@example.org,1954-01-22,Male,Lake Sara,Ethiopia,2023-11-09,Standard,Google Ads,2964,737,Medium,True,False
2698,Timothy Watson,irene20@example.com,1966-02-11,Male,Lake Kimberleyhaven,Cameroon,2023-12-25,Standard,Referral,4663,708,Medium,True,False
2699,Dr Aaron Hughes,amelia14@example.net,1956-12-28,Female,Marianburgh,Saudi Arabia,2026-02-09,Premium,Facebook Ads,7552,698,Medium,True,False
2700,Sharon Douglas-Griffiths,hillgillian@example.net,2006-08-14,Female,Charlesside,Isle of Man,2024-10-11,Premium,LinkedIn,7694,718,Medium,True,False
2701,Leah Bennett,lordsheila@example.net,1977-10-06,Male,Burgessmouth,Ecuador,2024-07-01,Standard,LinkedIn,2026,725,Medium,True,False
2702,Jay Humphries,markwalker@example.org,2000-06-24,Female,East Aimee,Greece,2023-10-26,Premium,Google Ads,11643,655,Medium,True,False
2703,Ms Kate Walton,jemmabrown@example.net,1960-01-27,Male,North Paul,French Southern Territories,2024-08-05,Standard,Referral,2318,770,Low,True,False
2704,Mrs Rebecca Clark,pstevens@example.com,1976-02-25,Female,Richardsburgh,Australia,2025-11-03,Standard,Organic,4768,630,High,False,True
2705,Katy Winter-Jones,victoriareeves@example.net,1983-06-07,Female,Francescamouth,Ecuador,2025-09-12,Standard,Facebook Ads,3868,724,Medium,True,False
2706,Dr Alice Smith,hilldennis@example.net,1994-11-23,Female,Louisehaven,Slovenia,2024-03-13,Premium,Organic,7150,844,Low,True,False
2707,Margaret Hunt,hannah54@example.net,1982-05-30,Male,Hughesberg,Romania,2024-05-03,Standard,Facebook Ads,2736,717,Medium,True,False
2708,Mr Mohamed Hutchinson,rosiemartin@example.org,1959-10-13,Female,Janiceview,Panama,2025-11-29,Standard,Facebook Ads,4222,759,Low,True,False
2709,Glen Harding,bgreenwood@example.com,1949-07-28,Male,Georgemouth,Madagascar,2024-06-24,Premium,Organic,7779,741,Medium,True,False
2710,Bernard Clarke,watsontony@example.org,2005-11-11,Male,Reesmouth,Somalia,2023-07-23,Premium,Facebook Ads,5293,647,High,True,False
2711,Ann Doyle,lwilliams@example.net,1957-05-02,Female,Williamsshire,Gambia,2024-03-21,Standard,LinkedIn,3572,667,Medium,True,False
2712,Lawrence Mills-Carter,conor77@example.org,2003-01-02,Female,Andrewberg,Lithuania,2025-09-25,Standard,Referral,2662,577,High,True,False
2713,Laura Crawford,justinbarnes@example.org,1995-03-03,Female,O'Brienshire,Lithuania,2026-06-11,Business,Referral,30026,788,Low,True,False
2714,Steven Atkins,samrice@example.org,1980-04-29,Male,South Stanley,China,2024-12-18,Standard,Google Ads,4730,632,High,True,True
2715,Kate Johnson-Mitchell,kennethgreen@example.net,1949-01-29,Non-Binary,Port Beverleyton,Croatia,2023-08-15,Premium,Organic,11343,850,Low,True,False
2716,Bethan Davison,bruce54@example.com,1993-03-07,Male,Bullburgh,Djibouti,2025-09-08,Standard,Organic,4608,588,High,True,True
2717,Ashley Holmes-Schofield,ucunningham@example.org,1982-03-21,Non-Binary,South Natalie,Ireland,2026-03-25,Standard,Organic,4562,554,High,True,False
2718,Lawrence Brown,vspencer@example.com,1987-07-11,Female,North Damian,Nicaragua,2025-03-02,Standard,Facebook Ads,2732,563,High,True,False
2719,Douglas Cook,phenderson@example.org,1970-03-17,Male,East Sally,Slovakia (Slovak Republic),2024-06-28,Premium,Facebook Ads,7741,683,Medium,True,False
2720,Katie Johnson-Johnson,martinedward@example.net,1946-10-08,Female,Naomiburgh,Georgia,2024-05-19,Standard,Google Ads,3271,670,Medium,True,False
2721,Arthur Clark,stewart63@example.com,2006-02-06,Male,Ashleyton,Cocos (Keeling) Islands,2026-06-05,Standard,Facebook Ads,3256,726,Medium,False,False
2722,Katie White,danielchapman@example.com,1968-10-24,Male,Lake Louise,Central African Republic,2023-12-27,Standard,Organic,2312,769,Low,True,False
2723,Mrs Rosemary Lees,clareakhtar@example.net,1972-01-16,Female,Teresamouth,Belarus,2026-05-29,Standard,Facebook Ads,4242,850,Low,True,False
2724,Ms Grace Brown,saragriffiths@example.org,1991-05-20,Male,Jacksonton,Cocos (Keeling) Islands,2025-05-20,Standard,LinkedIn,1807,767,Low,True,False
2725,Marie Reed,qcameron@example.com,1966-01-04,Male,South Bruce,Serbia,2024-03-18,Premium,Organic,5861,644,High,True,False
2726,Sally Dawson,vgriffiths@example.org,1963-08-05,Male,Port Jamietown,Niue,2025-05-24,Premium,Organic,5151,556,High,True,False
2727,Dr Elizabeth Mitchell,njones@example.net,1951-10-16,Female,North Leannebury,Tanzania,2025-07-04,Standard,Organic,4542,805,Low,True,False
2728,Edward Watkins,kellyhenderson@example.org,1965-08-30,Male,New Keith,Honduras,2026-03-24,Business,LinkedIn,26629,619,High,True,True
2729,Mr Arthur Page,jonesconnor@example.org,2006-06-24,Male,Stanleyside,Cape Verde,2023-10-25,Standard,Google Ads,4849,649,High,True,True
2730,Ross Barrett,leonardanderson@example.com,2001-01-19,Male,Lesleyton,Central African Republic,2023-07-12,Standard,Referral,1965,742,Medium,True,False
2731,Dr Carl Matthews,yball@example.com,1994-10-17,Female,West Marcmouth,Poland,2023-09-03,Standard,Google Ads,4906,753,Low,True,False
2732,Mrs Beth Williams,allennigel@example.com,1948-07-21,Female,South Martyn,San Marino,2023-11-13,Standard,Google Ads,4129,743,Medium,True,False
2733,Bradley Taylor,brooksandrew@example.com,1952-03-28,Female,Lake Yvonnefort,Congo,2025-04-12,Standard,Organic,4349,739,Medium,True,False
2734,Leanne Williams,karlryan@example.net,2001-08-01,Male,East Russell,Bahrain,2024-03-16,Standard,Referral,4597,643,High,False,False
2735,Robin Holmes,smithcarolyn@example.org,1969-01-29,Female,South Elaine,Aruba,2024-09-28,Standard,Google Ads,1812,803,Low,True,True
2736,Stanley Harding,masonmelissa@example.com,2007-11-12,Female,Andrewshire,Singapore,2026-01-22,Premium,Facebook Ads,9303,636,High,True,True
2737,Kathleen Griffiths,xatkins@example.net,1953-09-08,Male,New Marionville,Trinidad and Tobago,2025-03-21,Premium,Facebook Ads,10778,695,Medium,True,True
2738,Dr Alex Jones,dlaw@example.net,1951-08-17,Male,West Alexander,Bahamas,2025-01-01,Standard,Organic,2091,659,Medium,True,False
2739,Clifford James,xosullivan@example.com,1990-06-01,Female,Powerton,Tonga,2026-01-06,Standard,Google Ads,4452,612,High,False,False
2740,Helen Barlow,gregoryjosephine@example.com,1960-03-21,Female,West Roy,Georgia,2025-07-27,Premium,Google Ads,5058,769,Low,True,False
2741,Tina Potter,jodiesimpson@example.net,1997-07-05,Female,Leeton,Ethiopia,2024-08-14,Standard,Referral,3372,585,High,True,True
2742,Wayne Slater,qrobinson@example.net,1955-01-07,Male,Barrettborough,Niger,2024-01-04,Standard,Organic,3677,850,Low,True,False
2743,Dr Owen Pritchard,blakegeoffrey@example.org,1980-03-08,Female,New Rossbury,Greenland,2023-07-07,Premium,Organic,6931,592,High,True,False
2744,Dr Robert Ross,gardnermarilyn@example.net,1960-10-02,Male,Port Katiebury,Bhutan,2024-09-04,Business,Facebook Ads,15334,610,High,True,False
2745,Abbie Richardson,stephen65@example.com,2001-05-22,Female,Juliastad,Faroe Islands,2026-02-10,Standard,Google Ads,2852,761,Low,True,False
2746,Dylan Reynolds,joneslauren@example.org,1978-04-16,Female,Port Saraside,Czech Republic,2023-11-20,Standard,Google Ads,4745,732,Medium,True,True
2747,Daniel Davies,martin06@example.org,1989-08-11,Male,Lake Eric,Isle of Man,2024-03-21,Premium,Organic,7684,765,Low,True,False
2748,Natasha Carroll,rosie44@example.net,1977-10-16,Male,Jamieberg,Liberia,2024-05-11,Standard,Referral,4383,775,Low,True,False
2749,Nicola Howell,wrightjessica@example.com,1982-09-28,Female,New Rossland,Angola,2025-10-21,Premium,Organic,6741,684,Medium,True,False
2750,Liam Burgess,fbarker@example.org,1981-05-25,Male,Butlerport,Angola,2026-06-02,Standard,Google Ads,3254,742,Medium,True,False
2751,Kathleen Gray-Hopkins,hollie39@example.com,1982-01-25,Female,Lake Alicechester,Nigeria,2026-04-19,Standard,Facebook Ads,4363,639,High,True,False
2752,Ms Clare Simmons,clifford81@example.com,1962-10-31,Female,Burnsborough,Bangladesh,2024-10-16,Standard,Facebook Ads,4926,806,Low,True,False
2753,Dr Christian White,amelialucas@example.net,1945-10-24,Male,West Joe,American Samoa,2024-01-26,Business,Facebook Ads,16125,715,Medium,True,True
2754,Dr Mohammad Stevens,abbie68@example.org,1967-10-14,Male,Terryshire,Belgium,2025-05-31,Standard,Facebook Ads,2278,699,Medium,True,False
2755,Karl Pearce,ewhite@example.org,1967-11-29,Female,Bensonberg,Luxembourg,2024-06-23,Standard,Organic,2089,770,Low,True,False
2756,Aaron Burton,harriet15@example.com,1964-02-07,Male,South Gregory,Cayman Islands,2024-04-12,Premium,Organic,11202,599,High,True,False
2757,Emma Ward,vharvey@example.com,1987-11-26,Female,Paigeborough,Mauritania,2025-07-31,Premium,Referral,10874,514,High,False,False
2758,Mr Duncan Edwards,douglasbarry@example.com,1946-06-10,Male,Bartonville,Canada,2025-03-17,Standard,Organic,4232,635,High,True,False
2759,Geoffrey Harris,mathew19@example.net,1961-02-11,Male,Goddardside,Northern Mariana Islands,2026-03-24,Standard,Referral,3771,784,Low,False,False
2760,Yvonne Jones,cgreen@example.org,1961-03-11,Male,Russellchester,Wallis and Futuna,2024-10-15,Standard,Google Ads,2720,601,High,True,False
2761,Roger Hughes,nathanhill@example.com,1987-11-03,Male,New Claireville,Korea,2025-05-30,Standard,Referral,4243,657,Medium,True,False
2762,Mrs Leah Stanley,jholt@example.com,1993-01-17,Male,North Bryanburgh,Netherlands,2025-11-29,Premium,Organic,10948,818,Low,True,False
2763,Kelly Miller,tpatel@example.com,1975-06-14,Male,Allanfurt,Benin,2024-05-28,Standard,Google Ads,4056,740,Medium,False,False
2764,Alexander Woodward-Bond,kmartin@example.com,1962-01-11,Female,South Carolineport,Senegal,2023-06-30,Standard,Google Ads,1927,762,Low,False,False
2765,Ms Aimee Cooper,saundersjoel@example.org,2001-08-06,Female,Port Charlotte,Dominica,2026-01-22,Standard,Google Ads,2167,641,High,True,False
2766,Sylvia Pope,jackburton@example.com,1956-11-12,Female,North Shaneville,Sao Tome and Principe,2026-01-22,Standard,Organic,1982,584,High,True,True
2767,Lynda Francis,imurray@example.net,1962-04-13,Female,Lyndachester,Angola,2024-12-13,Premium,Organic,7365,794,Low,True,False
2768,Donna John,claire16@example.org,1948-10-27,Female,West Charlene,Papua New Guinea,2025-09-10,Standard,Google Ads,4644,615,High,True,True
2769,Sophie Edwards,graham15@example.org,1970-07-17,Male,New Max,Venezuela,2023-07-27,Standard,Referral,2002,747,Medium,True,False
2770,Kirsty Bird,bshaw@example.net,1999-02-05,Female,New Shirley,Uganda,2025-04-02,Premium,Referral,9361,750,Low,True,False
2771,Janet Kaur,samanthaclarke@example.org,1954-10-23,Male,West Guyberg,Guernsey,2024-10-09,Standard,Google Ads,3395,544,High,True,False
2772,Hilary Jones,pwalsh@example.net,1946-02-07,Female,East Beth,Indonesia,2023-12-14,Standard,Organic,2511,647,High,True,False
2773,Dr Max Glover,carolpalmer@example.com,2001-04-01,Female,New Kate,Wallis and Futuna,2026-04-14,Standard,Google Ads,4620,832,Low,True,False
2774,Kenneth Roberts,hrobinson@example.org,1952-07-17,Male,Lake Simon,Mongolia,2024-09-11,Standard,Google Ads,4052,735,Medium,True,False
2775,Arthur Moore,hjackson@example.net,1989-10-01,Male,Port Jonathanfort,Cyprus,2025-04-04,Premium,Facebook Ads,5261,820,Low,False,False
2776,Guy Harrison,morriskayleigh@example.org,1963-08-10,Female,East Williamstad,Hungary,2024-03-02,Standard,Google Ads,4263,667,Medium,True,False
2777,Ms Stacey Goodwin,richardsruth@example.net,1975-06-17,Non-Binary,East Geoffrey,Tunisia,2025-03-30,Standard,Referral,3391,804,Low,True,False
2778,Albert Carr-Henderson,patricia66@example.net,1998-05-11,Female,Charleneton,Solomon Islands,2026-03-21,Business,Organic,29539,582,High,True,False
2779,Dr Annette Wilson,francescooper@example.org,1962-09-20,Non-Binary,North Glen,Jamaica,2023-09-07,Premium,Facebook Ads,10057,753,Low,False,True
2780,Patricia Chambers-Newton,garyjones@example.net,1964-12-23,Female,East Russell,Chile,2024-01-24,Standard,Organic,4716,730,Medium,False,False
2781,Diana Coates,scottroger@example.com,1963-07-02,Male,Harperchester,Botswana,2025-05-21,Standard,Google Ads,4709,710,Medium,True,False
2782,Jodie Hewitt,aaronwilson@example.org,1999-04-22,Male,Lake Angelaside,Algeria,2026-01-08,Standard,Organic,3222,740,Medium,True,True
2783,Dr Owen Ali,mannguy@example.net,1976-03-06,Male,South Dorothybury,Congo,2025-09-12,Standard,Organic,4000,720,Medium,True,True
2784,Henry Jenkins,jemma87@example.net,1950-01-12,Male,Hallburgh,Svalbard & Jan Mayen Islands,2025-10-30,Standard,Organic,4215,850,Low,True,False
2785,Stacey Smith-Roberts,matthew12@example.com,1988-03-18,Male,Osborneborough,French Polynesia,2024-03-08,Premium,Google Ads,9943,764,Low,True,True
2786,Lucy Nelson,molly85@example.net,1954-03-15,Female,Lake Cameronton,Greece,2023-08-25,Business,LinkedIn,18704,692,Medium,True,False
2787,Lawrence Lynch-Day,stephenskinner@example.com,1981-07-28,Male,East Malcolmland,Guernsey,2025-07-03,Standard,Google Ads,4130,647,High,False,False
2788,Martyn Nolan,hhartley@example.net,1955-12-06,Male,Richardsonport,Wallis and Futuna,2024-02-17,Premium,Referral,9022,757,Low,True,False
2789,Mohammad Nelson-Evans,charlene36@example.net,1964-01-07,Female,Edwardsmouth,Panama,2025-02-15,Standard,LinkedIn,2472,729,Medium,True,False
2790,Joanna Booth-Jones,mcook@example.com,1983-09-18,Female,Port Toby,Zimbabwe,2025-10-27,Premium,LinkedIn,11804,833,Low,True,False
2791,Christian Smith,robertallen@example.com,1990-10-19,Male,Henrybury,Philippines,2024-04-17,Standard,Organic,2413,699,Medium,False,False
2792,James Stevens,bradley95@example.org,1996-06-15,Female,Stuartstad,Solomon Islands,2024-05-14,Premium,Organic,10433,712,Medium,True,False
2793,Dr Bethany Chapman,bmorris@example.org,1997-10-08,Male,Lindseyberg,Czech Republic,2025-05-02,Standard,Organic,4087,629,High,True,False
2794,Dr Jasmine Payne,wwebb@example.org,1997-05-15,Female,North Barbara,Jamaica,2024-03-04,Standard,Facebook Ads,4646,764,Low,True,False
2795,Garry Shaw,vyoung@example.net,1987-10-15,Female,O'Brienton,Latvia,2026-04-27,Standard,Referral,2281,555,High,True,False
2796,Debra Briggs,barlowdylan@example.org,1959-11-09,Female,Reedview,Saint Helena,2025-11-07,Standard,Google Ads,4793,723,Medium,True,False
2797,Owen Bennett,jonesjodie@example.com,1995-07-05,Male,Lawsonfort,Honduras,2026-01-05,Standard,Facebook Ads,4295,736,Medium,True,False
2798,Mr Louis Bishop,kimberleyphillips@example.net,1979-10-27,Male,Clarkeborough,Micronesia,2025-10-19,Standard,Organic,3956,755,Low,True,False
2799,Mandy Chambers,shahkevin@example.com,1951-12-17,Male,Port Jennafort,Turkey,2025-02-13,Standard,Referral,3258,724,Medium,True,False
2800,Mr Christian May,rebecca79@example.com,1961-12-25,Female,South Donnashire,Switzerland,2024-03-22,Standard,Organic,3925,846,Low,True,True
2801,Judith Baldwin,joanne29@example.net,1976-05-22,Female,Lake Juliashire,French Polynesia,2024-02-02,Business,Organic,27401,487,High,True,False
2802,Chelsea Ball,martinsam@example.org,1973-02-15,Female,Reedberg,Azerbaijan,2025-04-22,Standard,Google Ads,4568,719,Medium,True,False
2803,Deborah Jackson,connorbrown@example.org,2004-02-08,Male,Cherylfort,Tuvalu,2026-02-20,Standard,Organic,2446,754,Low,True,False
2804,Mitchell Baxter,qsmith@example.net,1980-01-24,Female,Emmaside,Indonesia,2023-12-24,Premium,Organic,10498,602,High,True,False
2805,Suzanne Brookes,suzanne78@example.org,2007-01-24,Female,Port Janetstad,Luxembourg,2026-05-28,Standard,Facebook Ads,2388,850,Low,True,False
2806,Robert Stokes,dwilson@example.org,1960-12-26,Female,Russellborough,Congo,2024-11-12,Premium,Facebook Ads,5912,630,High,True,False
2807,Katherine Jones,rosemary60@example.org,1994-10-11,Male,East Kate,Faroe Islands,2024-12-15,Standard,Referral,2502,560,High,True,False
2808,Mr Oliver Dean,sinclairharriet@example.net,1976-09-18,Female,Markmouth,Iraq,2023-10-22,Premium,Google Ads,5591,525,High,False,False
2809,Susan Baker,jackcooper@example.net,1950-10-30,Male,Edwardsmouth,Nauru,2024-01-12,Standard,LinkedIn,2998,703,Medium,True,False
2810,Jay Smith,roger97@example.net,1996-08-03,Female,Jacobmouth,El Salvador,2026-04-22,Standard,Facebook Ads,2821,762,Low,True,False
2811,Mr Damian Rhodes,lgardiner@example.com,1989-07-23,Female,South Juneshire,French Southern Territories,2023-11-05,Premium,Facebook Ads,6074,678,Medium,True,False
2812,Allan Jones,smithkeith@example.org,1953-04-26,Male,East Shannonstad,Tunisia,2025-06-21,Standard,LinkedIn,2296,646,High,False,True
2813,Joan Burke,qsharp@example.org,1985-03-27,Male,North Mitchell,Mozambique,2024-06-22,Business,Organic,12318,668,Medium,True,True
2814,Elliot Allen,dunngary@example.org,2004-05-02,Female,New Clairemouth,Sweden,2024-09-17,Standard,Facebook Ads,4482,628,High,True,False
2815,Toby Henderson-Fitzgerald,clarkanna@example.org,1998-12-02,Non-Binary,Daniellehaven,Puerto Rico,2023-10-22,Standard,Referral,3175,703,Medium,True,False
2816,Danny Lowe,uboyle@example.com,1985-04-29,Female,Smithtown,Chile,2024-09-26,Standard,Organic,2972,593,High,True,False
2817,Helen Williams,harrietharper@example.org,1949-05-04,Male,East Stephen,Puerto Rico,2023-10-03,Standard,Organic,3726,681,Medium,True,False
2818,Raymond Jackson,raymonddavies@example.org,1946-08-08,Male,South Donald,South Georgia and the South Sandwich Islands,2024-05-23,Premium,Google Ads,5311,602,High,True,False
2819,Dr Jamie Woods,maryholt@example.org,2006-06-21,Male,New Davidport,France,2025-10-24,Standard,Organic,2789,836,Low,True,False
2820,Sally Elliott,cwoodward@example.org,1988-08-15,Female,West Gerard,Singapore,2023-07-21,Standard,Organic,3178,767,Low,True,False
2821,Sally Harding,declan77@example.net,2003-06-10,Male,Charlesfurt,Azerbaijan,2026-02-07,Standard,Organic,3612,828,Low,True,False
2822,Bethany Ward-Lowe,gerardevans@example.net,1989-03-25,Female,North Garyview,Croatia,2025-09-23,Business,Referral,28446,709,Medium,True,False
2823,Mr Jonathan Smith,juliequinn@example.com,1999-02-10,Male,Moranfurt,Senegal,2023-10-27,Standard,Google Ads,2682,689,Medium,True,True
2824,Susan Barnett-Barnes,newmantoby@example.org,2008-04-04,Female,Smithland,Greenland,2023-08-03,Standard,LinkedIn,2942,622,High,True,False
2825,Sally Gardner,neil13@example.com,2000-09-23,Female,Port Tracy,Norway,2023-10-18,Standard,Facebook Ads,2372,731,Medium,True,False
2826,Ms Josephine Wright,bethancrawford@example.net,1986-08-06,Male,Blakeport,Guadeloupe,2024-06-10,Business,Organic,31777,774,Low,True,False
2827,Lorraine Newton-Bull,charlene79@example.com,1968-03-31,Female,Margaretbury,Saint Martin,2025-03-04,Standard,Organic,2793,697,Medium,True,False
2828,Kirsty Alexander,careynicole@example.net,1986-02-02,Male,New Richardstad,Syrian Arab Republic,2025-03-07,Premium,LinkedIn,7609,609,High,True,False
2829,Megan Hutchinson,sam31@example.net,1980-08-22,Female,Port Annahaven,Hungary,2023-07-15,Standard,Organic,4464,759,Low,True,False
2830,Mr Lee Smith,carrdamian@example.com,1965-08-03,Male,Port Samport,French Guiana,2023-09-25,Premium,Referral,5855,625,High,True,False
2831,Wendy Wright,paigepollard@example.org,1953-01-03,Female,Kirstymouth,Sri Lanka,2024-12-11,Standard,Referral,2074,676,Medium,False,False
2832,Dr Amanda Davis,kmay@example.org,1951-02-11,Female,Harriethaven,Azerbaijan,2026-03-28,Standard,Organic,2598,540,High,False,False
2833,Dr Matthew Collins,uwyatt@example.org,1982-01-12,Male,West Terry,Hong Kong,2023-09-06,Standard,Organic,1938,821,Low,True,False
2834,Dennis Kaur,amandabarnes@example.net,1975-10-13,Female,Marcusstad,Eritrea,2025-09-16,Standard,Google Ads,2143,623,High,True,False
2835,Conor Porter-Moore,lisaoliver@example.org,1945-12-11,Male,Conorshire,Hungary,2023-11-18,Standard,Organic,2459,711,Medium,True,False
2836,Amelia Brown,clive70@example.net,1967-03-01,Female,Webbland,British Virgin Islands,2023-08-28,Standard,LinkedIn,4227,822,Low,False,False
2837,Charlene Sanderson-Day,patriciaprice@example.net,1955-01-10,Male,South Leon,Zambia,2025-12-19,Business,Google Ads,27786,493,High,True,True
2838,Nigel Griffiths-Preston,joneselaine@example.net,1954-06-29,Male,Clareburgh,China,2023-12-04,Standard,LinkedIn,2324,717,Medium,True,False
2839,Nicole Taylor-Baker,johnpoole@example.com,2000-03-11,Female,North Shirleyfort,Poland,2023-12-28,Premium,Referral,7227,723,Medium,True,False
2840,Owen Roberts-Dean,debrawilson@example.net,1950-06-26,Male,Griffinchester,Malawi,2023-09-30,Standard,Referral,2163,794,Low,True,False
2841,Dr Tracey Wood,jarvisterence@example.com,1970-02-22,Male,New Mariamouth,Paraguay,2024-03-17,Standard,Facebook Ads,3447,833,Low,True,False
2842,Miss Denise Brown,catherine55@example.com,1946-07-05,Male,Lake Leslieville,Togo,2025-06-02,Premium,Google Ads,11883,804,Low,True,False
2843,Donna Gray,trevor18@example.com,1950-03-05,Male,Port Kate,Brazil,2024-12-24,Standard,Google Ads,3401,661,Medium,True,False
2844,Dr Gerard Curtis,graham91@example.org,1979-10-14,Non-Binary,South Markfort,Gabon,2024-11-29,Standard,Facebook Ads,2306,754,Low,True,False
2845,Craig Kirby,hardymathew@example.com,1997-03-31,Female,Kerrystad,Lesotho,2025-08-10,Standard,Organic,2764,827,Low,True,False
2846,Mr Glenn Wood,gcole@example.org,1969-10-08,Female,Harrietborough,Ukraine,2025-05-18,Standard,Google Ads,3861,646,High,True,False
2847,Mr Adam Farmer,holly56@example.com,1964-05-01,Male,Youngchester,Malawi,2025-06-13,Standard,Organic,3264,639,High,True,False
2848,Derek Williamson,mooremohamed@example.org,1946-06-05,Male,Tinaland,Bouvet Island (Bouvetoya),2024-08-03,Standard,Google Ads,3302,515,High,False,False
2849,Julie Reid,wallisshirley@example.com,1994-12-11,Male,Mitchellside,French Guiana,2025-10-11,Standard,Organic,1961,715,Medium,True,False
2850,Nicola French,gregorybarbara@example.com,1973-10-01,Male,Port Aliceburgh,Guinea-Bissau,2026-01-13,Premium,Referral,10672,584,High,True,True
2851,Mr Jacob Fleming,edwardsian@example.com,1946-06-14,Female,Christophermouth,Eritrea,2025-08-11,Premium,Referral,8608,469,High,True,False
2852,Kim Daniels,joan43@example.net,1986-07-31,Male,Sophiechester,Vanuatu,2024-12-26,Premium,Google Ads,8254,690,Medium,True,False
2853,Miss Jane Roberts,smithbeverley@example.com,1977-11-29,Female,Bentleyfurt,Trinidad and Tobago,2024-01-30,Premium,Facebook Ads,9167,749,Medium,True,False
2854,Dr Owen Perry,jake74@example.net,2002-07-02,Female,North Sandra,Indonesia,2025-03-22,Standard,Google Ads,4967,724,Medium,True,False
2855,Dr Henry Lee,sandrasanders@example.com,1971-06-14,Male,Port Sheilaville,Gambia,2024-12-22,Standard,Google Ads,2501,791,Low,False,False
2856,Rosemary Russell,kevans@example.net,1967-04-25,Male,Wellsmouth,Lao People's Democratic Republic,2024-12-07,Standard,Facebook Ads,4157,621,High,True,True
2857,Mr Dale Barnett,gerardjones@example.net,1953-07-05,Female,Morganberg,Greenland,2025-04-11,Standard,Referral,2142,670,Medium,True,False
2858,Francesca Taylor,prestonharriet@example.com,1963-04-08,Male,Port Emmaberg,British Virgin Islands,2026-05-18,Premium,Organic,7530,729,Medium,True,False
2859,Dr Craig Watson,bethany20@example.net,1969-06-27,Female,Lake Aliceborough,Kyrgyz Republic,2024-02-02,Standard,Organic,3579,850,Low,False,False
2860,Mrs Alison Moore,xriley@example.net,2008-05-29,Female,North Rachelshire,Madagascar,2025-07-31,Standard,Referral,4269,762,Low,True,False
2861,Kieran Rice-Winter,guywilliams@example.net,1948-06-12,Female,Daviesburgh,Tanzania,2025-09-12,Standard,Organic,2850,655,Medium,True,False
2862,Alan Palmer-Smith,cmarshall@example.com,1977-09-06,Female,Port Jean,Hungary,2025-01-26,Standard,Google Ads,4937,650,Medium,True,True
2863,Miss Lynda Harrison,epatel@example.org,1983-12-17,Male,Annaville,Libyan Arab Jamahiriya,2025-09-08,Standard,Facebook Ads,4639,654,Medium,True,False
2864,Rosemary Smith,howard88@example.com,1983-08-09,Male,Lesliestad,Turks and Caicos Islands,2024-10-19,Standard,Facebook Ads,4365,843,Low,True,False
2865,Amy Thomas,leanne83@example.org,2000-12-05,Female,Robertsport,Serbia,2023-09-24,Standard,Organic,3587,827,Low,False,False
2866,Mr Douglas Palmer,iainmitchell@example.org,2001-07-25,Male,Port Michelleville,Ecuador,2025-08-21,Premium,Organic,10491,611,High,True,False
2867,Katy Pearson,hillhannah@example.net,1998-07-06,Male,Naomiville,Netherlands,2024-03-19,Standard,Organic,4110,817,Low,True,False
2868,Christine Richards-Nixon,juliaanderson@example.org,1961-06-23,Female,Moorebury,Grenada,2023-08-25,Standard,Organic,3930,729,Medium,True,False
2869,Darren Burns,daviesowen@example.com,1985-02-21,Female,Wrightfurt,Hong Kong,2025-03-06,Standard,Referral,1890,768,Low,True,False
2870,Hazel Burrows,patrick68@example.net,1957-05-07,Female,North Patriciashire,Bulgaria,2024-11-13,Premium,Referral,9233,647,High,True,False
2871,Tina White-Lewis,sophiesharp@example.org,1965-12-29,Male,North Yvonne,Cook Islands,2025-05-01,Premium,Google Ads,7688,850,Low,True,False
2872,Mr Damian Stephens,ashaw@example.net,1962-06-20,Female,Pamelaview,Nauru,2026-01-13,Standard,Google Ads,4376,748,Medium,True,True
2873,Dr Reece Patel,ashley32@example.com,1983-12-28,Non-Binary,East Garychester,Greenland,2025-06-02,Premium,Referral,7815,638,High,True,False
2874,Jay Jones,olivia90@example.net,1959-07-07,Male,Alexanderburgh,Nepal,2024-12-10,Standard,Referral,4862,743,Medium,True,False
2875,Karl Patel,russell96@example.org,1968-02-28,Male,Kimville,Iraq,2025-07-15,Premium,Organic,6067,630,High,True,False
2876,Cheryl Davies,hydediana@example.com,1948-08-05,Non-Binary,New Molly,Norfolk Island,2024-08-07,Standard,Google Ads,4665,773,Low,True,False
2877,Adrian Cole,jeanwright@example.org,1973-05-01,Female,East Maxmouth,Somalia,2024-02-09,Standard,Google Ads,1811,725,Medium,True,True
2878,Dr Kirsty Hewitt,owilliams@example.org,1979-05-23,Male,Lake Marie,Mauritius,2024-06-26,Standard,Organic,2040,733,Medium,True,False
2879,Nicholas Lee,robinsonthomas@example.com,1976-06-18,Female,Dianaview,Moldova,2026-06-05,Standard,Facebook Ads,2824,654,Medium,False,False
2880,Hazel Woods,heathfrancis@example.net,1992-08-08,Female,Hallmouth,Christmas Island,2024-11-04,Standard,Organic,3500,688,Medium,False,False
2881,Marc Williams-Thomas,harrisonleon@example.com,1989-04-07,Male,Suttonview,Cape Verde,2023-08-02,Premium,Facebook Ads,10913,646,High,True,False
2882,Dr Reece Green,maurice58@example.net,1970-07-07,Male,Andrewsmouth,Mayotte,2024-03-27,Standard,Organic,2231,725,Medium,True,False
2883,Nicola Holt,boltonben@example.org,1954-04-24,Female,South Thomasside,Timor-Leste,2024-02-06,Standard,Referral,4339,685,Medium,True,True
2884,Georgia White,albertbaxter@example.net,1961-02-23,Male,Berryhaven,Yemen,2024-12-01,Standard,Referral,3335,613,High,True,False
2885,Hannah Smith,nicholas15@example.com,2004-08-04,Female,East Bethanton,Netherlands Antilles,2025-06-20,Standard,Google Ads,2077,717,Medium,True,False
2886,Grace Barker,cameron83@example.com,1961-03-29,Male,New Rogermouth,Guinea,2025-03-18,Premium,Facebook Ads,10094,670,Medium,True,False
2887,Dr Angela West,kimrees@example.com,1984-02-21,Female,West Diana,Niue,2024-12-24,Premium,Google Ads,10948,690,Medium,False,False
2888,Sophie Hawkins,levans@example.org,1961-08-09,Male,Harveyton,Norfolk Island,2025-10-28,Standard,Google Ads,3984,631,High,True,False
2889,Dr Damien Johnson,oliver83@example.com,1996-11-25,Female,Lake Deborahland,British Indian Ocean Territory (Chagos Archipelago),2026-04-22,Standard,Organic,1940,676,Medium,True,False
2890,Hugh Taylor-Knight,yshah@example.com,2005-11-03,Female,Curtisstad,Saint Helena,2025-07-01,Standard,Referral,4755,714,Medium,True,False
2891,Dorothy Lambert,deniswilson@example.org,1956-12-06,Female,East Joel,Fiji,2025-05-24,Standard,Organic,4866,836,Low,False,False
2892,Patricia Robinson,knash@example.org,1987-07-03,Male,Port Joe,Northern Mariana Islands,2024-06-28,Standard,Referral,2074,689,Medium,True,True
2893,Linda Rogers-Smith,gerard79@example.org,1962-09-01,Male,North Aimeemouth,Saint Martin,2024-06-03,Premium,Google Ads,5650,706,Medium,True,False
2894,Joanna Poole,thomas08@example.net,2004-09-23,Male,West Damienfurt,South Georgia and the South Sandwich Islands,2025-05-15,Standard,Organic,3674,729,Medium,True,False
2895,Mr Shaun Bailey,orichardson@example.com,2008-02-19,Male,Aimeeberg,Finland,2025-09-04,Standard,Referral,1967,674,Medium,True,False
2896,Alice Hunter-Jenkins,samanthathompson@example.org,1947-05-17,Male,West Johnmouth,Mayotte,2024-05-31,Standard,Referral,4375,718,Medium,False,True
2897,Abbie Holt,nthorpe@example.net,1966-04-10,Female,South Benbury,Liechtenstein,2024-08-31,Premium,Google Ads,10549,795,Low,True,False
2898,Charles Jones,crichardson@example.com,1962-10-12,Male,North Damianmouth,Morocco,2024-09-12,Standard,Referral,3534,701,Medium,True,False
2899,Dr Max Wood,mcox@example.net,1987-04-20,Male,Jonesland,North Macedonia,2025-10-26,Business,Organic,28926,647,High,True,True
2900,Ms Jacqueline Evans,harrietrhodes@example.com,1992-12-25,Male,Hawkinsfort,Montserrat,2025-11-05,Premium,LinkedIn,10871,747,Medium,True,False
2901,Mrs Georgina Watkins,howardharris@example.com,1991-08-23,Male,Charlenebury,Uzbekistan,2026-05-23,Standard,Referral,4681,783,Low,True,False
2902,Mr Victor Morgan,kate66@example.net,1955-08-02,Female,East Joanna,Bangladesh,2024-03-06,Standard,Organic,4341,611,High,True,True
2903,Julie Johnson,marian28@example.org,1949-10-20,Male,Mossview,Nicaragua,2024-01-31,Standard,LinkedIn,2325,778,Low,False,False
2904,Jason Elliott,sthompson@example.com,1952-07-21,Female,Lake Russellton,Slovenia,2025-03-22,Standard,Organic,2858,540,High,True,False
2905,Benjamin Watson,mitchelllindsey@example.net,1992-11-12,Female,Hartleyborough,Mozambique,2026-01-15,Premium,Referral,5674,693,Medium,True,False
2906,Tracey Brown,stephen52@example.com,1970-09-04,Female,North Benjamin,Djibouti,2024-05-27,Standard,Google Ads,2597,850,Low,True,False
2907,Eileen Leach,neil33@example.org,1978-05-14,Female,East Cameron,Swaziland,2026-04-23,Premium,Google Ads,9701,685,Medium,True,False
2908,Dr Maurice Turner,elliotpeacock@example.com,1982-12-04,Female,Daviesside,Uganda,2024-01-23,Standard,Organic,3361,621,High,False,False
2909,Alice Roberts,pagejoseph@example.net,1975-02-25,Male,Bethton,Uruguay,2023-12-08,Standard,Google Ads,2274,746,Medium,False,False
2910,Sian Gould-Hardy,oneillclare@example.org,1958-07-21,Male,South Graham,French Southern Territories,2023-10-26,Standard,Referral,4320,712,Medium,True,False
2911,Stuart Ward,jayne60@example.com,1978-09-01,Male,New Sallyhaven,Gibraltar,2025-05-05,Standard,Organic,4603,776,Low,True,False
2912,Amelia Robson,ebegum@example.org,1946-07-30,Male,Port Kennethside,Canada,2025-12-31,Premium,LinkedIn,6388,734,Medium,True,True
2913,Sharon Freeman,martyn82@example.com,1948-11-03,Female,North Jayne,Lithuania,2024-05-23,Standard,Organic,2194,815,Low,True,False
2914,Claire Atkinson,sthompson@example.net,1949-09-15,Male,New Benjamin,Canada,2024-07-10,Standard,Referral,2036,622,High,True,True
2915,Conor Mahmood,plowe@example.com,2000-05-26,Male,West Aimeebury,Guam,2024-03-17,Standard,Organic,3473,622,High,True,True
2916,Alice O'Brien,allan33@example.com,1998-12-02,Female,Dylanview,Brunei Darussalam,2026-06-06,Premium,Organic,11532,675,Medium,False,False
2917,Mr Marc Hall,powellshirley@example.org,1973-01-03,Male,Joneston,Bahamas,2025-09-29,Standard,Google Ads,3327,720,Medium,True,False
2918,Chelsea Wilson,ross49@example.net,1990-06-01,Male,Francescamouth,Cayman Islands,2025-03-13,Standard,Referral,3278,677,Medium,True,False
2919,Mr Duncan Moore,yparsons@example.net,1995-08-05,Female,Howardton,Falkland Islands (Malvinas),2026-05-15,Business,Referral,14618,850,Low,False,False
2920,Megan Johnson-Walton,stevenreynolds@example.org,1949-04-24,Male,Port Lydia,Chile,2025-10-14,Standard,Organic,3779,850,Low,True,False
2921,Miss Alexandra Stokes,mollythomas@example.org,1955-03-31,Female,South Harry,Palestinian Territory,2024-07-09,Standard,Facebook Ads,4209,665,Medium,True,False
2922,Joel Wood,jamesmandy@example.net,1963-04-21,Female,South Craig,Denmark,2026-02-19,Standard,Google Ads,4716,785,Low,False,False
2923,Harry Daniels-Brown,annetteherbert@example.com,1947-06-02,Male,West Allanstad,Turks and Caicos Islands,2025-06-25,Standard,Referral,2264,705,Medium,False,False
2924,Jacob Bull,deanpeter@example.org,1965-01-25,Female,Sandersmouth,Singapore,2025-06-06,Premium,LinkedIn,7194,638,High,True,False
2925,Stewart Smith,hooperwendy@example.com,2006-04-20,Female,Terenceland,Portugal,2026-03-09,Premium,Organic,7251,772,Low,False,False
2926,Robin Smart,grantheather@example.net,1992-11-13,Female,Clarkeville,Comoros,2025-03-25,Standard,Google Ads,4230,646,High,True,False
2927,Rachael Russell,wwhitehead@example.com,1964-09-04,Female,East Marctown,Maldives,2023-09-05,Premium,Google Ads,9323,729,Medium,True,False
2928,David Evans,cclark@example.net,1985-07-24,Female,Kennedymouth,Svalbard & Jan Mayen Islands,2023-11-05,Standard,Organic,2457,779,Low,True,False
2929,Josh Smith,hammondmarian@example.org,1972-01-16,Female,Lake Danny,Suriname,2025-12-14,Standard,LinkedIn,2165,658,Medium,True,False
2930,Mr Elliot Lee,phillip03@example.net,1971-07-22,Male,Lanestad,Syrian Arab Republic,2026-05-18,Business,Referral,18627,529,High,True,True
2931,Charlene Graham,haywardlorraine@example.net,1947-01-14,Female,North Raymondside,Bhutan,2023-10-05,Standard,Referral,4117,645,High,True,False
2932,Sarah Hawkins,lawrencerobert@example.com,1972-10-21,Female,Lake Kathleen,Venezuela,2023-06-30,Standard,Referral,2460,574,High,True,False
2933,Terry Smith,woodpamela@example.net,1996-12-04,Male,South Sarahstad,American Samoa,2024-02-13,Standard,Organic,3675,754,Low,False,False
2934,Dr Lawrence Edwards,swilliams@example.com,1953-01-06,Male,North Victor,Hungary,2024-05-05,Standard,LinkedIn,4390,609,High,True,False
2935,Tony Coleman,boothglenn@example.com,1949-11-04,Male,West Amyside,Mali,2023-07-08,Premium,Google Ads,7535,698,Medium,False,False
2936,Samuel O'Neill,lhughes@example.net,1980-06-30,Female,New Reeceton,Colombia,2023-09-10,Standard,Referral,3658,718,Medium,True,True
2937,Dylan Smith,thomasblack@example.org,1949-05-24,Male,Seanhaven,Denmark,2023-09-26,Standard,Google Ads,3934,707,Medium,True,False
2938,Mrs Chelsea Hodgson,janesaunders@example.org,1952-12-02,Female,Samanthaport,Georgia,2026-04-08,Standard,Referral,4597,486,High,True,False
2939,Dr Kirsty Benson,rebecca44@example.org,1974-11-15,Female,Frankmouth,Dominica,2025-04-04,Standard,Facebook Ads,2407,654,Medium,True,True
2940,Kelly Thomas,kelly30@example.net,1999-10-02,Male,Lake Kyle,Malawi,2025-09-10,Business,LinkedIn,14021,789,Low,True,False
2941,Charles Lyons-Webb,marian88@example.net,1982-06-28,Male,Carlchester,Wallis and Futuna,2024-02-06,Standard,LinkedIn,1909,703,Medium,True,False
2942,Michelle Griffin,bclarke@example.com,1962-10-13,Female,Edwardsfort,Tonga,2024-12-18,Premium,Google Ads,7281,753,Low,True,False
2943,Elliott Ward,adale@example.net,2003-07-22,Female,West Pamela,Tunisia,2024-12-29,Standard,Facebook Ads,3631,614,High,False,True
2944,Geoffrey Mitchell-Collins,cross@example.com,1953-09-06,Female,Annetteside,Serbia,2025-11-16,Standard,Organic,2859,604,High,True,False
2945,Rachel Rogers,pday@example.net,2004-01-29,Male,Rhodesshire,Swaziland,2023-11-22,Standard,Organic,3097,850,Low,True,False
2946,Dr Christine Finch,caroline15@example.org,1992-07-13,Female,North Danielbury,Puerto Rico,2026-01-02,Premium,Organic,8866,575,High,True,False
2947,Mr Graham Williams,ylee@example.net,2002-08-30,Male,Port Zoefurt,Paraguay,2025-11-26,Premium,Organic,11283,662,Medium,True,False
2948,Charles Harris,harriet48@example.org,1966-08-29,Male,Anntown,Iceland,2026-05-14,Standard,Referral,4323,768,Low,True,False
2949,Beth Miller,watsondamian@example.com,1990-12-01,Male,North Timothybury,Equatorial Guinea,2024-02-20,Standard,LinkedIn,1892,640,High,False,False
2950,Guy Warner,ashleighcampbell@example.net,1954-03-01,Female,West Sophie,Bangladesh,2024-10-17,Standard,Organic,2967,753,Low,True,False
2951,Josh Clarke,leannedale@example.net,1983-01-25,Female,Jarviston,Bolivia,2025-10-09,Premium,Google Ads,9069,600,High,True,False
2952,Miss Tina O'Brien,joneshoward@example.net,1957-06-16,Female,North Abigail,Ukraine,2024-05-26,Standard,LinkedIn,2806,742,Medium,False,False
2953,Dr Alan Robertson,brett91@example.org,1958-08-09,Female,Jessicatown,Tuvalu,2026-06-06,Standard,Organic,1832,633,High,True,False
2954,Mr Rhys Edwards,fordmary@example.com,1981-06-11,Male,South Malcolmchester,San Marino,2026-06-03,Premium,Organic,10441,506,High,True,False
2955,Tina McLean,johnstonlorraine@example.net,2004-04-14,Female,North Amanda,Saint Pierre and Miquelon,2025-12-08,Premium,Organic,11691,644,High,True,False
2956,Ross Williamson-Chandler,jonestracy@example.com,1952-06-28,Female,New Rosemaryshire,Kenya,2025-11-27,Premium,Referral,8022,633,High,True,False
2957,Gerald Hayes,scott87@example.net,1998-01-22,Male,West Gregoryfurt,Djibouti,2024-06-07,Standard,Organic,2252,615,High,True,True
2958,Charles Russell,suzannejones@example.net,1992-04-01,Female,West Shirleyberg,Belarus,2023-07-21,Business,Organic,30426,533,High,True,False
2959,Hazel Hart,ritagriffiths@example.com,1960-09-23,Male,South Toby,Kenya,2026-04-16,Standard,Referral,3405,735,Medium,True,False
2960,Mr Luke Miller,cfrancis@example.net,2007-12-10,Female,Porterberg,Bahrain,2025-11-26,Standard,Referral,1950,774,Low,True,False
2961,Hayley Williams,ctaylor@example.com,1995-07-03,Female,East Beverley,Zimbabwe,2026-04-01,Standard,Referral,4215,718,Medium,False,False
2962,Mr Aaron Edwards,curtisjustin@example.org,1998-10-29,Male,Jonesside,Guadeloupe,2024-07-19,Standard,Organic,4405,673,Medium,True,False
2963,Gordon Day,ldean@example.net,1950-05-18,Non-Binary,North Susan,Costa Rica,2025-05-24,Standard,Organic,2995,719,Medium,True,True
2964,Garry Middleton,sross@example.com,1971-04-08,Male,Norrisport,Malaysia,2025-07-17,Standard,Organic,4254,708,Medium,True,False
2965,Hannah Wilkinson-Bond,robsondonna@example.net,2007-04-29,Male,North Katie,Libyan Arab Jamahiriya,2024-11-12,Standard,Referral,4343,759,Low,True,False
2966,Francesca Mistry,hmorrison@example.com,1953-06-25,Female,Port Andreaside,Guernsey,2026-04-19,Business,Referral,17243,669,Medium,True,False
2967,Russell Goodwin,johnsonjennifer@example.com,1969-01-15,Male,West Joelmouth,Uzbekistan,2024-10-31,Standard,Organic,3878,699,Medium,True,False
2968,Samuel Webb,burkekyle@example.com,1996-10-12,Male,Banksville,Guatemala,2025-03-13,Standard,Referral,3922,758,Low,True,False
2969,Kim Clarke-Williams,bethany08@example.net,2007-04-03,Female,Davidville,Mauritania,2024-03-02,Standard,Organic,3836,521,High,True,False
2970,Kimberley Hamilton,julie75@example.com,1979-12-29,Female,Christianland,Montserrat,2025-12-21,Standard,Facebook Ads,3343,738,Medium,True,False
2971,Alex Howard,thompsonamber@example.org,1990-10-12,Male,North Josephfort,Isle of Man,2026-03-05,Standard,Organic,4764,660,Medium,True,True
2972,Sandra Davey-Dennis,amy03@example.com,1970-07-30,Female,Port Tina,Cyprus,2024-09-22,Standard,Google Ads,3643,811,Low,True,False
2973,Katherine Mitchell,tyleralexandra@example.org,1949-06-02,Male,Sylviaton,Botswana,2025-11-25,Standard,LinkedIn,3076,587,High,True,True
2974,Dean Skinner-Finch,damian37@example.net,1971-06-06,Male,North Aaron,South Georgia and the South Sandwich Islands,2025-09-07,Premium,Google Ads,7142,616,High,True,False
2975,Ms Dawn Green,barlowadam@example.com,2005-09-29,Female,South Lauren,Lebanon,2026-04-02,Business,Google Ads,28653,645,High,True,False
2976,Nicole Smith,jharris@example.org,1963-02-03,Male,Port Josephinefurt,Nauru,2025-04-08,Standard,Referral,3560,608,High,True,False
2977,Dr Declan Pratt,phobbs@example.com,1966-12-22,Female,East Jayne,Falkland Islands (Malvinas),2024-08-21,Standard,Google Ads,4192,688,Medium,False,False
2978,Mr Rhys Dickinson,birchgeorgia@example.net,1956-07-18,Male,Turnertown,Marshall Islands,2025-03-04,Business,Organic,21352,494,High,True,True
2979,Kayleigh Kelly-Johnson,fgardner@example.org,1956-09-12,Female,Gailfurt,Aruba,2024-10-21,Standard,Google Ads,3181,595,High,True,False
2980,Irene James,stanleydenise@example.com,1971-07-23,Male,Staceyshire,Madagascar,2023-09-24,Standard,Google Ads,2795,812,Low,False,False
2981,Jessica Mitchell,garethcampbell@example.com,1965-07-23,Male,Joshfurt,Saint Martin,2026-03-09,Premium,Facebook Ads,7904,747,Medium,False,True
2982,Shaun Mason,jenkinspamela@example.com,1963-06-29,Female,New Donna,North Macedonia,2026-03-24,Standard,LinkedIn,4566,652,Medium,True,False
2983,Colin Brown-Joyce,wayne88@example.org,1977-04-14,Male,Morleyland,Svalbard & Jan Mayen Islands,2025-07-22,Standard,Facebook Ads,3987,741,Medium,True,False
2984,Dr Neil Williams,david94@example.org,1958-08-06,Male,Alexandramouth,Grenada,2025-11-18,Standard,Organic,1887,554,High,True,False
2985,Timothy Hughes,jean15@example.com,1980-11-06,Female,Port Mandyborough,Syrian Arab Republic,2023-08-24,Standard,Google Ads,4090,494,High,True,False
2986,Dr Steven Morgan,leah58@example.com,1965-12-10,Male,New Andrewfort,British Virgin Islands,2024-03-20,Standard,Referral,4676,753,Low,True,False
2987,Keith Parsons,margaretcole@example.org,1968-12-11,Female,North Jodie,Honduras,2025-01-07,Standard,Google Ads,4897,678,Medium,True,False
2988,Dr Leah Cook,bennettdeborah@example.com,1972-03-04,Female,South Pamelaland,Mauritania,2025-11-03,Standard,Organic,4417,675,Medium,True,False
2989,Steven Allen,gemma10@example.com,1993-08-30,Male,Donaldside,Saint Pierre and Miquelon,2025-12-08,Premium,LinkedIn,5003,691,Medium,True,False
2990,Miss Samantha Jennings,hillelliot@example.net,1984-09-29,Female,West Wayne,Bouvet Island (Bouvetoya),2024-05-25,Standard,Google Ads,4115,684,Medium,True,False
2991,Miss Holly Ward,alishannon@example.net,1955-09-04,Non-Binary,Helenport,Andorra,2023-08-14,Standard,LinkedIn,2376,659,Medium,True,False
2992,Mary Davies,danielsgemma@example.org,2003-07-01,Non-Binary,Wilsontown,Sudan,2024-01-01,Premium,LinkedIn,11573,627,High,True,False
2993,Dawn Lynch,woodgeorgia@example.org,1976-09-14,Male,Bibichester,Sweden,2026-04-24,Premium,Google Ads,10060,716,Medium,False,False
2994,Liam Smith,rachel85@example.org,1977-02-06,Female,Normanland,Samoa,2025-07-28,Premium,Facebook Ads,11269,726,Medium,True,False
2995,Bradley Thompson,shannoncole@example.org,1991-05-24,Female,Leahview,Gibraltar,2023-06-23,Standard,Google Ads,4925,682,Medium,True,False
2996,Ms Frances Thompson,rmetcalfe@example.com,1959-01-29,Male,Lake Deniseview,Trinidad and Tobago,2024-12-02,Business,Google Ads,26630,627,High,True,False
2997,Jill Elliott-Griffiths,csummers@example.com,1988-12-09,Male,Gailshire,Bosnia and Herzegovina,2024-02-04,Standard,Google Ads,4401,751,Low,True,False
2998,Mrs Amber Robson,dennis00@example.com,1990-11-20,Female,Westonville,United States Minor Outlying Islands,2023-10-04,Standard,LinkedIn,2342,700,Medium,True,False
2999,Miss Ruth Jones,dannycoates@example.net,1979-02-07,Female,Port Joyce,Chile,2023-06-21,Premium,Organic,8342,849,Low,True,False
3000,Dylan Carter,dannywilliams@example.org,1963-02-27,Male,North Joan,Colombia,2023-08-04,Standard,LinkedIn,2888,745,Medium,True,False
3001,Stephen Wheeler,declan80@example.org,1960-08-11,Female,Lawrencestad,New Caledonia,2025-04-28,Premium,Google Ads,10091,556,High,True,False
3002,Mark Higgins,kmitchell@example.net,1980-11-27,Male,Jasonport,Holy See (Vatican City State),2024-10-02,Standard,LinkedIn,3519,801,Low,True,False
3003,Jade Daly,julia74@example.net,2000-11-25,Male,Smartside,Iceland,2023-11-27,Standard,Google Ads,3489,628,High,True,False
3004,Dominic Francis,marian85@example.net,2005-09-23,Male,Jonesport,Brunei Darussalam,2025-05-28,Premium,Organic,5616,721,Medium,True,False
3005,Mrs Shirley Wells,fletcheradam@example.org,1989-09-23,Female,New Janetton,North Macedonia,2026-01-24,Standard,Organic,2932,700,Medium,True,False
3006,Donald Simpson,jacobhewitt@example.net,1955-09-04,Female,Port Kate,Bulgaria,2024-12-22,Premium,Google Ads,8768,610,High,True,True
3007,Carl Nicholson,charleneoconnor@example.net,1988-06-16,Male,Susanmouth,Botswana,2024-04-06,Standard,Organic,2845,771,Low,True,False
3008,Rebecca Walton,judith17@example.org,1987-03-31,Male,Port Brenda,Monaco,2026-05-24,Standard,Referral,1940,829,Low,True,False
3009,Ms Joan Humphreys,garyhunt@example.com,1986-01-09,Male,North Tobyburgh,Algeria,2026-03-22,Standard,Google Ads,2776,623,High,True,False
3010,Hugh King,ruthwilliams@example.net,2006-12-17,Male,Lake Wendy,Vietnam,2025-03-17,Standard,Referral,4433,671,Medium,True,True
3011,Glen Ellis,annewatson@example.org,1992-02-15,Male,New Louis,Aruba,2025-03-19,Standard,Google Ads,3869,707,Medium,False,False
3012,Edward Graham-Phillips,shepherdclifford@example.net,1968-05-17,Female,Traceyland,Mongolia,2024-11-19,Standard,Organic,3932,782,Low,True,False
3013,Miss Bethany Clarke,nataliecooper@example.net,1994-03-20,Female,Franceshaven,Armenia,2025-12-01,Premium,Organic,10971,714,Medium,True,False
3014,Marian Bull,taylorrosemary@example.org,1961-03-13,Female,Mossberg,Equatorial Guinea,2026-05-01,Business,Google Ads,22796,579,High,False,False
3015,Gary Jones,epotter@example.org,1949-09-08,Male,North Bethany,Liberia,2024-10-03,Premium,Organic,11955,666,Medium,True,False
3016,Dr Duncan Bond,eturner@example.net,1964-01-19,Female,South Malcolmstad,Philippines,2025-10-29,Premium,Organic,10776,562,High,True,False
3017,Kyle Palmer-Howells,nicholasbell@example.com,1988-03-27,Male,South Waynemouth,Iceland,2025-02-22,Standard,Facebook Ads,2187,685,Medium,True,False
3018,Grace Cox,lynnebird@example.org,2005-09-02,Female,Hollandport,United States Virgin Islands,2026-05-09,Standard,Organic,3504,702,Medium,True,False
3019,William Wilson,traceyhughes@example.net,1982-12-18,Male,North Helenchester,Japan,2024-04-28,Standard,Facebook Ads,1895,680,Medium,True,False
3020,Garry Carter-Smith,emma70@example.com,2001-03-07,Female,Kathleenburgh,Iceland,2023-12-01,Standard,Facebook Ads,3733,774,Low,True,False
3021,Katy Phillips,lisabrown@example.org,1946-11-07,Female,Hayleyfort,Afghanistan,2024-01-30,Standard,Referral,2574,712,Medium,True,False
3022,Craig Foster,richardsondavid@example.com,2004-06-03,Male,Jonesbury,Holy See (Vatican City State),2025-01-27,Standard,Google Ads,4302,607,High,True,True
3023,Ms Paige Gregory,carolpugh@example.org,1966-06-08,Female,Melanieland,Jordan,2025-04-05,Standard,Organic,2033,850,Low,True,False
3024,Ms Karen Watts,suzannegriffiths@example.net,1957-12-13,Female,Lake Naomiview,Djibouti,2026-05-18,Premium,Facebook Ads,5493,693,Medium,True,False
3025,Dr Francesca Wilson,darrenjohnston@example.org,1989-12-19,Female,South Derekburgh,Denmark,2025-01-17,Standard,Google Ads,1942,783,Low,False,False
3026,Eric Roberts,lbaker@example.org,1967-10-21,Male,Edwardfort,Reunion,2026-02-24,Premium,Organic,11863,600,High,True,False
3027,Jamie Little,arobinson@example.net,1947-05-31,Male,North Julieshire,Isle of Man,2024-03-11,Standard,LinkedIn,2858,711,Medium,True,False
3028,Georgina Chadwick,ehall@example.net,1968-01-30,Non-Binary,West Tracey,Lebanon,2024-03-11,Standard,Facebook Ads,3775,701,Medium,True,False
3029,Hilary Cooper,ostevens@example.org,1956-12-22,Male,Smithview,Pitcairn Islands,2023-09-16,Premium,Organic,7848,601,High,True,True
3030,Dr Cameron King,owen94@example.org,2003-10-14,Female,East Mandyfurt,Benin,2026-04-10,Standard,Facebook Ads,2907,765,Low,False,False
3031,Tom Lowe,gbull@example.org,2008-03-17,Male,Richardsland,Slovenia,2024-05-27,Premium,Facebook Ads,10174,657,Medium,True,False
3032,Mr Harry Short,woodvictor@example.org,1961-12-27,Female,New Benjaminburgh,Bangladesh,2024-09-02,Standard,Organic,2381,734,Medium,True,True
3033,Rhys Turner,sylvia14@example.org,1945-09-09,Male,New Emilyland,Lao People's Democratic Republic,2024-09-27,Standard,Google Ads,2924,684,Medium,True,True
3034,Oliver Cox,gilbertderek@example.org,1978-03-01,Female,South Kayleigh,Senegal,2023-10-22,Premium,Organic,10245,664,Medium,True,False
3035,Mrs Lisa Doyle,victoria16@example.org,1969-06-20,Female,West Georgia,Bhutan,2026-03-25,Premium,Facebook Ads,10731,627,High,True,False
3036,Nicola Baker,wilsonpaige@example.net,1951-04-25,Male,Elliechester,Aruba,2023-10-02,Standard,Organic,3345,675,Medium,True,False
3037,Dr Justin Hartley,fosterjosephine@example.com,1972-07-11,Male,Raymondfort,British Indian Ocean Territory (Chagos Archipelago),2025-03-19,Standard,Referral,2156,662,Medium,True,False
3038,Douglas Smith,cookraymond@example.org,1990-02-24,Female,New Emilyview,Cameroon,2026-05-11,Premium,Referral,8199,622,High,True,False
3039,Gemma Richardson,clive46@example.com,1954-12-15,Female,Marcusfort,Germany,2025-06-15,Standard,Referral,4612,801,Low,True,False
3040,Emma Brown,swebb@example.com,1994-05-27,Male,Harrietport,Peru,2023-07-23,Standard,Referral,4686,623,High,True,False
3041,Dr Joanne Jones,leah53@example.net,1985-01-17,Non-Binary,Port Katy,Tunisia,2025-05-30,Standard,Google Ads,3882,647,High,True,True
3042,Ms Hazel Rogers,hardinglucy@example.com,1998-06-10,Male,East Douglas,Montenegro,2024-03-12,Standard,Google Ads,4785,793,Low,True,False
3043,Lorraine Watson,hpatel@example.org,2002-04-19,Male,Port Rosiemouth,Honduras,2024-11-03,Standard,LinkedIn,4159,702,Medium,True,False
3044,Miss Kirsty Hussain,johnsonvincent@example.net,1995-03-21,Male,Valerieberg,Denmark,2024-01-07,Standard,Organic,2611,666,Medium,True,False
3045,Miss Julie Roberts,wardsylvia@example.net,1964-01-10,Female,Ruthburgh,Panama,2024-07-21,Standard,LinkedIn,3988,639,High,False,True
3046,Ruth Smith,gallagherlawrence@example.com,1960-04-22,Male,North Cliveport,Armenia,2026-05-15,Standard,Organic,2751,829,Low,True,False
3047,Kayleigh Morgan-Murray,belldaniel@example.org,1987-01-15,Male,Maryland,Lebanon,2024-02-14,Standard,Referral,3636,796,Low,False,False
3048,Victoria Gray,cpatterson@example.net,1989-07-14,Male,Riceside,Jordan,2023-09-07,Standard,LinkedIn,4814,741,Medium,False,False
3049,Miss Louise Knowles,stonegerard@example.com,1962-07-24,Male,East Harry,Antigua and Barbuda,2023-11-11,Standard,Google Ads,4309,769,Low,True,False
3050,Mr Douglas Carter,harpertimothy@example.com,2001-12-16,Male,Bryanburgh,Botswana,2025-11-24,Standard,LinkedIn,2971,694,Medium,True,False
3051,Grace Hartley,aimeebrown@example.net,1978-01-23,Female,Lake Geoffreyside,Uzbekistan,2024-08-21,Business,Organic,30884,722,Medium,True,False
3052,Charlotte Franklin-Nicholls,bethany71@example.org,1959-12-30,Male,Stephensside,Mauritania,2024-08-04,Standard,Organic,2092,850,Low,False,False
3053,Dr Henry Allen,connor55@example.org,1977-09-23,Female,South Markfort,Cyprus,2024-06-18,Standard,Referral,3421,599,High,True,False
3054,Maurice Evans,tony22@example.org,1978-06-02,Male,Port Thomasburgh,Lao People's Democratic Republic,2025-12-30,Premium,Google Ads,11540,841,Low,True,False
3055,Dr Francis Davies,dennisgriffiths@example.net,1981-12-17,Non-Binary,Johnburgh,Gambia,2025-03-06,Business,LinkedIn,12610,850,Low,True,False
3056,Stephen Dixon,aaronsingh@example.com,1978-10-17,Male,Port Charlotte,Comoros,2023-08-05,Standard,Organic,3469,635,High,False,True
3057,Lesley Marsh,emetcalfe@example.net,2001-11-14,Male,West Alex,Andorra,2024-11-12,Standard,Referral,2725,627,High,True,False
3058,Ms Stacey Harris,brett60@example.com,1986-01-04,Female,East Louis,Peru,2024-05-11,Premium,Organic,9404,827,Low,True,False
3059,Donna Begum,wmann@example.org,1946-08-11,Male,Port Raymond,Nepal,2023-10-18,Standard,Google Ads,2512,712,Medium,True,False
3060,Jacqueline Shepherd,peterwilliams@example.net,1975-06-28,Male,Lake Alanfurt,Spain,2025-10-13,Standard,Organic,4041,677,Medium,True,False
3061,Ricky Jackson-Campbell,fraserrachel@example.org,1977-01-03,Male,West Mitchellburgh,Saint Barthelemy,2024-11-21,Standard,Referral,2980,706,Medium,True,False
3062,Miss Maria Lambert,tom65@example.org,1963-04-03,Female,Fleminghaven,Moldova,2024-07-08,Standard,Google Ads,3898,684,Medium,True,False
3063,Francesca Gill,flynnbradley@example.net,1962-09-11,Female,Lake Melaniemouth,Saint Martin,2024-02-26,Business,Facebook Ads,34234,639,High,False,False
3064,Rachael Slater-Singh,hscott@example.net,1962-02-09,Female,Lake Lawrencefurt,Maldives,2024-01-01,Standard,Organic,2107,772,Low,True,False
3065,Jordan Harris,samanthaholmes@example.net,1996-08-02,Female,Carlland,Venezuela,2026-04-02,Standard,Organic,3932,589,High,True,False
3066,Dr Rhys Clark,omorgan@example.net,1975-07-07,Male,Lucymouth,Peru,2024-11-03,Standard,Facebook Ads,3006,732,Medium,True,False
3067,Jamie Sims,nwright@example.net,1985-01-18,Female,North Ashleighbury,Nauru,2024-08-19,Standard,Organic,4912,850,Low,True,False
3068,Reece Middleton,crobinson@example.com,1978-01-12,Male,Christianton,Guinea-Bissau,2024-04-30,Standard,LinkedIn,2648,587,High,True,True
3069,Miss Lucy Miles,naomi31@example.net,1963-04-02,Male,Lake Guyview,Guyana,2024-09-27,Standard,Organic,3962,705,Medium,True,False
3070,Jay Nicholson-French,fosterleslie@example.org,2007-08-16,Male,Phillipchester,Nauru,2025-02-13,Premium,Google Ads,7157,706,Medium,True,True
3071,Miss Danielle Moran,brandon85@example.net,1991-04-04,Male,Kellyburgh,Cocos (Keeling) Islands,2024-04-09,Premium,Organic,10141,662,Medium,True,False
3072,Nigel Thomson,kyle08@example.com,1999-06-17,Male,New Lisashire,Somalia,2024-10-23,Standard,Referral,4439,662,Medium,True,False
3073,Howard Edwards,iwillis@example.com,1954-02-13,Male,Cliffordton,Australia,2024-01-03,Premium,Referral,9859,675,Medium,False,False
3074,Amelia Bentley-Lee,davidsondiane@example.com,2002-10-02,Female,Brianside,Sierra Leone,2024-03-21,Standard,Referral,3634,627,High,True,True
3075,Lorraine Cook-Spencer,joe76@example.com,1967-03-30,Female,North Peter,Lithuania,2024-11-28,Standard,Organic,3066,840,Low,True,False
3076,Mathew Young,rfleming@example.org,1971-10-31,Female,Bryanfurt,Bermuda,2023-07-06,Standard,Referral,4841,783,Low,True,True
3077,Annette Shaw,rosie67@example.com,1993-12-18,Female,Smithport,Norfolk Island,2025-02-11,Premium,Google Ads,8289,649,High,True,True
3078,Dr Lewis O'Brien,rachelmorris@example.org,1998-05-16,Male,New Barrystad,Guinea-Bissau,2026-04-07,Standard,Referral,3459,816,Low,True,False
3079,Emily John,tony43@example.net,1992-06-24,Female,New Gerardshire,Cameroon,2024-06-17,Premium,Organic,11498,708,Medium,True,False
3080,Miss Paula Collins,thompsonvalerie@example.net,1992-09-28,Female,New Amber,Andorra,2023-08-07,Premium,Organic,9604,489,High,True,True
3081,Dorothy Pratt-Wright,sylvia24@example.org,1980-09-20,Female,Lake Conorville,Bangladesh,2026-01-15,Premium,Google Ads,5326,811,Low,True,False
3082,June Robinson-Jordan,fosterantony@example.org,1967-11-03,Male,Robinsonborough,Mexico,2024-05-15,Standard,Referral,2709,749,Medium,False,False
3083,Mr John Hughes,timothy82@example.net,1993-11-01,Male,New Marieview,Gibraltar,2023-09-01,Premium,Organic,9948,702,Medium,False,False
3084,Marie Smith,hallgemma@example.com,1984-10-14,Male,Hammondbury,Suriname,2026-04-25,Standard,Organic,3085,774,Low,True,False
3085,Paul Bradley,gary86@example.org,1955-09-26,Male,Darrenstad,Aruba,2025-06-02,Standard,LinkedIn,4375,739,Medium,True,False
3086,Sharon Payne,qhoughton@example.net,1981-12-08,Female,Port Norman,New Caledonia,2024-08-19,Premium,Google Ads,11422,607,High,True,False
3087,Sophie Hunt,proberts@example.org,1984-07-09,Male,Port Abbiefort,Belarus,2026-05-22,Standard,Organic,2524,645,High,True,False
3088,Janice Robinson,tdavies@example.com,1988-10-09,Female,Martynland,Hong Kong,2023-10-23,Premium,Google Ads,10634,635,High,True,False
3089,Teresa Taylor,rosemaryknight@example.org,2000-08-04,Female,Lydiastad,Albania,2024-07-19,Premium,Referral,6617,820,Low,True,False
3090,Annette White,naomi58@example.org,1953-07-26,Male,Carolynmouth,Congo,2025-08-27,Standard,LinkedIn,4416,721,Medium,True,False
3091,Wayne Buckley,connorlawrence@example.org,1979-06-11,Male,Jonesbury,South Africa,2025-10-05,Standard,Referral,3205,677,Medium,True,False
3092,Reece Jones,ltaylor@example.org,1985-04-16,Male,New Julie,Puerto Rico,2025-03-08,Standard,Organic,4404,713,Medium,True,True
3093,Dr Gillian Burke,rhys17@example.net,1992-01-04,Female,Gibsonville,Turkey,2026-02-27,Business,Referral,30438,677,Medium,True,True
3094,Dr Roy Jones,baldwintony@example.com,1962-12-19,Female,North Steven,Bouvet Island (Bouvetoya),2024-09-22,Standard,Facebook Ads,4431,721,Medium,True,False
3095,Jill Hughes,hbarber@example.org,1945-10-28,Female,West Adam,New Zealand,2026-02-10,Standard,Referral,2995,613,High,True,False
3096,Wendy Roberts,alexanderthomas@example.net,1947-03-31,Male,South Janetmouth,Latvia,2024-11-08,Standard,Organic,4907,636,High,True,False
3097,Joshua Chapman,philip65@example.org,1966-10-02,Male,Bellport,Madagascar,2025-08-06,Standard,LinkedIn,3292,611,High,True,True
3098,Mr Adam Williams,carlygough@example.com,1967-07-20,Female,South Oliviamouth,Uganda,2023-06-12,Standard,LinkedIn,4902,728,Medium,True,False
3099,Carolyn Jones,dyerchelsea@example.com,1958-11-20,Male,Gregoryfort,Luxembourg,2024-06-05,Premium,Organic,9218,810,Low,True,False
3100,Teresa Ahmed,hbaker@example.net,1982-03-20,Male,South Connor,Saint Vincent and the Grenadines,2026-02-25,Premium,Google Ads,5157,716,Medium,True,False
3101,Dr Clifford Morris,carlychambers@example.net,1973-05-16,Female,West Cherylborough,Ghana,2025-08-31,Standard,Referral,3061,771,Low,True,False
3102,Jeremy Morris,xmiah@example.org,1949-05-31,Male,Clarkport,Mauritius,2025-09-19,Standard,Facebook Ads,3554,676,Medium,True,False
3103,Dr Kevin Hudson,roy43@example.org,1999-02-18,Male,Port Kyleberg,Macao,2026-04-30,Standard,Google Ads,2764,733,Medium,True,False
3104,Carolyn Johnson,brian09@example.net,1994-01-10,Female,Kirstymouth,Brunei Darussalam,2025-04-21,Premium,Facebook Ads,11449,818,Low,True,False
3105,Geoffrey Stokes,oliver46@example.com,1972-02-06,Male,South Jodie,Philippines,2025-11-25,Standard,Google Ads,4954,539,High,True,True
3106,Dr Jacob Craig,carly41@example.net,1958-06-15,Female,East Chelsea,Tajikistan,2025-02-19,Standard,Referral,1820,705,Medium,True,False
3107,Neil Nolan-Mitchell,laneronald@example.com,1949-03-17,Female,East Peter,British Virgin Islands,2023-08-28,Standard,Facebook Ads,4799,659,Medium,True,False
3108,Kevin Scott-Baxter,garysmith@example.org,1962-02-20,Male,Summersside,Georgia,2024-02-21,Premium,Google Ads,9643,724,Medium,True,False
3109,Ms Annette Poole,shannon64@example.org,1974-10-06,Male,Sheilaberg,Lithuania,2024-10-27,Standard,Facebook Ads,3071,712,Medium,True,False
3110,Dr Declan Leonard,vanessa65@example.net,1978-06-22,Female,Thompsonstad,Central African Republic,2025-01-08,Standard,Organic,3970,686,Medium,True,True
3111,Steven Jones,iharrison@example.net,1979-04-15,Female,New Paigestad,Italy,2026-03-04,Standard,Organic,3904,639,High,False,True
3112,Charles Begum,pattersonheather@example.org,1972-02-28,Male,North Ameliamouth,Poland,2024-02-18,Standard,Referral,4098,722,Medium,True,False
3113,Victor Butler,xjones@example.net,1983-08-21,Male,New Jade,Bouvet Island (Bouvetoya),2026-01-09,Standard,Google Ads,2007,490,High,True,False
3114,Ms Sandra Austin,fwest@example.com,1948-10-29,Female,Rowleyland,Antigua and Barbuda,2024-07-09,Standard,Facebook Ads,3990,850,Low,True,False
3115,Marilyn Wilson-Edwards,eileen56@example.com,1985-09-28,Female,Port Clare,Latvia,2024-08-04,Standard,Organic,3211,717,Medium,True,False
3116,Tina Evans,fjones@example.org,2001-09-28,Non-Binary,Hughesside,Somalia,2024-10-18,Standard,Organic,4988,713,Medium,True,False
3117,Beth Wright,thompsonabdul@example.org,1970-02-15,Male,East Paige,Kiribati,2023-06-30,Premium,Organic,7812,672,Medium,True,False
3118,Dr Stewart Williams,george94@example.com,1991-02-02,Male,Harrisstad,Honduras,2024-10-14,Standard,Facebook Ads,3792,782,Low,True,False
3119,Mrs Julia Young,nigelpope@example.net,1968-10-05,Male,Matthewstad,Sierra Leone,2025-09-20,Standard,Referral,4710,690,Medium,False,False
3120,Mrs Georgina Clarke,khankelly@example.com,1957-03-11,Female,Lake Owenborough,Bahrain,2024-04-16,Premium,Organic,8255,625,High,True,False
3121,Andrew Dennis,qanderson@example.com,2001-04-23,Male,Owenfurt,Western Sahara,2025-12-05,Standard,Referral,4147,785,Low,True,False
3122,Nicola Tucker,jackbarlow@example.net,1996-04-23,Female,East Francisland,Lithuania,2024-08-30,Standard,Facebook Ads,2815,689,Medium,True,False
3123,Christopher Ellis-Davies,amandaherbert@example.org,1980-02-22,Female,North Thomasburgh,Norfolk Island,2025-12-15,Premium,Google Ads,6855,518,High,True,False
3124,Charlie Davies,marialeach@example.org,1998-05-21,Female,Osborneville,Libyan Arab Jamahiriya,2023-06-12,Standard,Google Ads,3723,803,Low,True,False
3125,Clifford Gregory-Thomas,millerpauline@example.com,1990-09-24,Male,West Hannahton,Togo,2025-08-25,Standard,Organic,2076,727,Medium,True,False
3126,Hannah Riley,rthomas@example.org,1981-07-21,Female,South Roymouth,Puerto Rico,2023-08-28,Standard,Organic,4175,733,Medium,True,False
3127,Dr George Walton,daniellehorton@example.org,1957-08-24,Female,Hallshire,Sudan,2026-02-22,Standard,Referral,1952,713,Medium,True,False
3128,Dr Alex White,pritchardnatasha@example.net,2001-04-16,Non-Binary,Brooksstad,Canada,2023-12-06,Premium,Organic,9375,712,Medium,True,False
3129,Olivia Moore,banksgerald@example.net,1970-10-22,Non-Binary,Lake Alison,Namibia,2025-07-22,Standard,Referral,2965,585,High,True,True
3130,Francesca Parker,malcolmhopkins@example.com,1974-04-24,Male,Port Chloe,Niger,2024-08-27,Standard,LinkedIn,2603,742,Medium,True,False
3131,Kieran King,neilmann@example.net,1998-10-31,Non-Binary,Lake Rosemary,Barbados,2025-06-22,Standard,Referral,4235,678,Medium,True,True
3132,Sandra Baker,nathan38@example.org,1995-02-08,Male,Susanville,Trinidad and Tobago,2025-03-23,Standard,Facebook Ads,2625,713,Medium,True,False
3133,Hannah Dawson-Mitchell,christianmurray@example.org,1950-09-22,Female,Hicksview,Afghanistan,2023-09-08,Premium,Referral,5875,614,High,True,False
3134,Dr Steven Byrne,chall@example.net,1951-06-03,Male,Port Catherine,Tajikistan,2024-07-26,Standard,Organic,3227,752,Low,True,False
3135,David Franklin-Preston,daviesdonna@example.org,1962-11-13,Male,Paigehaven,Kyrgyz Republic,2025-11-19,Standard,Google Ads,3092,770,Low,True,True
3136,Dr Molly Evans,mmorrison@example.org,2006-08-04,Female,South Guyberg,Cameroon,2025-01-17,Standard,Referral,2420,745,Medium,True,False
3137,Jordan Greenwood,dylan87@example.org,1989-03-23,Female,New Mohammadton,Saudi Arabia,2023-11-28,Standard,Organic,2307,573,High,True,False
3138,Dr Joshua Bennett,lindsey12@example.org,1989-09-06,Male,East Donaldland,Timor-Leste,2026-04-22,Standard,Referral,3119,661,Medium,False,False
3139,Robert Lamb,kkennedy@example.org,2003-10-29,Male,Port Helen,Russian Federation,2026-05-24,Premium,Organic,5636,693,Medium,True,False
3140,Molly Herbert,joycechristine@example.org,1996-07-21,Male,Lake Stacey,Hungary,2025-09-06,Standard,Google Ads,4807,579,High,True,True
3141,Mrs Jodie Jones,brian36@example.net,1965-08-10,Male,Deniston,Greenland,2023-10-11,Standard,Referral,3120,850,Low,True,False
3142,Dr Elaine Harrison,yedwards@example.org,1968-06-20,Non-Binary,Greenhaven,India,2026-05-29,Standard,Google Ads,2115,664,Medium,True,False
3143,Mr Dean Newton,lucashayley@example.com,1991-08-19,Female,North Benjamintown,Burundi,2024-07-13,Business,Google Ads,27498,773,Low,True,False
3144,Miss Rachel Fletcher,forstermartin@example.net,1982-02-21,Non-Binary,North Bethanyhaven,Cook Islands,2025-12-08,Standard,Organic,1885,621,High,True,True
3145,Diana Woodward,daletaylor@example.org,1950-01-22,Male,Lake Helenmouth,Northern Mariana Islands,2025-06-18,Standard,Referral,4878,826,Low,True,False
3146,Antony Baker,lukehill@example.net,1955-10-22,Female,Kathrynview,American Samoa,2025-10-13,Premium,Referral,7704,730,Medium,True,False
3147,Denis Martin-Ford,ebartlett@example.org,1958-08-28,Male,East Lee,Yemen,2025-09-23,Standard,Google Ads,2935,724,Medium,False,False
3148,Alex Simmons,cread@example.org,1981-04-16,Male,Port Jill,Mongolia,2024-01-01,Standard,Google Ads,4360,704,Medium,True,False
3149,Jayne Waters,zthompson@example.com,1957-03-23,Male,New Bernard,Bahrain,2025-01-04,Business,Organic,32945,651,Medium,True,False
3150,Dr Darren Young,daydebra@example.net,1952-08-02,Female,Whitefort,Somalia,2025-08-22,Premium,Referral,6635,760,Low,True,False
3151,Mr Damien Moore,margaretbishop@example.org,1957-04-12,Male,Port Lisabury,Uzbekistan,2024-09-17,Standard,Organic,2885,722,Medium,True,False
3152,Dr Phillip Blake,xsheppard@example.org,1964-05-07,Female,Port Janice,Luxembourg,2024-10-04,Standard,Google Ads,2957,666,Medium,True,False
3153,Gregory Freeman,jwhite@example.com,1982-10-20,Male,West Steven,Reunion,2025-04-27,Standard,Referral,4009,795,Low,True,False
3154,Dr Gregory Jennings,nwalker@example.com,1965-12-12,Male,East John,Zimbabwe,2023-09-03,Standard,LinkedIn,2739,587,High,True,False
3155,Dr Valerie Burgess,marionlaw@example.com,1962-04-03,Female,Port Bruceside,Marshall Islands,2024-11-08,Standard,Referral,3397,685,Medium,True,True
3156,Dennis Bradley,hancockbilly@example.org,2003-05-21,Female,Geraldinehaven,Korea,2025-06-10,Premium,Referral,6260,841,Low,True,False
3157,Mohammed Kelly,trevor83@example.org,1961-12-12,Female,Clivefort,British Indian Ocean Territory (Chagos Archipelago),2024-04-19,Premium,LinkedIn,5099,761,Low,True,False
3158,Justin Jones,gwright@example.org,1991-04-24,Female,Matthewchester,Macao,2025-07-05,Standard,Google Ads,1913,729,Medium,True,False
3159,Marilyn Myers,andrew18@example.net,1961-06-28,Female,Joshuaview,Tanzania,2025-08-25,Premium,Organic,6125,778,Low,True,False
3160,Kimberley Curtis-Leach,carl11@example.net,1984-08-29,Female,Lake Fionachester,Iran,2023-09-13,Standard,Referral,2405,641,High,True,True
3161,Aimee Perry,saunderskathryn@example.org,1947-08-11,Male,South Suzannechester,Latvia,2025-04-03,Premium,LinkedIn,5962,591,High,True,True
3162,Alexander Cole-McDonald,bdunn@example.com,1949-11-02,Female,Wheelerside,Mozambique,2025-11-21,Premium,Organic,11502,768,Low,True,False
3163,Catherine Clark,morrisarthur@example.org,1986-10-01,Male,Blakechester,Taiwan,2025-05-07,Standard,Referral,4115,769,Low,True,False
3164,Alexandra Griffiths,antony19@example.com,2006-08-29,Female,Edwardsville,Malawi,2024-08-15,Standard,Referral,2424,615,High,True,False
3165,Roy Butler,markevans@example.com,2003-07-30,Male,Jeanport,Brunei Darussalam,2026-03-20,Standard,Organic,2739,654,Medium,True,False
3166,Stacey Holmes,marc35@example.org,1954-03-12,Female,Banksburgh,France,2024-06-06,Standard,Referral,4988,702,Medium,True,False
3167,Lesley Chadwick-Holmes,jburgess@example.com,1948-01-12,Female,Pearceberg,United Kingdom,2023-09-13,Premium,Organic,9457,447,High,True,False
3168,Mrs Naomi Flynn,baileycraig@example.net,1964-12-06,Female,Georginachester,Norway,2026-02-13,Standard,Organic,4503,739,Medium,True,False
3169,Eleanor Matthews,adrian70@example.net,1949-11-16,Female,Suttonstad,Italy,2024-04-07,Premium,Google Ads,10658,659,Medium,True,True
3170,Iain Wilkinson,uwilson@example.org,1976-03-15,Male,Hillport,Tuvalu,2026-02-11,Premium,Referral,11182,690,Medium,True,False
3171,Helen Jones-Foster,bstevens@example.net,1964-01-03,Female,Martinstad,France,2024-09-03,Standard,Google Ads,1905,664,Medium,False,False
3172,John Harvey,abutler@example.net,1982-06-16,Male,Bakerbury,Malawi,2025-07-28,Standard,Organic,1828,614,High,True,False
3173,Dr Henry Hill,carol31@example.org,1994-04-26,Female,Lindseyview,Tanzania,2024-03-28,Standard,Facebook Ads,3189,706,Medium,True,False
3174,Jennifer Brown,thomasduncan@example.net,1995-01-30,Female,Middletonburgh,Heard Island and McDonald Islands,2023-10-01,Standard,LinkedIn,3183,759,Low,True,False
3175,Dr Bethany Thomas,katie78@example.com,1984-04-30,Non-Binary,Powerburgh,Benin,2024-08-30,Standard,Google Ads,3244,579,High,True,False
3176,Harriet Ellis,ladams@example.com,1962-02-24,Female,Spencerburgh,Sri Lanka,2024-10-08,Premium,Organic,6208,666,Medium,True,True
3177,Lisa Wright,melanie20@example.org,2001-12-06,Female,New Lesley,Marshall Islands,2025-12-05,Standard,Organic,2417,765,Low,True,False
3178,Mrs Denise Green,chloemurphy@example.org,2007-11-10,Male,Butlerport,Gibraltar,2024-03-10,Standard,Google Ads,2478,724,Medium,True,False
3179,Georgina Jones,scampbell@example.org,1995-07-16,Male,Port Mary,Zimbabwe,2023-09-21,Premium,Google Ads,10430,602,High,True,False
3180,Miss Valerie Whitehead,emilyedwards@example.net,1946-12-06,Female,West Kenneth,Marshall Islands,2023-10-15,Standard,Google Ads,2058,539,High,True,True
3181,Dr Antony Field,trevor14@example.com,1981-09-01,Female,Jacobshire,Faroe Islands,2025-03-08,Standard,Facebook Ads,3034,815,Low,True,False
3182,Gareth Foster-Elliott,jonathan58@example.com,1985-10-23,Male,Billyview,Morocco,2025-09-28,Standard,Google Ads,4270,690,Medium,True,False
3183,Ian Patel,abates@example.com,1960-03-15,Male,Leeton,Brunei Darussalam,2025-11-30,Standard,Referral,4764,810,Low,True,False
3184,Dr Gordon Jones,scottdennis@example.org,1992-10-12,Male,Carolinechester,French Southern Territories,2025-04-21,Standard,Google Ads,4141,724,Medium,True,False
3185,Nicholas Johnson,allan67@example.com,1953-12-01,Female,Edwardville,Panama,2026-03-01,Standard,Google Ads,3048,835,Low,False,False
3186,Ian Sims,robertgordon@example.net,1986-09-09,Female,East Brandon,Yemen,2024-11-02,Standard,Facebook Ads,3080,768,Low,True,False
3187,Ms Joanne Harper,clive50@example.net,1949-06-13,Female,Hallshire,Solomon Islands,2023-11-02,Business,Organic,14292,644,High,True,True
3188,Joe Marshall,kirsty92@example.net,1967-02-11,Male,Jackville,Saint Martin,2024-03-23,Premium,Referral,8432,735,Medium,True,False
3189,Russell O'Connor,daleandrews@example.org,1992-03-21,Male,Evansfort,United States Virgin Islands,2024-12-16,Standard,Organic,4049,689,Medium,True,False
3190,Brett Williams,keithsmith@example.org,1952-11-03,Female,Jamiemouth,Guyana,2024-04-06,Standard,Organic,3209,762,Low,False,False
3191,Mr Cameron Hunt,hhunter@example.net,1953-05-15,Male,South Samanthamouth,Turkey,2023-12-29,Standard,Google Ads,2128,754,Low,False,False
3192,Ashleigh Morgan,clareashton@example.org,1961-07-06,Male,Lake Alexandraport,Holy See (Vatican City State),2025-06-16,Standard,Google Ads,3386,563,High,True,False
3193,Shannon Smith-Todd,keithmartin@example.org,2003-02-15,Female,Port Dawnville,San Marino,2025-08-02,Standard,Google Ads,2291,752,Low,True,False
3194,Lynda Walker,brettwright@example.com,1982-04-10,Male,New Jenniferview,Bosnia and Herzegovina,2024-07-08,Standard,Google Ads,2769,591,High,True,False
3195,Mohammad Smith,hnolan@example.net,1998-02-13,Female,East Christian,Cape Verde,2025-06-24,Premium,Organic,10711,820,Low,True,True
3196,Sian Nash,usmith@example.com,1995-03-27,Female,East Connorland,Svalbard & Jan Mayen Islands,2025-12-04,Premium,Referral,6181,760,Low,True,False
3197,Dr Dylan Thomas,egriffiths@example.com,1991-04-21,Female,Houghtonchester,Malta,2024-08-06,Standard,Google Ads,1807,809,Low,False,False
3198,Jade Cooper-Frost,georgiaschofield@example.org,1956-04-17,Male,Milesmouth,Haiti,2024-10-19,Business,Organic,20805,679,Medium,True,False
3199,Callum Wade-Brown,gileshannah@example.net,1985-07-17,Male,North Henry,Western Sahara,2026-06-11,Standard,Google Ads,2448,498,High,True,True
3200,Dr Stanley Williams,brownjason@example.com,1972-02-23,Male,Jenningsmouth,Kenya,2023-10-22,Standard,Organic,4663,701,Medium,True,False
3201,Dr Katie Edwards,dale09@example.net,1962-04-28,Male,South Katherineton,Portugal,2025-09-05,Premium,Organic,7855,633,High,True,False
3202,Dr Malcolm Jones,vford@example.com,2002-05-16,Female,Mossstad,Cook Islands,2023-09-30,Standard,Facebook Ads,3285,660,Medium,True,False
3203,Charlene Watkins,colealexander@example.net,2006-08-12,Male,East Vanessastad,Bermuda,2025-11-10,Standard,Organic,4507,742,Medium,True,False
3204,Mrs Hazel Smith,joshuajarvis@example.org,1979-07-25,Male,Arthurfurt,Brunei Darussalam,2026-01-20,Standard,Google Ads,3667,832,Low,True,False
3205,Mary Naylor,newtonshane@example.org,1998-02-10,Female,West Rosie,Brunei Darussalam,2025-02-10,Premium,Referral,11164,811,Low,True,False
3206,Duncan Coleman-Butcher,morganjulian@example.com,1960-06-23,Male,Caroletown,Singapore,2023-11-22,Standard,Facebook Ads,4487,707,Medium,True,False
3207,Yvonne Perry,jmcdonald@example.net,1978-10-09,Female,East Nicholasville,Saint Helena,2024-10-31,Standard,Organic,3168,738,Medium,False,False
3208,Dr Geraldine Nicholls,armstrongliam@example.org,1981-10-27,Male,Jamesfort,Romania,2023-12-12,Premium,Organic,9732,762,Low,True,False
3209,Linda Hardy,connorsusan@example.com,1952-01-31,Female,Mandybury,Palestinian Territory,2025-02-15,Standard,Organic,2186,577,High,True,False
3210,Carole Jones-Jones,steven23@example.net,2000-10-25,Male,North Gavinville,Norway,2024-03-31,Standard,Organic,2337,563,High,True,True
3211,Mr Allan Williams,olivia50@example.net,1970-02-14,Male,Greenwoodland,Morocco,2023-10-06,Standard,Google Ads,4965,633,High,True,False
3212,Dr Aimee Jones,markholt@example.org,2003-09-09,Female,South Abigailchester,Anguilla,2025-12-01,Premium,Organic,5424,784,Low,True,False
3213,Mitchell Booth-Green,gerard20@example.com,1966-09-10,Male,Harrisonport,Gabon,2024-01-17,Premium,Organic,9572,804,Low,True,False
3214,Lindsey Lewis,miahraymond@example.com,2007-09-10,Female,Johnsonmouth,India,2025-08-23,Standard,Organic,2511,683,Medium,True,False
3215,James Fitzgerald-Jones,fieldjulie@example.com,1959-11-30,Female,Geraldineberg,Switzerland,2025-05-08,Standard,Referral,2667,747,Medium,True,False
3216,Mitchell Bell,obrown@example.org,1951-07-31,Female,South Ashleighchester,Honduras,2023-08-15,Standard,Referral,2640,652,Medium,True,True
3217,Jayne Bird-Jones,hjackson@example.net,1946-07-18,Female,South Nigeltown,Algeria,2025-05-12,Premium,Organic,7143,619,High,True,False
3218,Phillip Little,carol59@example.net,1966-04-20,Female,Turnertown,Bulgaria,2023-06-16,Standard,Facebook Ads,3396,549,High,True,False
3219,Marilyn Heath-Weston,mathewparsons@example.org,1989-07-17,Male,Port Stewartbury,Guam,2024-12-28,Business,Facebook Ads,16876,850,Low,True,False
3220,Adam Robinson-Barber,albertrowley@example.net,1966-03-06,Female,Philipview,Swaziland,2024-01-25,Standard,Google Ads,4447,754,Low,True,False
3221,Mr Martin Walker,russell01@example.org,1971-11-29,Female,Port Rebeccatown,Korea,2026-03-15,Standard,Google Ads,4555,631,High,True,False
3222,Sheila Frost,fosterjoan@example.com,1957-06-06,Female,Wallaceberg,New Caledonia,2025-11-23,Premium,Facebook Ads,7850,835,Low,True,False
3223,Marc Jones,jonathansmith@example.com,1983-02-27,Male,Carrollton,Mexico,2023-07-01,Standard,Referral,4775,699,Medium,True,True
3224,Brian Johnson,anthonygilbert@example.com,1966-04-25,Male,South Eileenfurt,Palestinian Territory,2024-06-07,Premium,Google Ads,10649,798,Low,True,False
3225,Paula Fisher,rachaelday@example.net,1973-11-15,Female,Singhtown,Equatorial Guinea,2025-04-04,Standard,Google Ads,4869,778,Low,True,False
3226,Brenda Singh,imurray@example.net,1959-06-03,Male,East Bethanyfurt,Eritrea,2023-09-23,Standard,Google Ads,2639,664,Medium,False,False
3227,Tony Jackson,judithphillips@example.org,2008-02-27,Female,Guyshire,Bahamas,2026-01-30,Standard,LinkedIn,2798,688,Medium,False,False
3228,Carl Butler-Yates,stephen04@example.net,1993-06-26,Female,East Danielport,Cocos (Keeling) Islands,2024-02-12,Standard,Organic,3940,584,High,True,False
3229,Bryan Murphy,edwardsrussell@example.net,1979-03-22,Male,Port Lucy,United States Virgin Islands,2024-08-07,Standard,Referral,3156,700,Medium,True,False
3230,Dr Andrea Saunders,guy68@example.org,1988-11-17,Male,Beverleyton,Lao People's Democratic Republic,2024-07-27,Standard,Referral,4527,770,Low,True,False
3231,Mathew White,hawkinsamanda@example.org,1999-09-30,Male,North Paigeport,Gibraltar,2023-10-16,Standard,Facebook Ads,2525,673,Medium,True,False
3232,Henry Clark-Wheeler,pmarshall@example.net,2003-01-07,Male,Lake Carl,Pitcairn Islands,2024-08-07,Standard,LinkedIn,4271,674,Medium,True,False
3233,Gerald Evans,sandersonwayne@example.org,1983-08-12,Male,North Heather,Mongolia,2023-11-23,Standard,Facebook Ads,3600,762,Low,True,False
3234,Jay Dawson-Brown,geoffreyjackson@example.net,1996-09-11,Male,West Mathew,Turks and Caicos Islands,2023-10-03,Standard,Organic,4464,791,Low,True,False
3235,Leonard French-Bryan,allenvanessa@example.org,1970-02-11,Male,North Ann,Turkmenistan,2026-03-13,Standard,Organic,1988,518,High,True,False
3236,Charles May,jpowell@example.com,1970-08-16,Male,Stuarttown,Argentina,2025-08-14,Standard,Referral,4686,572,High,True,False
3237,Leslie Houghton,christine78@example.org,1955-04-05,Male,Gerardfurt,Swaziland,2025-08-26,Standard,Facebook Ads,1847,698,Medium,True,False
3238,Katherine Smith,vmatthews@example.com,1988-02-03,Female,Wyatthaven,Suriname,2024-03-26,Standard,Google Ads,3405,599,High,True,False
3239,Dr Duncan Jones,jennabarlow@example.org,1980-02-28,Female,Christianburgh,Uzbekistan,2023-08-25,Standard,Organic,4716,757,Low,True,False
3240,Alexandra Parkinson-Kemp,mariesheppard@example.org,1991-04-13,Female,Lake Bernardmouth,Heard Island and McDonald Islands,2025-12-29,Premium,Referral,6926,850,Low,True,False
3241,Joan Short,rpeters@example.com,1945-06-13,Male,Bethanberg,South Georgia and the South Sandwich Islands,2024-11-28,Standard,Organic,2938,664,Medium,False,False
3242,Bruce Marsh,lesleycooper@example.net,1993-04-15,Female,Lake Heathershire,Comoros,2024-05-16,Standard,Google Ads,4953,701,Medium,True,False
3243,Eleanor Bird,kyle59@example.com,1962-11-18,Male,Mistrymouth,Belgium,2025-04-20,Standard,Facebook Ads,4624,600,High,True,False
3244,Christine Harris,dbrown@example.com,1961-08-27,Male,Port Normanland,Svalbard & Jan Mayen Islands,2024-03-06,Standard,Referral,4301,606,High,True,False
3245,Dr Christopher Richards,dalemartin@example.com,1976-04-04,Female,East Clare,Chad,2025-04-06,Premium,Organic,8031,567,High,True,True
3246,Gordon Alexander,mathewbarnett@example.org,1949-04-11,Female,West Liamside,Kyrgyz Republic,2024-08-02,Premium,Organic,6570,740,Medium,True,False
3247,Amelia Morris,mallen@example.org,1950-10-23,Male,Jackport,Oman,2024-10-28,Standard,Facebook Ads,2942,705,Medium,True,False
3248,Antony Anderson,hilaryflynn@example.org,1975-11-16,Female,Whitechester,Bulgaria,2023-06-24,Standard,LinkedIn,4124,734,Medium,False,False
3249,Martyn Elliott,vhawkins@example.com,1946-11-10,Female,Port Kathrynburgh,Jersey,2024-12-12,Premium,Organic,10652,695,Medium,True,False
3250,Francis Macdonald,tracywatson@example.net,1957-09-27,Female,New Marionview,Zimbabwe,2026-05-23,Standard,LinkedIn,2044,795,Low,True,True
3251,Joyce Simpson,zshort@example.net,1984-06-20,Female,East Dylan,United States Virgin Islands,2023-07-14,Premium,Organic,5411,631,High,False,False
3252,Heather Hancock,bcoleman@example.net,1990-10-24,Non-Binary,South Ben,Antigua and Barbuda,2024-08-18,Standard,Facebook Ads,2118,600,High,True,False
3253,Brenda Thompson,jasminerobinson@example.com,1965-07-17,Female,Shahchester,Liechtenstein,2026-01-01,Standard,Referral,4366,676,Medium,False,False
3254,Dominic Evans,upreston@example.org,1952-01-26,Male,Thorpeville,Saint Kitts and Nevis,2023-09-13,Premium,Facebook Ads,5401,663,Medium,True,False
3255,Cheryl Allen,cjones@example.net,1986-03-16,Female,West Kenneth,Monaco,2025-11-16,Premium,Organic,5087,590,High,True,True
3256,Mrs Kate Palmer,dsmith@example.net,2007-10-08,Female,Wilsonmouth,Guam,2025-04-01,Premium,Organic,10681,623,High,True,False
3257,Neil Patterson-Wallace,jwoodward@example.com,1990-08-25,Male,Colemanburgh,Palau,2026-04-29,Standard,Google Ads,4763,711,Medium,True,False
3258,Stacey Hutchinson,marcus56@example.net,1965-02-02,Non-Binary,New Kyle,Lithuania,2024-03-04,Business,Google Ads,32203,626,High,True,False
3259,Natasha Macdonald,xlee@example.org,1987-01-04,Male,Hollieburgh,Greenland,2026-04-08,Standard,Referral,2606,686,Medium,True,False
3260,Aaron Cooper,jhutchinson@example.com,1993-05-05,Female,Shortland,Slovakia (Slovak Republic),2025-12-25,Standard,Google Ads,4220,731,Medium,True,False
3261,Keith Kemp,butlermolly@example.org,1981-03-02,Male,Faulknershire,Paraguay,2024-05-30,Premium,Facebook Ads,5857,705,Medium,True,False
3262,Molly Goddard,qmorrison@example.net,1964-12-13,Female,Port Georginastad,Nepal,2026-01-02,Premium,Google Ads,8426,786,Low,True,False
3263,Jennifer Leach,david78@example.org,1965-01-06,Male,Lake Sandrastad,Panama,2025-08-14,Standard,Organic,3842,736,Medium,True,False
3264,Jordan Smith,amandaprice@example.net,1975-07-02,Female,East Teresaburgh,Cook Islands,2025-10-27,Premium,LinkedIn,8996,804,Low,True,False
3265,Philip Lloyd,beth96@example.net,1986-01-19,Female,Smithport,Bahamas,2024-02-07,Premium,Organic,11355,648,High,True,False
3266,Georgina Brown,oneilllisa@example.org,1952-01-22,Male,Jessicamouth,French Guiana,2023-08-04,Standard,Google Ads,3393,548,High,True,False
3267,Sylvia Edwards-Graham,howardwarner@example.net,2007-12-18,Male,O'Connorburgh,Western Sahara,2025-03-22,Premium,Referral,10184,758,Low,True,False
3268,Barbara Phillips,jadewilliams@example.net,2001-11-29,Female,Duncanberg,France,2024-10-05,Standard,Organic,2900,819,Low,True,False
3269,Diana Lee,slee@example.org,1980-10-27,Female,Port Callumland,Guinea-Bissau,2023-10-27,Standard,Google Ads,2074,759,Low,True,False
3270,Rebecca McLean,armstrongjames@example.com,1975-04-02,Female,Robsontown,Nigeria,2025-07-19,Standard,Organic,4663,785,Low,True,False
3271,Karl Cox-Williams,dawsondamien@example.org,2002-12-16,Male,Donaldborough,Italy,2024-03-21,Standard,Organic,3813,710,Medium,True,False
3272,Ms Pamela Wheeler,evansphilip@example.com,2005-05-11,Male,Lake Karl,Uganda,2024-04-19,Standard,Google Ads,4527,650,Medium,False,False
3273,Mrs Barbara Brown,jack46@example.com,1995-02-09,Male,West Marie,Saint Pierre and Miquelon,2024-05-29,Premium,Organic,7278,641,High,True,False
3274,Geoffrey Powell,deborah85@example.org,1994-03-29,Female,Williamfurt,Falkland Islands (Malvinas),2025-02-21,Premium,Facebook Ads,8808,671,Medium,True,False
3275,Sophie Johnson,hartleylesley@example.com,1945-12-24,Male,Stanleyhaven,Mexico,2025-02-13,Premium,Organic,9480,836,Low,True,False
3276,Tina Dawson,ahall@example.net,2005-06-06,Male,New Charlotte,China,2025-03-30,Standard,LinkedIn,3068,473,High,True,True
3277,Kevin Mahmood,suttonnorman@example.org,1967-06-02,Male,Lake Oliver,Jamaica,2024-11-04,Standard,Google Ads,2140,667,Medium,True,False
3278,Dr Charles Jackson,eowen@example.com,1984-01-19,Male,Rhodeston,Egypt,2026-04-16,Business,LinkedIn,25890,739,Medium,True,False
3279,Teresa Leach-Pearce,danielleschofield@example.net,2006-08-02,Male,Port Leefort,Heard Island and McDonald Islands,2026-01-10,Premium,Referral,5132,775,Low,True,False
3280,Mrs Charlene Shaw,godfreyjenna@example.net,1998-10-05,Female,Kathrynhaven,Antarctica (the territory South of 60 deg S),2024-09-19,Standard,Referral,4608,604,High,True,False
3281,Charles Thompson-Heath,hussainhugh@example.org,2002-01-28,Female,New Lynne,Holy See (Vatican City State),2026-06-06,Standard,Google Ads,2113,728,Medium,False,True
3282,Graham Turner,bvaughan@example.net,1949-06-21,Male,East Olivia,Christmas Island,2025-02-18,Premium,LinkedIn,11719,742,Medium,True,False
3283,Dr Philip Holmes,beth03@example.com,1991-02-05,Male,Rachelland,Rwanda,2026-05-25,Standard,Google Ads,4407,536,High,True,True
3284,Fiona Abbott,alexanderstorey@example.net,1973-01-19,Male,Lynchfurt,Gabon,2023-11-27,Premium,Facebook Ads,10079,770,Low,True,False
3285,Dr Rita Clark,grace31@example.com,1966-10-17,Female,Scottstad,Germany,2025-07-01,Standard,Google Ads,3179,646,High,True,True
3286,Mr Jordan Roberts,annemiller@example.org,1990-11-07,Male,South Alanberg,Hong Kong,2026-03-20,Premium,LinkedIn,5789,781,Low,True,False
3287,Dr Lee Shepherd,garry38@example.com,2007-10-25,Male,O'Donnellmouth,Liechtenstein,2025-11-19,Standard,Organic,1972,556,High,True,False
3288,Dr Denis Hutchinson,hollie03@example.net,1974-01-31,Female,Lewisville,Germany,2024-07-08,Premium,Referral,8006,627,High,True,False
3289,Philip Cox,deborahedwards@example.org,1978-09-30,Female,Jemmashire,Egypt,2023-08-05,Business,Organic,16286,655,Medium,False,False
3290,Paige Newton,davidcunningham@example.com,1982-09-23,Female,Watsonborough,Isle of Man,2024-04-11,Premium,Organic,8824,850,Low,True,False
3291,Leah Davies,leonardchristian@example.org,1985-09-20,Male,Ronaldhaven,Italy,2025-06-15,Standard,Google Ads,3593,732,Medium,True,True
3292,Ann Jones,othomas@example.org,1945-07-07,Female,Dennisberg,Malawi,2025-01-04,Premium,Referral,7812,708,Medium,True,False
3293,Natasha Howarth,hewittjason@example.com,1964-09-04,Female,Pagefurt,Iran,2024-09-10,Standard,Google Ads,3857,503,High,True,False
3294,Karl Patterson,cherylnorris@example.org,1967-05-29,Female,Howardside,New Zealand,2023-10-24,Standard,Google Ads,4292,640,High,False,False
3295,Dorothy Turner,zsims@example.org,1999-08-03,Male,Lake Joanborough,Norfolk Island,2023-06-22,Standard,Organic,2382,745,Medium,True,False
3296,Sean Bates,lucyyoung@example.org,1956-08-08,Female,North Francesca,Antigua and Barbuda,2025-08-06,Premium,Google Ads,6039,617,High,True,False
3297,Mr Russell Hall,johnshepherd@example.org,1998-02-09,Male,Port Margaret,Jersey,2025-05-08,Standard,Facebook Ads,3140,645,High,True,True
3298,Dr Wendy Brown,alex59@example.com,1970-02-25,Male,Woodwardborough,China,2025-04-24,Standard,Google Ads,4274,705,Medium,True,False
3299,Naomi Cunningham,moorejulia@example.org,2004-10-10,Male,Port Mohamed,Heard Island and McDonald Islands,2025-07-27,Premium,LinkedIn,6819,666,Medium,True,False
3300,Louise Barnes,thomasfrancis@example.net,1949-10-02,Male,West Joe,Nauru,2023-06-24,Standard,Referral,2016,554,High,True,False
3301,Maurice Davies,derekking@example.org,1965-12-02,Female,Lesliehaven,Solomon Islands,2023-08-30,Standard,Referral,4806,644,High,False,False
3302,Aaron Fowler,igreen@example.com,1963-05-08,Male,West Mary,Liberia,2025-05-29,Premium,LinkedIn,8978,722,Medium,True,False
3303,Dr Louis Thomas,connorjohnson@example.net,1947-01-08,Male,Kennethchester,Egypt,2024-07-17,Premium,Google Ads,10985,658,Medium,True,False
3304,Dr Roger Pollard,lesleybrooks@example.org,1998-08-21,Male,Victoriabury,Czech Republic,2023-07-27,Standard,Google Ads,4190,614,High,True,True
3305,Gary Morgan,hollie33@example.org,1958-11-17,Male,Conwayview,Cayman Islands,2025-07-14,Standard,Google Ads,3714,824,Low,True,False
3306,Dr Carol Faulkner,norrismaria@example.net,1947-03-24,Male,North Teresamouth,Northern Mariana Islands,2025-05-09,Standard,Google Ads,1843,722,Medium,True,False
3307,Billy Bishop,twoods@example.com,1979-07-17,Non-Binary,Joelton,Colombia,2024-06-09,Standard,Referral,4484,787,Low,True,False
3308,Trevor Stanley,dbentley@example.net,1987-01-01,Female,North Lorraine,Thailand,2025-07-03,Standard,Referral,2354,790,Low,True,False
3309,Arthur Carter,stuartharvey@example.org,1976-06-29,Male,Kennedyshire,Tuvalu,2024-08-01,Standard,Organic,4175,780,Low,True,False
3310,Sara Perry,dianeanderson@example.com,1979-06-19,Male,South Pamelaville,Saint Kitts and Nevis,2026-04-20,Standard,Organic,2778,636,High,False,False
3311,Mr Colin Hewitt,nicola25@example.org,1961-06-24,Male,Dalehaven,Bangladesh,2025-04-11,Premium,Google Ads,11725,759,Low,True,False
3312,Kelly Leonard,zoewong@example.net,2002-09-15,Non-Binary,West Sandra,Lesotho,2025-08-24,Premium,Facebook Ads,6917,678,Medium,True,False
3313,Victoria Butler,gbuckley@example.com,1965-05-28,Male,Fionamouth,Saudi Arabia,2025-09-22,Standard,Google Ads,4845,574,High,True,True
3314,Mr Luke Martin,awatts@example.org,1994-06-06,Male,Cherylstad,South Africa,2026-02-03,Standard,LinkedIn,4156,755,Low,True,False
3315,Mr Frank Booth,joshua04@example.net,1956-12-18,Female,New Natalie,Cameroon,2025-09-03,Premium,Organic,7068,712,Medium,False,True
3316,Emily Khan,laurendouglas@example.com,1973-02-26,Female,New Damien,Cote d'Ivoire,2023-07-04,Standard,Google Ads,3199,747,Medium,False,False
3317,Dominic Jones,ellie10@example.org,1950-09-20,Male,Williamsville,Somalia,2025-05-31,Standard,Google Ads,3247,601,High,True,False
3318,Hollie Davies-Griffiths,alexandra65@example.org,1992-01-28,Male,Lauraside,Georgia,2024-03-14,Standard,Organic,4558,746,Medium,True,False
3319,Abdul Bradley,howarthkelly@example.net,1958-08-09,Male,East Lyndafurt,United States Minor Outlying Islands,2025-08-18,Standard,Organic,2720,714,Medium,True,False
3320,Margaret Johnson-Benson,morriskevin@example.net,1981-04-10,Female,Donaldfurt,Denmark,2026-06-11,Premium,Organic,9460,694,Medium,True,False
3321,Ms Natalie Green,lynnebrown@example.org,1959-02-28,Male,Reynoldschester,Kenya,2025-05-11,Standard,Referral,2030,826,Low,False,False
3322,Victor Collins,amurray@example.com,1947-02-26,Male,Kieranville,Chile,2025-06-01,Premium,Google Ads,9611,756,Low,True,False
3323,Dr Ian Griffiths,newmananna@example.org,1987-02-24,Male,Marcshire,Congo,2026-03-08,Business,Organic,12607,796,Low,True,False
3324,Norman Dixon,mhayes@example.net,1950-03-28,Female,Westonborough,Uzbekistan,2024-05-11,Standard,Organic,3220,670,Medium,True,False
3325,Mark Hart,brennancharles@example.com,1977-12-31,Male,Glennburgh,Montenegro,2024-11-29,Standard,Organic,2230,653,Medium,True,False
3326,Sally Pearson,keithleach@example.org,1983-09-26,Male,South Melissa,Peru,2024-09-30,Premium,Organic,6665,632,High,True,False
3327,Vanessa Smith,thomas52@example.org,1965-02-03,Male,Port Ellieton,Holy See (Vatican City State),2024-12-01,Standard,LinkedIn,3490,750,Low,True,False
3328,Wendy Tucker,rachelstevens@example.com,2001-06-07,Female,Carolynfurt,North Macedonia,2025-03-12,Standard,Referral,3595,645,High,True,False
3329,Charlotte Stevenson,beverleydaniels@example.com,1964-09-09,Male,South Ritaton,Malaysia,2025-04-15,Standard,Google Ads,2059,836,Low,True,False
3330,Michael Young-Lowe,bevans@example.net,1977-11-15,Female,Westland,Gibraltar,2026-03-29,Standard,Facebook Ads,3339,747,Medium,True,True
3331,Mrs Barbara Pearce,ellissophie@example.org,1996-10-23,Male,West Philliptown,Qatar,2025-01-13,Standard,Facebook Ads,3458,627,High,True,False
3332,Kimberley Hamilton,lee07@example.net,1960-12-09,Female,Dawsonburgh,Croatia,2024-10-05,Premium,Referral,8637,723,Medium,True,False
3333,Lynn Jackson-Thomson,richardsjosephine@example.org,1971-01-27,Male,Turnerport,Saudi Arabia,2025-03-17,Standard,Facebook Ads,4369,691,Medium,True,False
3334,Phillip Walker,kirklauren@example.org,1979-01-13,Male,Karenfort,Holy See (Vatican City State),2026-05-07,Standard,Facebook Ads,4212,778,Low,True,False
3335,Henry Evans,leonardsmith@example.com,1973-03-02,Female,Julieborough,British Virgin Islands,2026-01-17,Standard,LinkedIn,2641,627,High,True,False
3336,Miss Lynda Dickinson,joesims@example.net,1958-05-27,Female,Megantown,Papua New Guinea,2024-11-05,Premium,Referral,9261,671,Medium,True,False
3337,Ms Alexandra Gallagher,millslouise@example.net,1964-07-06,Female,Robertsland,Malta,2025-12-22,Premium,Organic,11219,768,Low,True,False
3338,Connor Riley,rhodespauline@example.org,2005-03-18,Female,Chamberlainburgh,Nigeria,2023-11-06,Premium,Organic,11524,587,High,True,False
3339,Joseph Hayward,jwebb@example.com,1976-09-02,Female,Lake Owen,Japan,2025-11-17,Standard,Google Ads,3033,525,High,True,False
3340,Dr Joyce Dixon,vincentrussell@example.net,1957-09-25,Female,North Kathleenmouth,Guam,2024-10-27,Standard,Referral,4709,697,Medium,True,False
3341,Mr Raymond Williams,samuelheath@example.org,1991-04-05,Female,Port Louisebury,Guam,2026-04-15,Standard,Organic,3319,648,High,True,False
3342,Mr Declan O'Donnell,siandoherty@example.org,1993-04-15,Female,Port Damian,Brunei Darussalam,2025-02-21,Premium,Google Ads,6155,695,Medium,True,False
3343,William Smith,lisacox@example.org,1998-02-13,Female,Katherineshire,Vanuatu,2023-08-09,Standard,Organic,2688,671,Medium,True,True
3344,Annette Thomas,danny20@example.net,1998-12-16,Male,West Brett,Guatemala,2026-05-27,Standard,Facebook Ads,4762,501,High,True,True
3345,Natasha Wilson,cmarshall@example.org,2006-12-01,Female,East Marcus,Luxembourg,2023-06-30,Standard,Organic,3646,775,Low,False,False
3346,Alexandra Burns-Bell,martinhayley@example.com,1973-03-23,Male,Brownburgh,Sierra Leone,2025-11-18,Standard,Google Ads,3035,782,Low,True,False
3347,Dennis Powell,nhart@example.net,1958-03-16,Female,East Andrea,Cambodia,2024-02-19,Business,Organic,13724,783,Low,True,False
3348,Mr Luke Morris,etaylor@example.net,1982-12-29,Male,Port Nathan,Cape Verde,2023-11-07,Premium,Referral,6459,648,High,True,False
3349,Damien Walton-Smith,bethany69@example.org,1953-08-28,Female,East Ross,Namibia,2023-12-22,Premium,Organic,9972,726,Medium,True,False
3350,Brett Phillips,reedashley@example.org,1964-01-28,Female,West Elizabethborough,South Africa,2025-06-22,Standard,Google Ads,3151,529,High,True,False
3351,Marian John,gerald21@example.net,1978-04-09,Female,Paulside,Hungary,2026-04-28,Standard,Google Ads,4622,838,Low,True,False
3352,Glenn Atkins,maurice07@example.com,1955-06-22,Male,Lake Ryan,Guyana,2024-10-21,Business,Organic,29146,657,Medium,True,False
3353,Ms Gemma Goodwin,hduffy@example.org,1953-12-25,Female,Thomsonview,Zimbabwe,2025-03-10,Standard,Organic,2876,721,Medium,False,False
3354,Dr Sean Birch,jason29@example.net,1949-03-23,Female,East Rosemarystad,Botswana,2024-04-29,Standard,Google Ads,4977,668,Medium,True,True
3355,Marilyn Wheeler,rsingh@example.org,1950-12-07,Male,Lake Terry,United Kingdom,2025-01-17,Premium,Referral,11425,720,Medium,True,False
3356,Gillian Barton-Davis,bakermarilyn@example.com,1993-09-02,Male,West Ellie,Ireland,2025-11-27,Standard,LinkedIn,4919,608,High,True,False
3357,Pamela Knight-Kennedy,jakejames@example.com,1975-07-02,Male,New Williammouth,Guinea,2024-05-17,Standard,Organic,4120,623,High,True,True
3358,Dr Callum Hussain,pdouglas@example.net,2003-02-04,Female,New Rachael,Cuba,2025-02-15,Premium,Organic,7967,847,Low,True,False
3359,Ms Helen O'Brien,lorraine23@example.org,1953-08-14,Male,Port Declan,American Samoa,2024-02-07,Standard,Referral,2733,514,High,True,False
3360,Lewis Reynolds,douglasgregory@example.org,1975-03-17,Female,Anneburgh,Jersey,2024-03-10,Standard,Organic,4975,697,Medium,True,False
3361,Victor Davison,collinsgeoffrey@example.org,1992-05-19,Male,North Jordanfurt,Georgia,2023-08-06,Standard,Facebook Ads,1842,771,Low,True,False
3362,Lynne Owen,warddominic@example.com,2001-09-03,Female,Reidfort,Azerbaijan,2026-04-21,Standard,Organic,3300,697,Medium,True,False
3363,Sylvia Parker,peter14@example.net,1955-07-18,Male,Justinchester,Moldova,2024-11-03,Standard,Organic,4777,594,High,True,True
3364,George Fraser,smithross@example.org,1990-12-04,Female,Williamsburgh,France,2024-03-20,Standard,Referral,4426,687,Medium,True,True
3365,Dr Justin Hart,dorothymatthews@example.net,1992-09-26,Non-Binary,Leechester,Faroe Islands,2025-06-19,Standard,Facebook Ads,2735,725,Medium,True,False
3366,Oliver Cooke,cvaughan@example.com,1985-12-17,Female,West Jakeburgh,Slovakia (Slovak Republic),2025-01-15,Standard,Referral,3443,618,High,True,False
3367,Stephanie Kelly,claire35@example.org,1952-03-09,Female,Rickytown,Nauru,2025-04-30,Standard,LinkedIn,3923,736,Medium,True,False
3368,Pamela Young,stevensondean@example.org,1952-06-15,Male,Hollieport,Liechtenstein,2024-04-08,Standard,Google Ads,3135,573,High,True,True
3369,Mr Victor Price,gail49@example.net,1951-12-07,Female,East Garry,Seychelles,2026-06-07,Business,Google Ads,13674,783,Low,True,False
3370,Toby Jones,carolinenewman@example.net,1968-06-15,Male,Jenkinsfort,Croatia,2025-10-11,Standard,Facebook Ads,3501,689,Medium,True,True
3371,Eleanor Yates,webbjonathan@example.net,1972-08-16,Female,Port Ameliaville,Brunei Darussalam,2025-11-17,Standard,Organic,4047,697,Medium,True,False
3372,Bruce Young-Edwards,moorefrederick@example.com,1950-12-26,Male,South Janicechester,New Caledonia,2024-05-15,Premium,Google Ads,5698,779,Low,True,False
3373,Mrs Maria Howells,wprice@example.org,2006-05-14,Male,North Ruthport,Malawi,2024-08-21,Standard,Google Ads,2008,680,Medium,True,False
3374,Dr Dale Robertson,dlee@example.com,1949-12-20,Female,Sarastad,Guyana,2026-06-06,Standard,Organic,4127,812,Low,False,False
3375,Jonathan Burns,leannewilliamson@example.net,1948-04-05,Male,Jenningsburgh,Tunisia,2024-12-20,Standard,Organic,2147,693,Medium,False,False
3376,Sheila Davies,hwallace@example.net,1984-02-28,Male,Wilkinsonchester,Italy,2026-04-23,Standard,Organic,3437,638,High,True,False
3377,Gregory Ali,smartin@example.net,1945-11-14,Female,Port Henrymouth,Uruguay,2024-05-15,Standard,Organic,4926,578,High,True,True
3378,Dr Louise Long,franktalbot@example.org,2005-10-28,Female,Jacquelineton,Saint Kitts and Nevis,2025-03-18,Business,Facebook Ads,27905,730,Medium,True,False
3379,Phillip Mills-Rees,lydia11@example.net,2003-07-25,Female,Goodwinstad,Poland,2024-08-03,Business,Facebook Ads,12293,635,High,True,False
3380,Miss Nicole Williams,gordonbartlett@example.net,2000-01-23,Female,East Geraldine,Antigua and Barbuda,2023-10-25,Premium,Google Ads,11921,713,Medium,True,False
3381,Dr Mark Wood,leahmason@example.net,2001-01-02,Male,Jordanton,Canada,2024-04-08,Premium,Google Ads,10627,772,Low,True,False
3382,Mary Burgess,dwood@example.org,1970-12-14,Female,Port Carolestad,Bahrain,2025-05-04,Standard,Google Ads,2273,625,High,True,False
3383,Colin Cooke,georgina69@example.org,1997-10-08,Non-Binary,South Ruth,Kuwait,2026-04-10,Premium,Referral,7221,756,Low,True,False
3384,Trevor Hill-Lee,morrisonnicholas@example.org,1991-02-25,Female,Hannahstad,Northern Mariana Islands,2024-04-05,Standard,Facebook Ads,4519,715,Medium,True,False
3385,Carole Newman,morgangerard@example.net,1972-02-26,Female,Sarabury,Saint Vincent and the Grenadines,2024-05-13,Standard,Facebook Ads,2882,642,High,True,False
3386,Dr Paige Jones,joneslesley@example.net,1951-12-22,Female,West Olivia,Wallis and Futuna,2024-06-13,Standard,Referral,4458,688,Medium,True,False
3387,Ian Jackson,carlyparker@example.com,1947-07-25,Male,Philipville,Gabon,2024-01-27,Business,Organic,13530,689,Medium,True,True
3388,Louis Thomas,beth71@example.net,1956-11-13,Male,Port Ronaldhaven,Solomon Islands,2024-05-29,Standard,Google Ads,2896,645,High,False,False
3389,Bruce Baker-Young,icooper@example.com,1993-07-04,Male,Port Roger,Canada,2024-10-06,Standard,Facebook Ads,2644,497,High,True,True
3390,Tracey Khan,vmoss@example.net,1995-10-11,Female,Port Barry,Norfolk Island,2025-10-25,Standard,Referral,4481,739,Medium,True,False
3391,Mr Gary Turner,dixoneric@example.com,1993-01-02,Male,Gavinchester,Canada,2026-03-17,Standard,Organic,4717,709,Medium,False,True
3392,Marc Jackson,jamesroy@example.net,1960-08-16,Male,East Charlie,Brazil,2026-05-21,Standard,Google Ads,4976,611,High,True,False
3393,Christopher Doyle,mary50@example.org,1999-12-29,Male,Janehaven,Kiribati,2025-06-02,Standard,Google Ads,4597,687,Medium,False,False
3394,Mr Gary Harrison,diana37@example.com,1969-08-28,Female,Lewisfort,Sao Tome and Principe,2025-06-26,Standard,Facebook Ads,2205,730,Medium,True,False
3395,Tom Lowe,marilyn90@example.com,1956-10-18,Female,East Stanleybury,Spain,2024-07-08,Standard,Google Ads,3363,743,Medium,True,False
3396,Leon Ball,wardyvonne@example.org,1997-11-10,Male,South Pamelaborough,Egypt,2024-08-19,Standard,Referral,4152,722,Medium,True,False
3397,Sean Cox,gareth40@example.com,1981-03-22,Female,North Robert,Greenland,2024-01-10,Standard,Referral,3249,850,Low,True,False
3398,Joyce Porter,jacksonarthur@example.com,1991-07-24,Male,New Raymond,Jersey,2025-04-09,Standard,Google Ads,2357,850,Low,True,False
3399,Cameron Farrell,jamiedavies@example.com,1971-03-11,Non-Binary,West Samuel,Uruguay,2025-11-28,Standard,Referral,3276,713,Medium,True,False
3400,Derek Williams,katkins@example.net,1975-11-12,Female,Kennethtown,Jamaica,2025-06-30,Standard,Google Ads,4875,721,Medium,True,False
3401,Gordon Smith,catherine31@example.org,1972-03-28,Non-Binary,Rachaelstad,Ghana,2025-12-18,Standard,Organic,4311,554,High,True,True
3402,Terry Smith,antony78@example.net,2000-03-08,Female,Barkertown,French Southern Territories,2024-12-02,Premium,Google Ads,6016,637,High,True,False
3403,Mr Oliver Dean,heatherwarner@example.org,2000-09-14,Female,Lake Amberborough,Isle of Man,2024-06-15,Premium,Google Ads,11577,730,Medium,True,False
3404,Hannah Hughes,mohammadsanders@example.org,1991-06-25,Male,Singhmouth,Honduras,2025-02-21,Standard,LinkedIn,3433,765,Low,True,False
3405,Joe Green,lee98@example.com,1996-07-15,Male,Kingchester,Western Sahara,2025-04-13,Business,Google Ads,13931,663,Medium,True,False
3406,Gavin Marsh,rpatel@example.net,1987-10-29,Female,Mauricemouth,Guyana,2026-01-12,Standard,Referral,2693,658,Medium,True,False
3407,Ashley Patel,joe12@example.com,1964-01-02,Male,North Judithville,Costa Rica,2023-09-23,Premium,LinkedIn,6006,692,Medium,True,False
3408,Abigail Daniels,aclarke@example.org,1967-09-17,Male,Haynesside,Costa Rica,2024-04-21,Business,Organic,17241,731,Medium,True,False
3409,Megan Moore-Haynes,thompsonholly@example.com,1968-02-05,Male,Duffychester,Holy See (Vatican City State),2024-02-22,Premium,LinkedIn,8008,626,High,False,False
3410,Melissa Dawson,kellyhunter@example.net,1997-08-25,Female,Fishertown,Monaco,2025-01-28,Standard,LinkedIn,3542,703,Medium,True,False
3411,Carl Farmer,idobson@example.org,1965-05-02,Male,Bibifort,Panama,2025-07-02,Standard,Google Ads,4101,615,High,True,False
3412,Carole Barnes-Smith,vcole@example.org,1953-10-19,Male,Benfurt,Serbia,2024-05-23,Standard,Referral,3137,634,High,True,False
3413,Leah Hurst,hallmax@example.com,1970-01-25,Male,South Leighton,Saint Pierre and Miquelon,2024-08-09,Standard,LinkedIn,3138,710,Medium,True,False
3414,Allan Bibi,pthompson@example.net,1969-08-23,Male,Katiemouth,Ukraine,2023-10-23,Standard,Organic,4951,738,Medium,True,False
3415,Angela Young,rosemary38@example.org,1970-10-28,Male,West Ashleyburgh,Netherlands Antilles,2023-11-13,Standard,Organic,1880,725,Medium,True,False
3416,Dr Lawrence Morgan,bernard46@example.org,2001-03-03,Female,Woodland,Kiribati,2025-09-22,Standard,Google Ads,1936,680,Medium,False,False
3417,Joseph Garner-Hartley,uhooper@example.com,2002-04-09,Female,North Dorothyborough,Peru,2025-08-07,Standard,Facebook Ads,2066,677,Medium,True,False
3418,Mrs Anna Lowe,bradleybirch@example.net,1993-02-09,Male,Lucyview,Hong Kong,2023-09-18,Standard,Facebook Ads,1942,704,Medium,True,True
3419,Dr Joan Hughes,amanda28@example.net,1970-09-11,Female,Maryberg,Andorra,2026-02-03,Standard,Referral,3787,632,High,True,False
3420,Mr Dale Brown,jillmiller@example.org,1985-12-22,Female,Port Angelaburgh,Sao Tome and Principe,2026-03-06,Standard,Google Ads,4464,791,Low,True,False
3421,Claire Robinson,joshmurphy@example.com,1948-09-24,Female,Abigailburgh,Sierra Leone,2024-08-20,Standard,Facebook Ads,4738,763,Low,True,False
3422,Dr Stewart Williams,brucemolly@example.net,1987-09-07,Female,Hillside,Peru,2024-10-13,Premium,Referral,5921,690,Medium,True,False
3423,Stanley Griffiths,brownnicholas@example.org,1977-09-24,Female,Spencerbury,North Macedonia,2024-12-19,Business,LinkedIn,34652,840,Low,True,False
3424,Fiona Harrison,vrose@example.com,1984-08-16,Male,East Simon,Hong Kong,2025-03-03,Standard,Organic,2836,709,Medium,True,False
3425,Sally Wood,lbrooks@example.com,1995-03-23,Female,Mohammedberg,Turkmenistan,2024-02-09,Standard,Facebook Ads,3623,708,Medium,True,False
3426,Adrian Owen,lesley94@example.net,1981-03-27,Female,North Charlotteborough,Slovenia,2026-02-23,Standard,Organic,3770,683,Medium,True,False
3427,John Harris,bradleyoliver@example.com,2001-02-06,Non-Binary,Harrischester,United Kingdom,2025-11-04,Premium,Google Ads,7978,607,High,True,False
3428,Beverley Ward,swatson@example.org,1967-02-03,Non-Binary,North Dennis,Myanmar,2025-02-12,Standard,Google Ads,2922,692,Medium,True,False
3429,Gordon Shah,linda85@example.com,1980-08-21,Male,Port Lawrence,Papua New Guinea,2024-02-11,Standard,Google Ads,3171,698,Medium,True,False
3430,Mr Mohammad Rowe,williskatherine@example.org,1968-03-06,Male,West Carly,Algeria,2024-12-22,Standard,LinkedIn,2298,712,Medium,True,False
3431,Mohamed Henderson-Schofield,rosskay@example.com,1987-11-06,Female,Mistrychester,Suriname,2023-08-15,Standard,Google Ads,3568,740,Medium,True,False
3432,Mrs Pamela Foster,frederick18@example.net,2001-08-06,Female,New Alice,Bahrain,2023-08-28,Standard,Google Ads,1822,661,Medium,True,False
3433,Lynn Mitchell,cjones@example.net,1997-11-22,Male,Guyburgh,Iran,2025-04-10,Premium,Facebook Ads,5047,651,Medium,True,False
3434,Rosie Pickering,glen82@example.org,1973-05-01,Female,North Leah,Honduras,2025-06-16,Standard,Google Ads,3613,497,High,False,False
3435,Pauline Clarke,ruth36@example.org,2004-11-10,Male,Lake Eileenfurt,Myanmar,2024-10-22,Standard,Organic,3452,684,Medium,True,True
3436,Rebecca Bailey,hughbarry@example.net,1953-11-18,Female,Lake Lukeport,Albania,2024-08-09,Business,Google Ads,30807,693,Medium,True,False
3437,David Clarke,dhart@example.org,1984-05-29,Male,West Kathryn,Niue,2025-04-28,Standard,Referral,4135,612,High,True,False
3438,Bethany Smith,spalmer@example.com,1948-02-17,Male,Lake Louiseville,Niger,2024-06-04,Standard,LinkedIn,3138,654,Medium,True,False
3439,Mr Shaun Briggs,shirleyiqbal@example.net,1997-06-16,Female,Richardstad,Italy,2024-07-09,Premium,Google Ads,7160,741,Medium,True,False
3440,Charlene Harper,nortonhenry@example.org,1945-06-24,Male,Lake Jodiefort,Bahrain,2025-04-19,Standard,Organic,4861,762,Low,True,False
3441,Mr James Harris,maryweston@example.org,1981-06-17,Female,East Louise,Kazakhstan,2024-10-28,Standard,Organic,4149,688,Medium,True,True
3442,Christopher Lewis,hlynch@example.net,2004-11-07,Female,West Robinport,Kuwait,2024-04-18,Standard,Google Ads,4501,637,High,True,False
3443,Mr Timothy Field,bbuckley@example.org,1979-01-20,Male,Scottport,Iran,2025-04-09,Premium,Referral,9392,770,Low,True,False
3444,Leigh Kaur,barbara07@example.com,1995-10-04,Male,Lake Kathleen,Portugal,2026-01-19,Standard,Referral,2054,763,Low,False,False
3445,Teresa Reid-Lawson,vcarter@example.net,1971-06-18,Female,Coleland,Grenada,2023-06-28,Premium,LinkedIn,11883,667,Medium,True,False
3446,Dr Marie Dobson,leighyates@example.com,1977-12-04,Female,West Petermouth,Marshall Islands,2024-10-05,Premium,Referral,6317,634,High,True,False
3447,Amy Thompson,ross54@example.com,1951-06-11,Female,Dawnland,Gibraltar,2026-01-03,Standard,Organic,2018,749,Medium,True,False
3448,Mr Dean Taylor,shirleysaunders@example.net,1954-12-15,Male,North Heather,Saint Barthelemy,2023-09-24,Standard,Facebook Ads,2134,635,High,True,False
3449,Vanessa Sullivan,james59@example.com,1970-07-21,Female,New Francesca,Falkland Islands (Malvinas),2024-05-13,Premium,Google Ads,8897,578,High,True,False
3450,Beth Mellor-Tomlinson,shirley91@example.net,1961-03-22,Male,Colinborough,Sudan,2026-05-12,Standard,Organic,4754,737,Medium,True,True
3451,Andrew Jones,hugh05@example.net,1964-05-10,Male,Ruthborough,Suriname,2025-12-06,Standard,Organic,2820,667,Medium,True,False
3452,Alan Hall,barry76@example.org,1999-05-04,Female,Williamsfurt,Reunion,2024-06-08,Standard,Referral,1822,714,Medium,True,False
3453,Matthew Griffiths-Bradshaw,lynda46@example.com,2007-04-26,Male,New Graceburgh,Libyan Arab Jamahiriya,2023-07-04,Standard,Referral,1988,594,High,True,False
3454,Ricky Shaw,ruth76@example.com,1965-06-14,Male,Deborahtown,United States Virgin Islands,2024-03-18,Standard,Organic,4702,638,High,True,False
3455,Dennis Walsh,xoneill@example.com,2000-08-11,Female,Gordonville,Czech Republic,2024-05-05,Standard,Organic,2315,722,Medium,False,False
3456,Brenda Smith,ulloyd@example.org,1953-12-01,Male,Anthonyhaven,Uganda,2023-06-20,Standard,Referral,4198,734,Medium,True,False
3457,Dr Edward Middleton,ksanders@example.org,2005-10-04,Male,Lake Brian,Samoa,2023-08-20,Standard,Organic,1844,600,High,False,True
3458,Mr Steven Matthews,uatkinson@example.net,1994-08-21,Male,South Scottview,Wallis and Futuna,2025-12-12,Standard,Organic,3720,700,Medium,True,False
3459,Jordan Jones,jonathan29@example.org,1951-03-07,Male,Alexberg,Congo,2025-08-05,Premium,Referral,10518,527,High,True,True
3460,Clive Payne,pmurray@example.net,1978-02-26,Male,Brucefurt,Cambodia,2024-05-16,Standard,LinkedIn,2926,722,Medium,True,False
3461,Mrs Anna Thompson,aharris@example.org,1974-05-06,Non-Binary,South Hayley,Martinique,2024-03-29,Premium,Google Ads,5220,571,High,True,False
3462,Ms Anne Moore,melissa85@example.com,1962-01-25,Female,Clareshire,Equatorial Guinea,2024-11-20,Standard,Referral,4490,646,High,True,False
3463,Julia Black,gemmaanderson@example.com,1996-10-10,Female,Jarvisberg,Singapore,2024-03-14,Premium,Referral,5368,544,High,True,False
3464,Rosie Martin,khoughton@example.net,1985-11-01,Male,North Sallyhaven,Bermuda,2024-11-20,Premium,Organic,5053,620,High,True,True
3465,Joan Williams-Taylor,wardgary@example.com,1974-09-11,Female,North Tobystad,Niger,2024-10-27,Premium,Google Ads,5984,680,Medium,True,False
3466,Leonard Patel,wandrews@example.org,1960-02-05,Female,Lauraview,Belize,2023-07-12,Standard,Google Ads,2168,803,Low,True,False
3467,Gregory Gibson-Atkinson,williamskelly@example.net,1948-04-19,Male,Lake Lawrencebury,Jamaica,2024-11-09,Business,Organic,29602,704,Medium,False,False
3468,Alexandra Ward,clarkhenry@example.net,1979-02-15,Male,Chapmanville,Egypt,2024-01-14,Standard,Google Ads,1863,696,Medium,True,False
3469,Ms Hazel Armstrong,yvonnephillips@example.net,2000-08-06,Female,Carrshire,France,2023-08-28,Standard,Referral,1892,693,Medium,True,True
3470,Deborah O'Connor,paigerussell@example.org,1997-07-06,Male,New Charlie,Bouvet Island (Bouvetoya),2025-01-29,Premium,Organic,8956,791,Low,True,False
3471,Graham Mills,robsoncarl@example.com,2000-08-06,Female,East Annette,Brunei Darussalam,2025-12-01,Premium,Referral,11535,734,Medium,True,False
3472,Dr Steven Ashton,fwilson@example.net,1952-10-09,Male,Jayneport,Lebanon,2023-08-01,Standard,Referral,3879,537,High,False,True
3473,Lee Bentley,walshdale@example.com,1946-04-04,Female,Carolynborough,Malta,2024-05-12,Standard,Google Ads,2187,670,Medium,True,False
3474,Howard Robinson,ohayes@example.org,1955-11-12,Non-Binary,West Marion,Guinea-Bissau,2023-07-30,Standard,Facebook Ads,4003,592,High,True,True
3475,Carly Jennings,saundersterry@example.org,2008-04-03,Male,Mariehaven,Burkina Faso,2025-09-13,Standard,Organic,4348,644,High,False,False
3476,Alice Chandler,eellis@example.org,1953-04-02,Male,East Leonville,Belarus,2025-04-04,Premium,Google Ads,9692,659,Medium,False,False
3477,Gemma Spencer-Williams,ubarrett@example.net,2001-09-23,Female,South Seanfurt,Albania,2025-01-28,Standard,Organic,3947,566,High,True,False
3478,Dr Geoffrey Newton,anna36@example.com,1991-07-05,Male,Lake Samanthafort,Korea,2025-08-12,Standard,Organic,4546,664,Medium,True,False
3479,Ms Natasha Reed,chadwickkarl@example.net,1975-04-26,Female,Port Zoefurt,Israel,2025-08-07,Premium,Organic,8696,760,Low,True,False
3480,Hayley Morgan,kieranball@example.net,1965-07-23,Female,Annehaven,Croatia,2024-09-24,Standard,Google Ads,2008,800,Low,True,False
3481,Steven Rose,toby70@example.net,1986-11-16,Female,Smithville,Christmas Island,2025-07-26,Premium,Organic,11280,645,High,True,True
3482,Elliot Higgins,dianejames@example.net,1987-09-22,Female,Farrellborough,Tajikistan,2023-07-14,Premium,Facebook Ads,10322,716,Medium,False,False
3483,Nathan Hall,rhenderson@example.net,1967-03-25,Male,Gemmahaven,Armenia,2026-03-16,Standard,Organic,3373,634,High,True,True
3484,Charlene Parsons-Lowe,natalie35@example.net,1955-10-02,Female,Emilymouth,Switzerland,2026-05-19,Standard,LinkedIn,4898,787,Low,True,False
3485,Alice Bell,lesley58@example.net,1968-12-26,Male,Sandraville,Grenada,2026-04-14,Premium,Referral,5838,822,Low,True,False
3486,Nicole Mann,natalie40@example.org,1973-05-19,Male,Robinsonton,Hungary,2024-02-18,Premium,Facebook Ads,10097,814,Low,True,False
3487,Nigel Higgins,jack88@example.org,1949-08-01,Female,New Annettemouth,Turkey,2024-05-05,Standard,Google Ads,3844,645,High,True,False
3488,Kirsty Poole,joan47@example.org,1990-11-12,Male,Daviestown,Senegal,2025-11-26,Standard,Organic,4417,647,High,True,False
3489,Michael Pugh,georgia28@example.net,1969-05-04,Male,New Sam,Russian Federation,2024-02-22,Standard,Referral,4845,721,Medium,True,False
3490,Dawn Osborne,owilson@example.com,1987-01-31,Female,Abdulstad,Hungary,2024-07-07,Standard,Referral,4214,701,Medium,True,False
3491,Michelle Wood-Gibson,xhamilton@example.org,1968-12-11,Male,East Tracyville,Hungary,2024-01-06,Standard,Referral,4480,692,Medium,True,False
3492,Jamie Hooper,birchjohn@example.com,1975-06-17,Female,Atkinsonfurt,Nauru,2023-12-20,Standard,LinkedIn,2983,768,Low,True,False
3493,Miss Jacqueline Ward,gordonbates@example.org,1967-09-24,Female,Marshmouth,United States Minor Outlying Islands,2023-09-15,Premium,Google Ads,9121,640,High,True,True
3494,Louise Davis,hayesleanne@example.com,1962-09-02,Female,Jennaburgh,Sri Lanka,2024-01-28,Business,Organic,26884,792,Low,True,False
3495,Keith Bray-Barton,daviesdeborah@example.org,1977-01-06,Male,South Justin,Namibia,2025-12-10,Standard,LinkedIn,2504,739,Medium,True,False
3496,Jason Shepherd-Hurst,fmatthews@example.net,1995-03-30,Male,Reedbury,Mongolia,2025-06-11,Premium,Facebook Ads,5095,850,Low,True,False
3497,Judith Foster,williamsonalexander@example.com,1994-11-09,Non-Binary,Jonesland,Algeria,2023-11-03,Premium,Organic,6142,657,Medium,True,False
3498,Dr Alan Evans,hopkinsjennifer@example.org,1999-05-08,Female,Hazelville,Heard Island and McDonald Islands,2025-03-22,Premium,Referral,6328,739,Medium,True,False
3499,Shane Hammond,craigjoan@example.com,1996-12-16,Female,Natashaside,Hungary,2026-04-15,Standard,Organic,2338,731,Medium,True,False
3500,Mr Maurice Davies,xgray@example.org,1946-07-31,Female,West Jade,Belarus,2023-09-03,Business,Facebook Ads,16463,850,Low,False,False
3501,Justin Hayes,christineflynn@example.com,1947-09-26,Male,New Abdul,Mongolia,2025-06-23,Standard,Google Ads,2391,772,Low,True,False
3502,Katherine Harris,wfinch@example.org,1966-09-29,Female,Port Stanleyshire,Greece,2026-02-18,Standard,Facebook Ads,4717,819,Low,True,False
3503,Fiona Turner,cwhitehead@example.com,2005-09-13,Male,East Patricktown,Palestinian Territory,2025-10-02,Standard,Organic,2814,599,High,True,False
3504,Lisa Davies,joseph48@example.com,1986-01-28,Female,Patrickmouth,Saint Pierre and Miquelon,2024-10-16,Standard,Referral,2384,696,Medium,True,False
3505,Dr George Doherty,cameron68@example.net,1964-12-29,Female,Sylviashire,Nauru,2024-06-29,Standard,Google Ads,3837,801,Low,True,False
3506,Lesley Smith,jyoung@example.com,1985-09-12,Female,Duncantown,Bolivia,2026-06-02,Standard,LinkedIn,2547,850,Low,True,False
3507,Sally Williams,brett28@example.org,2006-05-06,Female,North Nigelville,Niger,2025-06-12,Business,Facebook Ads,14153,576,High,True,False
3508,Dr Anthony Lawrence,jeffrey86@example.net,1963-08-19,Female,Ireneport,Kuwait,2024-02-04,Standard,Facebook Ads,2610,649,High,True,False
3509,Joanne Browne-Carter,collinsfiona@example.net,1967-12-20,Male,Kellymouth,Niger,2025-01-07,Standard,Google Ads,3877,716,Medium,True,False
3510,Kevin Griffiths,elliotsmith@example.com,2008-06-01,Male,Port Mandy,Tajikistan,2023-08-11,Standard,Organic,3852,815,Low,True,False
3511,Mr Allan Singh,ywade@example.org,1976-05-04,Male,Stonechester,Isle of Man,2025-02-08,Standard,Google Ads,2599,687,Medium,False,True
3512,Mrs Eleanor Walker,neil02@example.net,1964-06-11,Male,Jadeside,Philippines,2025-09-09,Standard,Referral,3160,700,Medium,True,False
3513,Mrs Ellie Oliver,katetomlinson@example.org,1968-05-11,Male,Humphreysbury,Sri Lanka,2025-03-04,Standard,Referral,4437,544,High,True,False
3514,Joanne Smith,haustin@example.org,2003-09-21,Male,Lake Jasonchester,Bouvet Island (Bouvetoya),2026-04-15,Premium,Organic,9734,704,Medium,True,False
3515,Dr Dawn Harrison,georginaevans@example.org,1991-07-20,Female,Wardberg,Serbia,2024-11-25,Business,Google Ads,17985,705,Medium,True,False
3516,Dr Lewis Rees,mrichards@example.net,1972-03-19,Female,Oliverburgh,Fiji,2025-03-19,Standard,Referral,2401,627,High,True,True
3517,Mr Mohamed Roberts,watkinsdonald@example.net,1991-01-13,Male,O'Brienview,Iran,2024-06-15,Business,Organic,19300,831,Low,True,False
3518,Jessica Clarke,cgreen@example.com,2001-10-07,Male,Dannyside,Heard Island and McDonald Islands,2025-06-29,Standard,Google Ads,4761,717,Medium,True,False
3519,Sandra Ryan,bruce47@example.org,2006-09-13,Male,New Elliottborough,Greenland,2024-10-30,Standard,LinkedIn,3083,795,Low,True,False
3520,Mr Steven Stevens,ann13@example.net,1953-08-11,Female,Allenton,Yemen,2025-12-12,Standard,Organic,3164,827,Low,True,False
3521,Stewart Allen,tchan@example.org,1989-09-08,Male,Port Markside,Kuwait,2026-03-16,Premium,Referral,7458,742,Medium,True,False
3522,Janice Davey,hthompson@example.net,1954-07-06,Female,Jonesburgh,Mauritius,2025-07-07,Standard,Referral,3567,621,High,True,False
3523,Stanley Ashton,robin80@example.net,1999-10-16,Female,Trevormouth,Bouvet Island (Bouvetoya),2026-03-10,Premium,Organic,7268,738,Medium,True,False
3524,Dr Trevor White,fiona66@example.net,2003-05-20,Male,Port Denis,Timor-Leste,2026-05-02,Standard,Facebook Ads,3138,757,Low,True,False
3525,Lesley Wyatt,wardcarolyn@example.org,1968-10-01,Male,Lake Normanside,British Indian Ocean Territory (Chagos Archipelago),2024-12-11,Standard,Organic,2008,728,Medium,True,False
3526,Mr Elliot Dean,heatherbennett@example.com,1977-03-24,Male,Lake Joel,Marshall Islands,2024-01-28,Standard,Organic,3865,714,Medium,True,False
3527,John Lamb,iwatson@example.com,1953-06-19,Female,North Jonathanshire,Switzerland,2025-11-14,Standard,Referral,2800,743,Medium,False,False
3528,Connor Brown-Lloyd,jkelly@example.org,1953-04-08,Male,North Deborah,Paraguay,2024-01-23,Standard,Organic,4602,714,Medium,True,True
3529,Duncan Murphy,zsimpson@example.org,1967-02-01,Male,West Gordonland,Isle of Man,2025-03-04,Premium,Referral,8403,617,High,True,False
3530,Miss Helen Sullivan,holly25@example.net,1996-01-13,Male,East Ian,Argentina,2025-03-04,Standard,Referral,4757,551,High,True,False
3531,Christopher Holmes,lindsey87@example.org,1958-08-11,Female,West Dorothyfurt,Cote d'Ivoire,2026-04-13,Standard,Referral,2041,850,Low,False,False
3532,Jason Schofield-Smith,ruthbates@example.org,1945-12-24,Male,North Christine,Slovenia,2023-09-10,Premium,Organic,10241,728,Medium,True,True
3533,Lawrence Hudson,helenrobinson@example.com,1969-01-20,Female,New Rebecca,Mauritania,2026-05-23,Standard,Organic,4184,741,Medium,True,False
3534,Stuart Grant,stewart68@example.net,1957-11-02,Female,Debraburgh,United States Minor Outlying Islands,2025-12-27,Standard,Organic,2866,596,High,False,True
3535,Beverley Taylor,zoehancock@example.org,1955-10-25,Male,Coleton,Guinea,2025-09-20,Standard,Organic,1999,739,Medium,True,True
3536,Lydia Gray,brownamber@example.org,1991-02-03,Female,South Annaland,United Arab Emirates,2025-08-10,Premium,Organic,5827,658,Medium,True,False
3537,Jill Parker,lwhittaker@example.com,1966-09-06,Female,Judithmouth,Ireland,2023-08-17,Standard,Facebook Ads,2487,782,Low,True,False
3538,Kirsty Cunningham,hroberts@example.com,1967-07-03,Male,Grayville,Philippines,2025-11-25,Standard,Organic,2317,677,Medium,True,False
3539,Tony Bibi,melanie04@example.com,1964-07-30,Female,Port Angelatown,Saint Kitts and Nevis,2025-04-14,Standard,Referral,2769,673,Medium,False,False
3540,Dennis Fisher,ubarlow@example.com,1969-12-19,Male,North Lauren,Spain,2024-05-17,Standard,Facebook Ads,4736,727,Medium,True,False
3541,Bradley Poole-Bennett,ysavage@example.org,1955-10-05,Male,North Ameliaside,Honduras,2026-01-25,Premium,Organic,10710,667,Medium,False,False
3542,Nicola Richardson,leenaomi@example.net,1961-06-25,Female,Taylorland,Zambia,2023-10-25,Standard,Google Ads,4736,748,Medium,True,False
3543,Gareth Palmer,smithtracy@example.com,1948-06-12,Female,East Janet,Belgium,2025-10-27,Standard,Organic,4708,723,Medium,True,False
3544,Anna Evans,kerry61@example.org,1955-01-02,Female,South Georgina,Solomon Islands,2025-05-10,Standard,Facebook Ads,2475,682,Medium,True,False
3545,Mr Carl Powell,martinamelia@example.org,1954-10-10,Female,Priceborough,Georgia,2023-12-03,Business,Referral,24673,694,Medium,True,False
3546,Mark Hunter,jayne32@example.net,1977-08-27,Female,Jamesmouth,Cocos (Keeling) Islands,2024-12-31,Premium,Organic,9987,571,High,True,False
3547,Louise Thorpe,hussainfiona@example.net,1998-12-13,Male,Garyhaven,Panama,2026-05-10,Premium,Organic,8672,792,Low,True,False
3548,George Henry,hbooth@example.org,1956-11-20,Male,South Marcburgh,Christmas Island,2026-01-27,Standard,Referral,4182,690,Medium,True,False
3549,Andrea Shah-Hyde,diane14@example.net,1978-06-28,Non-Binary,Heatherfurt,Pitcairn Islands,2026-05-18,Standard,Google Ads,3615,677,Medium,True,False
3550,Gerard Anderson,lynneobrien@example.com,1958-11-17,Male,South Paulineland,Chad,2025-04-12,Standard,Google Ads,4394,812,Low,True,False
3551,Ms Hollie Ahmed,sylvia85@example.org,1957-05-18,Female,Garyborough,Montenegro,2024-04-27,Standard,Google Ads,4557,796,Low,True,False
3552,Bradley Lewis,heathersaunders@example.net,1994-10-04,Male,Jamesville,Georgia,2024-12-13,Premium,Google Ads,11564,678,Medium,True,True
3553,Eileen Flynn,damien91@example.org,1980-02-14,Female,Susanstad,Gabon,2025-08-15,Premium,Referral,11180,610,High,True,False
3554,Olivia May,stevenmarshall@example.org,1985-02-10,Female,North Angelaland,Guinea-Bissau,2024-03-30,Standard,Organic,4820,707,Medium,True,True
3555,Victoria Chadwick,zholmes@example.org,1950-12-29,Female,Lake Georgina,Suriname,2026-03-01,Standard,Organic,1857,660,Medium,True,False
3556,Jordan Burgess-Taylor,davidsonmarilyn@example.net,1976-12-15,Female,South Joseph,Jersey,2024-03-23,Premium,Organic,11666,522,High,True,False
3557,Jason Scott-James,craig61@example.net,1953-08-16,Male,Franklintown,Austria,2025-07-06,Premium,Google Ads,9014,618,High,True,True
3558,Lawrence Kay-Oliver,nicholas55@example.org,1997-12-20,Male,Mariestad,Croatia,2024-07-31,Standard,Organic,4461,707,Medium,True,True
3559,Owen Potts-Adams,tinagallagher@example.org,1960-02-13,Female,Billybury,Algeria,2025-05-09,Standard,LinkedIn,3040,595,High,True,False
3560,James Moore,amandawalker@example.net,1954-09-03,Male,Kieranland,New Caledonia,2024-02-14,Standard,LinkedIn,1858,770,Low,True,False
3561,Mark Lewis,joel66@example.org,1992-08-07,Male,Lake Lynne,French Southern Territories,2023-10-12,Standard,Google Ads,2855,697,Medium,True,False
3562,Mr John Collins,lindsey05@example.org,2004-11-27,Female,Barberview,Niue,2025-05-05,Premium,Organic,8490,644,High,True,False
3563,Emily Butler,leah86@example.com,1970-10-22,Female,Lindafurt,Chad,2024-09-10,Standard,Facebook Ads,3457,541,High,False,True
3564,Louis Jones,evanstrevor@example.com,1951-03-14,Female,East Damian,Palestinian Territory,2025-11-12,Standard,Organic,3688,782,Low,True,False
3565,Mr Conor Spencer,elizabethward@example.net,2003-04-19,Non-Binary,Robinchester,Cayman Islands,2024-11-08,Standard,Google Ads,2776,732,Medium,True,False
3566,Jack Carey,paul82@example.org,1980-07-17,Female,North Charles,Korea,2026-03-29,Standard,Google Ads,4989,608,High,True,False
3567,Joseph Jones,robinsonmathew@example.com,2002-08-22,Female,North Nicoleshire,Cambodia,2024-04-24,Premium,Organic,6740,700,Medium,True,False
3568,Mr John Jones,matthewthompson@example.org,1971-09-24,Male,Port Lawrencetown,Iraq,2023-08-08,Standard,Google Ads,2652,470,High,True,True
3569,Dr Frederick Ross,suzanne26@example.net,1994-07-03,Male,Hopkinsborough,Gabon,2023-11-07,Standard,Organic,3118,633,High,False,False
3570,Gordon Gordon,mobrien@example.net,1979-05-08,Female,Hollowaystad,Mali,2024-05-18,Standard,Organic,2145,799,Low,True,False
3571,Georgia Ross-Jones,richardjohnson@example.com,1983-02-08,Female,Douglasview,Moldova,2025-02-08,Standard,Referral,2503,754,Low,True,False
3572,Jeffrey Kelly,abigailadams@example.org,1962-06-27,Female,Scottside,New Zealand,2025-03-07,Standard,Referral,2049,712,Medium,True,False
3573,Stuart Hughes,derekdavies@example.net,1983-05-03,Male,Cookeland,Syrian Arab Republic,2025-07-07,Standard,Organic,4214,774,Low,True,False
3574,Dr Carl Griffiths,dphillips@example.net,2004-10-10,Female,Port Deborahmouth,Korea,2024-12-23,Standard,Organic,2972,776,Low,True,False
3575,Cheryl Hardy-Lane,sally38@example.org,1958-09-02,Male,Joanmouth,Australia,2025-05-31,Premium,Facebook Ads,7852,698,Medium,True,False
3576,Dr Jemma Watson,roseclive@example.com,1957-02-22,Male,Timothyhaven,Mozambique,2024-04-18,Standard,Google Ads,4965,678,Medium,True,False
3577,Gregory Singh,jayjackson@example.net,1958-04-01,Female,Stephenchester,Norway,2025-05-09,Standard,Organic,4301,702,Medium,True,False
3578,Mrs Charlotte Edwards,harrywright@example.com,1949-10-27,Female,North Jeanborough,Cambodia,2025-01-08,Standard,Organic,1934,618,High,True,False
3579,Rita Foster,david41@example.com,1977-03-01,Non-Binary,Thomashaven,Grenada,2025-02-25,Premium,Organic,7987,711,Medium,True,False
3580,Miss Gemma Clark,khumphries@example.net,1975-06-27,Male,North Jacob,Chile,2025-03-14,Standard,Google Ads,2202,719,Medium,True,False
3581,Gail Gould,smithjack@example.org,1957-10-24,Female,Mahmoodside,Nepal,2026-03-26,Standard,Google Ads,2188,830,Low,True,False
3582,Alison Cook,wardpamela@example.com,1978-05-01,Male,Godfreyberg,Ukraine,2023-07-29,Business,Referral,30753,647,High,True,True
3583,Samantha Ellis,helen52@example.net,1963-09-21,Female,Rosiehaven,Samoa,2023-10-05,Premium,Organic,8645,734,Medium,True,False
3584,Kayleigh Jones,owenbenson@example.org,1977-07-04,Male,Mariaville,Cuba,2025-03-03,Standard,Organic,2789,850,Low,True,False
3585,Catherine Stokes,qcampbell@example.org,1995-06-03,Female,Huntmouth,Romania,2023-11-18,Standard,Organic,3420,684,Medium,True,False
3586,Bryan Lowe,gavintownsend@example.com,1998-09-12,Female,Maryfurt,Canada,2025-03-02,Standard,Referral,3853,806,Low,True,False
3587,Caroline Graham-Crawford,jjordan@example.net,1960-04-21,Male,Williamsland,Equatorial Guinea,2025-03-21,Business,LinkedIn,16646,538,High,True,False
3588,Dr Matthew Jones,qharvey@example.org,1991-02-13,Female,Amandachester,French Southern Territories,2024-09-10,Standard,Facebook Ads,4922,688,Medium,True,False
3589,Jasmine Mason,walshchristine@example.org,1948-04-17,Female,South Rhysbury,French Southern Territories,2025-12-24,Standard,Facebook Ads,2420,761,Low,True,False
3590,Bethany Bell,birdclive@example.com,1950-05-18,Male,South Trevormouth,Guadeloupe,2025-03-17,Standard,Facebook Ads,2968,850,Low,True,False
3591,Mathew Slater,flloyd@example.org,1968-07-26,Male,North Jeremyshire,Pakistan,2023-08-20,Standard,Referral,3594,786,Low,True,False
3592,Mark Williams,shirley44@example.net,1981-01-11,Male,Lake Damianland,Grenada,2025-03-26,Premium,Google Ads,8662,709,Medium,True,True
3593,Eileen Evans,ben44@example.net,1989-09-22,Female,Port Ryan,Heard Island and McDonald Islands,2024-04-22,Standard,Organic,2344,850,Low,True,False
3594,Eric Kirk,ianpatel@example.org,1975-03-10,Female,Fraserburgh,Japan,2024-10-28,Standard,Organic,4809,778,Low,True,True
3595,Jacob Riley,bstephens@example.com,1952-06-20,Non-Binary,New Dale,Sierra Leone,2024-03-09,Standard,Referral,2391,746,Medium,False,False
3596,Gregory Ward,dalejohn@example.net,1958-11-07,Male,South Daleside,Guernsey,2023-06-21,Premium,Google Ads,11899,561,High,True,True
3597,Donald Stewart,xday@example.com,1963-04-09,Male,New Shaneside,French Guiana,2025-04-08,Standard,Google Ads,2966,689,Medium,True,False
3598,Stewart Mistry,joe15@example.net,1981-07-01,Non-Binary,Birdborough,Sri Lanka,2023-10-16,Premium,LinkedIn,11630,701,Medium,True,True
3599,Paula Rahman,rileyscott@example.com,1950-07-26,Male,Port Albertmouth,Indonesia,2025-08-05,Premium,Google Ads,8121,656,Medium,False,False
3600,Norman Lawson,katherine86@example.com,2007-04-21,Female,Teresafurt,Philippines,2023-07-04,Standard,Organic,1924,677,Medium,True,False
3601,Donald Cunningham,bdavies@example.org,1962-04-06,Male,Hallhaven,Saint Helena,2025-02-13,Standard,LinkedIn,2231,778,Low,True,False
3602,Maurice Wright,dianapearce@example.org,1972-11-05,Female,Kathleenstad,Uruguay,2023-12-09,Premium,LinkedIn,11652,792,Low,True,False
3603,Joanna Dunn,rwatts@example.net,1956-07-06,Female,North Jeffrey,Malawi,2025-01-29,Premium,Organic,7815,612,High,True,False
3604,Ms Diana Ryan,rachael34@example.com,1981-04-07,Female,Dobsonton,Zimbabwe,2023-09-23,Standard,Referral,2904,622,High,True,True
3605,Beverley Jennings-Williams,batesalice@example.org,1990-11-12,Male,East Eric,Timor-Leste,2025-04-13,Standard,Organic,3613,802,Low,True,False
3606,Suzanne Barnes,pagelauren@example.com,2005-02-03,Non-Binary,Evanshaven,Gibraltar,2025-09-29,Premium,Google Ads,6251,690,Medium,True,False
3607,Miss Mary Parker,aaron59@example.net,1981-06-10,Female,Port Alanmouth,Somalia,2025-01-20,Business,Google Ads,13778,622,High,False,False
3608,Gerald Walker,thomas59@example.net,1952-03-16,Female,Connollyshire,Bangladesh,2025-07-02,Standard,Organic,3126,536,High,False,False
3609,Dr Scott Baker,dwhite@example.net,2001-05-10,Male,Lake Gailside,Tanzania,2025-08-13,Standard,Organic,2290,813,Low,True,True
3610,Scott Manning-Davies,fallen@example.com,2006-10-09,Male,West Owen,Bermuda,2024-02-16,Standard,Google Ads,3464,733,Medium,True,False
3611,Elaine Smith,vanessa18@example.net,2002-01-05,Male,Leonardtown,Lebanon,2025-07-15,Standard,Referral,3704,708,Medium,True,False
3612,Allan Henry,scottgeorgia@example.net,1982-01-08,Male,Newmanhaven,Ghana,2023-07-07,Standard,Referral,4632,850,Low,True,False
3613,Kieran Davidson,mathewjohnson@example.net,1954-03-29,Male,Port Malcolmhaven,Burkina Faso,2025-10-31,Premium,Organic,9428,678,Medium,True,True
3614,Gregory O'Connor,edwardskatherine@example.org,2007-06-17,Male,Brucechester,Sierra Leone,2025-12-30,Standard,Organic,4991,850,Low,True,False
3615,Mr Leonard Horton,vcarey@example.com,1970-02-11,Female,Mathewview,Bangladesh,2025-12-15,Standard,Organic,3379,709,Medium,True,False
3616,Mary Morris,deniseleonard@example.com,1999-01-15,Male,East Bernard,Comoros,2024-04-27,Standard,LinkedIn,3513,706,Medium,True,True
3617,Georgina Foster,arobinson@example.com,2004-03-05,Male,Carrmouth,Nicaragua,2024-08-26,Premium,Referral,11325,757,Low,True,False
3618,Dr Raymond Ryan,hbryant@example.com,1990-04-27,Female,Chapmanton,Burkina Faso,2025-09-26,Premium,Organic,11185,694,Medium,True,False
3619,Kim Gibson,parkerjulie@example.org,1966-07-11,Male,Hortonland,Somalia,2023-12-01,Standard,Organic,4115,789,Low,True,False
3620,Joanna Buckley,laurenpatel@example.org,1946-02-25,Female,North Mandy,Portugal,2024-06-25,Standard,LinkedIn,2581,647,High,True,False
3621,Dr Anne Henry,billyfaulkner@example.com,1991-01-30,Male,East Kennethton,Dominican Republic,2024-10-22,Standard,Facebook Ads,3117,625,High,True,False
3622,Tina Fletcher-Lewis,amitchell@example.com,1994-01-02,Male,West Dale,Uruguay,2026-02-25,Standard,Facebook Ads,4394,768,Low,True,False
3623,Raymond Brown,sianholden@example.org,1993-10-04,Male,Lake Georginaton,China,2023-11-10,Standard,Referral,4847,483,High,True,False
3624,Miss Beth Thompson,rthomson@example.org,1991-10-20,Male,Lake Nicoleborough,Jersey,2023-09-02,Standard,Organic,2047,753,Low,True,False
3625,Ms Mandy Bevan,qrees@example.org,1973-07-08,Male,New Victoriaberg,Lebanon,2023-10-31,Standard,Google Ads,4885,745,Medium,True,False
3626,Angela Thompson,nicole29@example.org,1962-04-30,Male,Hughesberg,Timor-Leste,2026-02-24,Standard,Facebook Ads,3638,656,Medium,True,False
3627,Carole Ford,walshcarly@example.net,1965-08-18,Female,North Ashleyview,Gibraltar,2024-09-22,Standard,Organic,3048,682,Medium,True,True
3628,Sara Williams,owenjanice@example.net,1983-03-12,Female,Lake Fiona,Pitcairn Islands,2025-08-24,Business,Facebook Ads,33139,720,Medium,True,False
3629,Mrs Irene Davies,alisonparsons@example.com,1971-04-04,Female,Kevinfurt,Brazil,2024-10-30,Standard,Referral,3296,704,Medium,True,False
3630,Carly Palmer-Evans,osullivanharriet@example.net,1976-06-14,Male,Port Claireville,French Guiana,2025-07-07,Premium,LinkedIn,11261,684,Medium,True,False
3631,Kieran Bolton,patricia70@example.org,1975-04-17,Male,Joeburgh,Dominican Republic,2024-08-18,Standard,Facebook Ads,4520,627,High,True,True
3632,Mr Shaun Griffiths,uthompson@example.com,1966-06-23,Female,Hughesberg,Nigeria,2025-03-10,Standard,Facebook Ads,3588,680,Medium,False,False
3633,Naomi Jones,bernardrobinson@example.org,1951-04-06,Female,West Marieside,Saint Kitts and Nevis,2024-01-21,Premium,Organic,11379,666,Medium,True,True
3634,Miss Rita Joyce,justingriffiths@example.net,1967-04-24,Female,Lake Garryhaven,Namibia,2025-03-24,Standard,Google Ads,3303,753,Low,True,False
3635,Albert Shaw,adam31@example.org,1957-12-20,Female,Rogerschester,Seychelles,2024-03-16,Premium,Facebook Ads,10859,618,High,True,False
3636,Naomi Martin,porteralexander@example.net,1985-07-29,Female,West Guychester,Isle of Man,2026-06-06,Standard,Referral,2335,737,Medium,True,False
3637,Dr Christopher Dean,sharon77@example.org,1984-07-22,Female,Denniston,Bolivia,2024-03-27,Premium,Google Ads,11811,712,Medium,True,False
3638,Ms Marian Humphries,andersongrace@example.com,2006-05-03,Non-Binary,New Eileenfurt,Nigeria,2025-05-18,Standard,Organic,3248,724,Medium,False,False
3639,Carl Turner,jaymartin@example.org,1987-10-18,Female,Evansmouth,Tunisia,2024-09-30,Standard,Google Ads,4249,837,Low,False,False
3640,Dr Victoria Wright,ehanson@example.org,1982-04-22,Female,Perkinsshire,Faroe Islands,2023-07-27,Premium,Facebook Ads,11801,594,High,True,False
3641,Alex Barton,donnafarmer@example.net,1969-11-10,Female,West Connorfort,Micronesia,2024-07-03,Premium,Facebook Ads,8463,794,Low,True,False
3642,Lisa Kelly,natashahill@example.org,1972-07-03,Non-Binary,Port Mohammed,Azerbaijan,2023-07-10,Standard,Organic,2317,773,Low,False,False
3643,Ashley Parker,aholloway@example.net,1980-04-24,Male,North Kimberleyville,Albania,2026-04-08,Standard,Google Ads,2497,697,Medium,True,False
3644,Ricky Arnold,jemmadavies@example.com,1957-01-19,Male,West Rachelburgh,Bahamas,2024-04-04,Standard,Referral,3166,815,Low,False,False
3645,Dorothy Jones,carl18@example.org,1965-12-24,Female,Roweberg,United States Virgin Islands,2025-04-24,Standard,Google Ads,2103,679,Medium,True,False
3646,Miss Natasha Ashton,lynn61@example.org,1983-08-27,Female,Paulastad,American Samoa,2024-05-01,Standard,Organic,2772,514,High,True,False
3647,Caroline Kirby,fletcherjason@example.org,1947-02-09,Female,Lake Hollie,Finland,2024-10-30,Standard,Organic,2390,823,Low,True,False
3648,Rebecca Bell-Dixon,xbarber@example.net,1982-12-25,Female,Farrellside,Bulgaria,2023-11-10,Standard,Organic,3828,689,Medium,True,False
3649,Ashley Clark-Elliott,gpayne@example.org,1953-02-15,Male,West Jennifer,Chad,2025-02-27,Premium,Google Ads,10981,674,Medium,True,False
3650,Dr Roy Morris,hollybrown@example.net,1989-12-04,Female,Port Gary,Mauritius,2025-11-13,Standard,Organic,4843,605,High,True,False
3651,Clifford Hill,mbarnes@example.com,2001-08-26,Female,Lake Raymond,Korea,2026-06-01,Standard,Google Ads,2000,716,Medium,True,True
3652,Andrea Begum,danny26@example.org,2007-10-02,Male,New Howardland,Andorra,2026-04-16,Standard,LinkedIn,2670,741,Medium,True,False
3653,Lauren Williams,marc19@example.org,1983-02-11,Female,Stoneshire,Azerbaijan,2025-06-22,Standard,Google Ads,3303,580,High,True,False
3654,Timothy Atkinson,shooper@example.net,2002-03-15,Female,East Debra,New Zealand,2026-04-03,Business,Organic,28830,777,Low,True,False
3655,Dr Nathan Nicholson,dominic36@example.org,1966-02-05,Female,South Edwardchester,Zambia,2023-08-02,Standard,Referral,4455,557,High,True,True
3656,Josh Fletcher,whicks@example.net,2003-12-01,Non-Binary,Leonchester,Kazakhstan,2024-11-02,Standard,Referral,2187,681,Medium,True,True
3657,Miss Dawn Davis,ryanbarton@example.com,1961-07-24,Female,New Marcuschester,Saudi Arabia,2023-07-19,Standard,LinkedIn,2256,760,Low,True,False
3658,Phillip Hayes-Carter,pamelaconnor@example.net,1975-01-13,Male,Davieshaven,Iceland,2025-06-29,Standard,Organic,2296,653,Medium,True,False
3659,Rachel Lucas,chodgson@example.com,1990-05-19,Female,New Luke,Morocco,2023-10-19,Standard,LinkedIn,3180,764,Low,True,False
3660,Kelly Johnson,richardwatson@example.org,1980-12-23,Female,Brettfort,Senegal,2025-10-02,Standard,Organic,4802,745,Medium,True,True
3661,Dr Lisa Martin,knightrachael@example.com,1960-07-20,Female,Maureenbury,Namibia,2025-04-19,Standard,Organic,3984,668,Medium,True,True
3662,Miss Irene Moore,smithjayne@example.net,1961-09-08,Male,South Kimberleyfort,Cayman Islands,2023-09-10,Standard,Facebook Ads,2605,685,Medium,True,False
3663,Dr Gavin Dobson,xarcher@example.org,1980-09-25,Male,East Beth,Ecuador,2026-02-09,Standard,LinkedIn,3749,753,Low,True,False
3664,Kim Atkinson,alanrobinson@example.com,1956-09-03,Male,East Cliveberg,Maldives,2025-03-23,Standard,Referral,3702,692,Medium,True,False
3665,Aimee Bailey-Thompson,ghall@example.net,1973-03-26,Female,Stuartfurt,Argentina,2023-11-24,Standard,Organic,4170,803,Low,False,False
3666,Patricia Davies,reedlydia@example.com,1947-06-10,Male,West Nigelview,Japan,2026-02-27,Standard,Organic,2132,603,High,True,False
3667,Tina Bradshaw,brownstacey@example.org,1997-08-10,Female,Port Donnamouth,Slovakia (Slovak Republic),2024-02-04,Standard,Referral,3791,715,Medium,True,False
3668,Annette Thomas,rhurst@example.net,2007-02-22,Male,New Angelachester,Canada,2023-10-31,Premium,Referral,5229,554,High,True,False
3669,Natasha Dixon,dholden@example.org,1967-09-06,Female,New Martynville,Norfolk Island,2025-10-06,Premium,Google Ads,6104,731,Medium,True,True
3670,Stewart Chandler,reedkate@example.org,1960-09-19,Female,South Antonybury,Latvia,2023-07-22,Standard,Referral,4153,760,Low,True,False
3671,Mr Howard Murphy,taylorconnor@example.org,2002-07-08,Female,South Dianachester,Congo,2025-01-15,Premium,Facebook Ads,6593,780,Low,True,False
3672,Susan Parkin-Russell,idixon@example.com,1983-03-03,Female,Lyndabury,Comoros,2024-09-12,Standard,LinkedIn,4324,764,Low,False,False
3673,William Mills,ahamilton@example.net,1966-03-05,Male,Westtown,Gambia,2023-08-12,Standard,Google Ads,3165,661,Medium,True,False
3674,Ann Scott,drichardson@example.net,2008-05-06,Female,Marshallhaven,Ukraine,2023-09-05,Standard,Organic,2441,812,Low,True,False
3675,Marcus White,robinsoncameron@example.com,1945-08-16,Female,North Elliot,Taiwan,2024-08-07,Standard,Referral,4453,602,High,True,False
3676,Miss Holly Cook,stanleynicole@example.com,1986-07-30,Male,New Nicholasburgh,Maldives,2023-11-25,Standard,Google Ads,4594,777,Low,True,False
3677,Ms Chloe Lloyd,abdulmiller@example.com,1955-04-08,Female,East Abbiechester,Georgia,2024-01-05,Standard,Google Ads,4173,627,High,True,False
3678,Abdul Bray,spencerjulie@example.org,1964-07-12,Male,South Owenview,Seychelles,2025-03-27,Standard,Referral,4245,643,High,True,False
3679,William Parker-Davis,roy72@example.net,1994-05-19,Male,West Georgina,Greece,2023-10-03,Premium,Organic,7343,752,Low,True,False
3680,Francis Stevens,jasoncraig@example.net,1999-04-21,Female,West Daniel,Mozambique,2025-08-15,Standard,Facebook Ads,2822,341,High,True,False
3681,Dr Garry Evans,leslie09@example.com,1975-06-17,Male,Lake Dawnstad,Germany,2023-10-16,Premium,LinkedIn,5629,561,High,True,False
3682,Michael Harris,smithdiane@example.com,1995-05-30,Male,North Hilaryfort,Bosnia and Herzegovina,2026-03-06,Premium,Organic,7400,559,High,True,False
3683,Mr Martyn Cooper,zoe34@example.org,1976-05-20,Male,Port Dorothy,Pitcairn Islands,2025-04-21,Standard,Organic,2633,666,Medium,True,False
3684,Mr Liam Murphy,fmorris@example.org,1993-10-10,Female,New Jessica,Sudan,2023-12-16,Standard,Referral,3641,764,Low,True,False
3685,Steven Jackson-Morris,kathrynellis@example.org,1990-05-27,Male,New Mohammed,Mexico,2026-03-05,Standard,Google Ads,3442,614,High,False,False
3686,Wendy Lloyd,lisa89@example.org,1957-10-30,Male,Joneschester,North Macedonia,2025-10-28,Standard,Organic,2451,689,Medium,True,True
3687,Ricky Parker-Patel,michael71@example.net,2003-10-24,Male,East Chelseaburgh,Antarctica (the territory South of 60 deg S),2026-06-02,Standard,Referral,2555,734,Medium,True,False
3688,Mathew Grant,rhammond@example.net,1983-07-25,Female,Smithmouth,Malawi,2025-07-05,Standard,Organic,2261,661,Medium,True,False
3689,Miss Natalie Macdonald,bscott@example.com,1997-05-28,Male,Port Anthony,Bhutan,2026-04-15,Standard,Organic,2401,560,High,True,False
3690,Jessica Woodward,kking@example.com,1961-04-10,Male,Ashleybury,Slovenia,2024-05-25,Standard,Facebook Ads,2447,813,Low,True,False
3691,Hannah Whittaker,evansdouglas@example.com,1952-02-19,Female,Port Tom,Sri Lanka,2024-05-01,Standard,Referral,3556,738,Medium,True,True
3692,Amanda Williams,kennethbruce@example.net,1948-01-30,Female,Smithmouth,Tonga,2023-10-13,Standard,Referral,4748,594,High,True,False
3693,Irene Allen,fishermitchell@example.org,1982-08-12,Male,West Jake,Denmark,2024-10-12,Standard,Facebook Ads,1951,691,Medium,True,False
3694,Joel Jackson,marc89@example.net,1982-12-02,Female,Hudsonhaven,Paraguay,2023-09-28,Standard,Organic,4003,592,High,True,False
3695,Aimee Newton-Willis,gerardjackson@example.com,1960-02-17,Female,Bennetttown,Turkmenistan,2023-10-25,Premium,Referral,10333,845,Low,True,False
3696,Leslie Blake,carl18@example.com,1986-02-07,Male,West Jennifer,Tonga,2025-08-17,Business,Google Ads,17618,636,High,True,False
3697,Dr Diana Davies,norrisgraham@example.net,1971-07-10,Male,West Joeborough,Greece,2024-02-28,Standard,Organic,3481,832,Low,True,False
3698,Shaun Glover,iryan@example.org,1985-03-29,Male,Marsdenmouth,Cyprus,2026-01-15,Standard,Facebook Ads,4606,789,Low,False,False
3699,Katy Ellis,scole@example.org,1955-01-22,Male,East Barryside,Turkmenistan,2023-12-07,Standard,Organic,3571,792,Low,False,False
3700,Shane Dawson,carlryan@example.net,1960-08-11,Male,Christianhaven,Equatorial Guinea,2025-06-10,Standard,Referral,4775,810,Low,True,False
3701,Adam Hall-Matthews,rachael08@example.com,1970-02-05,Male,Kieranburgh,Tuvalu,2025-08-23,Standard,LinkedIn,4420,718,Medium,True,True
3702,Garry Thomas-Fowler,kellygerald@example.net,1981-05-06,Female,South Maria,Niue,2026-05-02,Standard,LinkedIn,2400,680,Medium,True,False
3703,Mr Adrian Hill,daviesshirley@example.net,1967-02-08,Female,Lake Abigail,Christmas Island,2025-04-12,Premium,Organic,6019,693,Medium,True,False
3704,Shaun Harvey-Humphries,chelsea29@example.com,1993-05-16,Male,Ahmedberg,Nepal,2023-09-12,Premium,Organic,8332,738,Medium,True,False
3705,Dr Damien Browne,jonathan43@example.net,1996-06-26,Male,Martynville,Togo,2025-03-15,Standard,LinkedIn,4302,850,Low,True,False
3706,Mrs Kate Bishop,jayneburton@example.org,1957-11-05,Female,Phillipstown,Marshall Islands,2023-10-09,Standard,Facebook Ads,3793,744,Medium,True,False
3707,Mohamed Stevenson,keith27@example.org,1986-09-29,Male,Lake Jason,Rwanda,2025-01-03,Standard,Referral,3215,752,Low,True,False
3708,Damien Hancock-Thomas,vpearson@example.net,1952-03-29,Female,Harrisonborough,Liberia,2025-03-29,Standard,Referral,2398,674,Medium,True,False
3709,Abdul Hodgson,gregorytaylor@example.net,1963-12-16,Female,Alexandrastad,Cambodia,2023-07-31,Business,Organic,14683,727,Medium,True,False
3710,Ms Claire Pratt,bryan80@example.org,1959-09-26,Male,Port Charlesmouth,Tonga,2024-09-14,Standard,Google Ads,3133,761,Low,True,False
3711,Jemma Rose,qwells@example.com,1951-08-04,Female,Maryview,Cameroon,2026-03-06,Premium,Organic,8157,692,Medium,True,False
3712,Antony Moore,ruthosborne@example.org,1967-04-26,Male,North Mohamedview,Guadeloupe,2025-02-07,Standard,Organic,4266,596,High,True,False
3713,Kayleigh Reid,hutchinsoncarly@example.com,1981-10-09,Male,West Lynnhaven,Armenia,2025-12-23,Premium,Google Ads,6722,696,Medium,True,False
3714,Ross Shaw,ekemp@example.com,1989-02-06,Male,West Max,Moldova,2025-11-18,Standard,Organic,2514,731,Medium,False,False
3715,Dr Andrea Wilson,zali@example.net,1982-07-14,Female,West Karl,Ireland,2024-06-27,Standard,Google Ads,2282,700,Medium,True,False
3716,Carole Buckley,rogersjennifer@example.net,1997-06-30,Female,West Patrick,Denmark,2026-01-01,Standard,Google Ads,3860,743,Medium,True,True
3717,Yvonne Duffy,stephanieoliver@example.com,2004-12-07,Male,New Jacob,Indonesia,2024-04-09,Standard,Organic,2417,615,High,True,False
3718,Stuart Williams,mhowells@example.com,1950-10-31,Female,Kayleighport,Guyana,2025-09-28,Standard,Referral,2698,727,Medium,True,True
3719,Janet Doyle,dianerogers@example.org,1958-11-13,Male,Mossmouth,Haiti,2024-09-26,Premium,Organic,9045,653,Medium,False,False
3720,Declan Johnson-Sharpe,debraharrison@example.org,2000-04-06,Male,Lake Lorraine,Kazakhstan,2025-10-16,Standard,Google Ads,3290,651,Medium,True,False
3721,Charlie Barton,hayley91@example.org,1971-05-05,Female,Port Paigeborough,Namibia,2023-06-21,Premium,Facebook Ads,9546,631,High,True,True
3722,Norman Mitchell,wdavis@example.org,1951-12-28,Female,West Danielleland,French Polynesia,2023-10-17,Standard,Organic,3295,613,High,True,False
3723,Wayne Khan,denisegriffin@example.net,2001-06-11,Male,North Eileenborough,Vanuatu,2026-02-28,Standard,Google Ads,2506,637,High,True,False
3724,Jill Ward,karenmorgan@example.org,1984-02-03,Female,Francisfurt,Kenya,2025-01-31,Business,Google Ads,26301,604,High,True,False
3725,Kathleen Taylor,rowealexander@example.org,1998-02-14,Male,South Rachel,Serbia,2025-03-27,Standard,LinkedIn,2543,573,High,True,False
3726,Patrick Green,leerosemary@example.net,1991-03-27,Female,Geoffreyberg,Marshall Islands,2025-05-14,Premium,LinkedIn,11480,605,High,True,False
3727,Anne Davies-Davey,claire76@example.com,2001-05-26,Male,South Ronald,Botswana,2025-12-15,Standard,Facebook Ads,4901,668,Medium,True,False
3728,Richard Wilkinson,ffrost@example.org,1948-05-27,Female,North Chelseahaven,Belarus,2025-04-16,Standard,Google Ads,4778,730,Medium,True,False
3729,Mr Douglas Banks,karentyler@example.net,1993-07-28,Female,East Lydiabury,Anguilla,2025-06-12,Standard,Referral,2070,744,Medium,True,False
3730,Sally Patel,mohamed53@example.net,1986-06-10,Female,East Clarebury,French Guiana,2025-02-10,Standard,Referral,2160,656,Medium,True,False
3731,June Hayes,ritarees@example.org,1960-04-23,Male,New Brian,Rwanda,2023-07-11,Standard,Referral,3434,672,Medium,True,False
3732,Hazel Butler,benjenkins@example.org,1992-01-01,Male,Port Ross,Guyana,2026-04-04,Standard,Google Ads,4723,763,Low,False,False
3733,Patrick Woods,lindajones@example.net,1960-05-12,Male,Brianbury,Ethiopia,2024-04-07,Standard,Organic,3198,751,Low,True,False
3734,Jonathan Brown,mooregeorgina@example.net,2000-08-07,Male,Cartermouth,Serbia,2025-09-13,Standard,Google Ads,3115,850,Low,True,False
3735,Sharon Wright,ritawest@example.org,1964-03-03,Female,Bryanshire,Vietnam,2024-09-15,Premium,Facebook Ads,11992,843,Low,True,False
3736,Adam Ryan,angeladaly@example.org,1991-06-15,Female,West Sarah,Wallis and Futuna,2026-03-21,Standard,Referral,3150,663,Medium,False,False
3737,Matthew Wilson,johnscott@example.com,1997-12-21,Male,East Emma,Norfolk Island,2025-09-17,Standard,Google Ads,3374,692,Medium,True,False
3738,Jacob John,dowen@example.com,1994-09-22,Male,Owensshire,France,2025-05-21,Standard,Organic,4819,567,High,False,False
3739,Robert Thompson,gemma65@example.net,1963-12-03,Non-Binary,Stewartborough,Kazakhstan,2026-06-11,Premium,Facebook Ads,6434,790,Low,True,False
3740,Stephanie Williams,carlyroberts@example.net,1963-06-24,Female,East Markstad,United States Virgin Islands,2024-10-21,Standard,Organic,2256,671,Medium,True,False
3741,Mr Alexander Griffiths,janice28@example.com,1950-01-20,Female,Karenmouth,Christmas Island,2024-05-13,Standard,Referral,4445,733,Medium,True,False
3742,Paul Hartley,gavindavies@example.net,1965-05-10,Female,South Elliot,Guadeloupe,2025-11-03,Standard,Organic,2251,530,High,True,False
3743,Dominic Brown,michelle37@example.com,1970-06-11,Male,New Rossside,Morocco,2026-02-27,Standard,Facebook Ads,1800,833,Low,True,False
3744,Gavin Welch,iqbalrussell@example.net,1958-01-05,Male,New Marc,Antigua and Barbuda,2023-10-12,Standard,Google Ads,3030,717,Medium,False,False
3745,Irene Palmer,melissabutler@example.com,1950-10-17,Male,North Rachaelton,Northern Mariana Islands,2023-11-17,Standard,LinkedIn,2539,714,Medium,True,False
3746,Jodie Bruce,harrykelly@example.com,2001-04-24,Non-Binary,New Claireberg,Djibouti,2025-09-01,Standard,Organic,3381,683,Medium,True,False
3747,Ms Sara Khan,wilkinsonantony@example.net,1970-07-07,Female,Hallmouth,Japan,2025-02-23,Standard,Organic,2912,766,Low,True,False
3748,Mr Dale Burrows,xmorris@example.com,1954-12-23,Male,Barkerhaven,Vanuatu,2024-05-05,Standard,Referral,2135,686,Medium,True,False
3749,Donna Parkinson-Henry,graham24@example.net,1951-04-10,Female,East Helenberg,Christmas Island,2025-01-08,Standard,Google Ads,2307,819,Low,True,False
3750,Mr Kenneth Brown,griffithsluke@example.net,1976-10-02,Male,Thomasfurt,Pakistan,2024-08-26,Standard,Referral,3022,756,Low,False,False
3751,Allan Roberts-Bailey,jriley@example.org,1950-08-09,Female,Port Jessica,Northern Mariana Islands,2025-08-06,Premium,LinkedIn,5540,736,Medium,True,False
3752,Lorraine Jones,abbottlawrence@example.org,2000-01-23,Male,Howardstad,Egypt,2025-09-16,Standard,LinkedIn,4179,721,Medium,True,False
3753,Dr Ben Hamilton,thomaspaula@example.com,1980-02-24,Male,Mohammadmouth,Sri Lanka,2023-10-01,Standard,Referral,3094,556,High,True,False
3754,Robin Cartwright,joanharris@example.net,1975-03-17,Female,Fisherberg,Jersey,2023-11-13,Standard,Google Ads,4858,621,High,False,False
3755,Mr Edward Howells,vburgess@example.org,2003-09-02,Female,Lake Deborahmouth,Guadeloupe,2025-03-22,Standard,Organic,4392,717,Medium,True,False
3756,Alexander Smith,williamlewis@example.com,1979-10-02,Male,Lake Hazelshire,Niger,2023-07-23,Premium,Facebook Ads,5819,776,Low,True,False
3757,Dorothy Smith,denisparker@example.net,2007-02-15,Female,Rowleystad,Marshall Islands,2024-03-28,Standard,LinkedIn,2895,623,High,True,False
3758,Owen Hodgson,jayne93@example.com,1963-12-03,Male,South Henryberg,Croatia,2024-08-12,Standard,Organic,3633,758,Low,True,False
3759,Ronald Davis,wshah@example.org,2005-09-08,Female,New Marilyn,Romania,2023-07-19,Standard,Organic,3835,654,Medium,True,False
3760,Dr Lydia Arnold,phillipsstanley@example.com,1981-12-29,Female,Port Henrybury,Sri Lanka,2023-06-15,Standard,Referral,4517,810,Low,True,False
3761,Mr Denis Davies,syoung@example.org,1972-08-13,Female,Harrisonmouth,Liberia,2025-11-25,Standard,Referral,2647,724,Medium,False,False
3762,Allan Swift,samuel25@example.net,2001-01-05,Male,Lake Donaldview,Senegal,2025-10-18,Standard,Google Ads,1919,725,Medium,True,True
3763,Dorothy Gibbons-Wright,acampbell@example.net,1957-03-10,Male,South Tinatown,Dominica,2024-05-06,Standard,Referral,2193,673,Medium,True,False
3764,Gail Marsh,khanreece@example.com,1952-04-16,Male,North Georginaberg,Tokelau,2024-11-06,Premium,Google Ads,5743,734,Medium,True,False
3765,Mr Michael John,teresa92@example.net,1978-03-26,Non-Binary,Annafurt,United States of America,2026-05-17,Standard,Facebook Ads,4501,582,High,True,True
3766,Ricky Scott,holly45@example.net,1965-10-14,Male,Hussainport,Netherlands Antilles,2024-06-17,Premium,Organic,5164,776,Low,True,False
3767,Lindsey Fuller,vatkinson@example.com,1985-01-20,Female,Swiftfort,Cape Verde,2023-10-05,Standard,Referral,1900,850,Low,True,False
3768,Danny Swift,karl02@example.org,1961-01-12,Female,East Cheryl,Switzerland,2025-01-20,Business,Facebook Ads,22878,657,Medium,True,False
3769,Diane Bates,leonardrichards@example.net,1954-06-02,Female,North Daniel,Tokelau,2026-06-11,Standard,Organic,3512,556,High,True,False
3770,Richard Weston-Baldwin,barlowjamie@example.org,1966-09-12,Male,Lake Iain,Congo,2025-09-04,Premium,Organic,8685,586,High,False,False
3771,Jacob Rose,davidsoncameron@example.org,1952-05-29,Male,Justinberg,China,2026-04-25,Premium,LinkedIn,6728,702,Medium,True,False
3772,Leah Collins,kwoodward@example.com,1990-12-21,Male,North Dannyland,Korea,2024-05-05,Standard,Organic,2583,611,High,True,False
3773,Holly Skinner,nicholasrowe@example.com,1985-10-11,Female,Normanshire,Samoa,2025-05-03,Standard,Referral,4318,830,Low,True,False
3774,Mr Leigh Nicholls,reecepotter@example.com,1963-01-28,Female,Taylorton,Morocco,2024-04-12,Premium,Google Ads,9616,624,High,True,False
3775,Hayley Taylor,sophiemorrison@example.com,2003-03-07,Male,North Paigeberg,South Georgia and the South Sandwich Islands,2025-07-05,Premium,Organic,6014,788,Low,False,False
3776,Mrs Janice Williams,robert12@example.org,1965-10-08,Female,Lake Michellebury,El Salvador,2023-10-26,Standard,Referral,3443,740,Medium,True,True
3777,Maureen Hunt,kbarnes@example.org,1984-10-07,Male,West Tracy,Montenegro,2026-04-14,Standard,Google Ads,3275,664,Medium,True,True
3778,Diane Barton,pmason@example.net,1961-08-04,Male,New Glenn,Iraq,2026-05-16,Standard,Referral,4130,686,Medium,True,False
3779,Mrs Pamela Martin,hilarywalters@example.org,2005-04-14,Female,Lake Susan,Botswana,2025-03-23,Premium,Facebook Ads,6637,680,Medium,True,False
3780,Judith Mitchell,bthomas@example.net,1970-06-19,Male,New Kerry,Heard Island and McDonald Islands,2023-11-27,Standard,Google Ads,4198,668,Medium,True,False
3781,Jeffrey Hunt,ambermcdonald@example.net,1948-06-25,Female,West Vanessaport,Malawi,2023-08-19,Premium,Google Ads,7134,700,Medium,True,False
3782,Craig Moore,herbertdale@example.org,1955-08-26,Female,South Donnaton,Taiwan,2026-03-29,Standard,Referral,4953,710,Medium,True,False
3783,Dr Kenneth Barber,martinaaron@example.org,1997-11-04,Female,Haynesland,Romania,2025-01-26,Standard,Referral,1931,660,Medium,True,False
3784,Dr Scott Browne,janicehill@example.net,2001-10-24,Female,Lake Kevinburgh,British Virgin Islands,2024-06-03,Standard,Google Ads,2514,659,Medium,True,False
3785,Michael Powell,hbrookes@example.net,1977-07-25,Female,West Karen,Comoros,2024-08-29,Premium,Google Ads,10820,626,High,True,True
3786,Josephine Robson,sharonturner@example.net,1959-03-14,Male,Fergusontown,Turkey,2024-01-21,Standard,Organic,3328,775,Low,True,False
3787,Kenneth Walsh,marilyn74@example.com,1966-05-20,Female,Lake Melanie,Cuba,2024-12-04,Standard,Referral,4844,757,Low,True,False
3788,Naomi Wood,gallagherrhys@example.org,1986-02-25,Female,Lake Jadebury,Cocos (Keeling) Islands,2024-04-20,Standard,Organic,3027,714,Medium,True,False
3789,Dr Bradley White,lewisjennifer@example.com,1955-10-30,Female,Douglaschester,Egypt,2024-03-01,Standard,Google Ads,2791,678,Medium,True,True
3790,Dr Jordan Donnelly,qwatson@example.net,1967-07-19,Female,South Philipberg,Italy,2023-08-24,Standard,Google Ads,3985,815,Low,True,False
3791,Frances Smith-Taylor,vwood@example.net,2001-09-11,Male,New Brendaberg,Tanzania,2025-04-02,Standard,LinkedIn,2654,792,Low,True,False
3792,Dr Hollie Taylor,yvonne69@example.net,1951-11-16,Non-Binary,Petersberg,Papua New Guinea,2025-03-24,Premium,Facebook Ads,10591,801,Low,True,False
3793,Dr Shane Middleton,frankedwards@example.net,1953-05-08,Female,Lake Francisberg,Christmas Island,2024-06-28,Premium,Google Ads,9709,721,Medium,True,False
3794,Trevor Nicholson,elaine16@example.net,1967-08-03,Female,West Sarafurt,Myanmar,2024-09-09,Standard,Referral,2745,850,Low,True,False
3795,Zoe Mason,kirstyroberts@example.org,2008-01-24,Female,Lake Nicholasville,Bhutan,2026-03-05,Standard,Facebook Ads,1935,691,Medium,True,True
3796,Mrs Angela Marshall,berryterry@example.com,1966-03-19,Male,West Aimee,Falkland Islands (Malvinas),2025-12-10,Standard,Referral,2748,694,Medium,True,False
3797,Kayleigh Harvey,lhowell@example.com,1982-04-22,Female,Kayleighfurt,Georgia,2024-09-17,Premium,Organic,7614,748,Medium,True,False
3798,Shirley Powell,ryanwalton@example.net,1979-04-17,Female,Jordanmouth,Korea,2025-10-18,Premium,Google Ads,8334,850,Low,True,False
3799,Gail Talbot,bradleyjones@example.org,1975-03-14,Male,South Hayley,Australia,2024-09-02,Standard,Google Ads,2170,643,High,False,False
3800,Dr Russell Williams,jenningsdorothy@example.com,1990-05-25,Male,South Jeremy,Spain,2024-07-26,Standard,Referral,2761,744,Medium,True,False
3801,Dr Victor Burgess,clive01@example.com,1969-11-10,Female,New Henryfort,Saint Kitts and Nevis,2024-08-02,Premium,Organic,9893,792,Low,True,False
3802,Miss Victoria Slater,diana28@example.com,1969-05-06,Male,Lake Dennischester,Benin,2023-07-12,Standard,Facebook Ads,4013,782,Low,True,False
3803,Matthew Davies,pkhan@example.com,1972-04-26,Male,Bartonfurt,Solomon Islands,2025-07-26,Premium,Referral,6889,636,High,True,False
3804,Dr Josephine Vaughan,donaldpage@example.org,1995-04-27,Female,Hallburgh,Burundi,2025-08-22,Business,Organic,13643,727,Medium,True,False
3805,Margaret Willis,mooreabdul@example.com,1981-10-26,Male,West Barbara,Palestinian Territory,2026-03-09,Standard,Referral,4140,766,Low,True,False
3806,Mrs Melanie Richards,shannonhicks@example.org,1986-03-23,Male,Jadeport,Cote d'Ivoire,2025-03-06,Standard,Organic,4768,642,High,True,False
3807,Vincent Lewis,steven06@example.com,1957-06-28,Male,Lake Christineborough,Brunei Darussalam,2023-08-31,Standard,Referral,4700,675,Medium,True,False
3808,Irene Wilson,deborah81@example.net,1996-09-18,Male,North Daniel,Dominican Republic,2023-08-16,Standard,Facebook Ads,4771,676,Medium,True,False
3809,Roy Howell-Mitchell,obell@example.net,2006-07-25,Female,North Hilary,Turks and Caicos Islands,2024-05-05,Premium,Organic,5803,751,Low,True,False
3810,Roy Carter,uhammond@example.com,1957-08-06,Male,New Brianshire,New Caledonia,2025-12-19,Standard,Google Ads,2356,766,Low,True,False
3811,Martyn Bull,paul53@example.org,1955-06-01,Male,New Clare,Cape Verde,2025-05-07,Standard,Facebook Ads,1996,631,High,True,False
3812,Molly Phillips,heather58@example.org,2001-07-08,Male,Patelton,Nepal,2025-11-07,Standard,Organic,2034,821,Low,True,False
3813,Kim Harvey,thompsonbrandon@example.net,1946-11-20,Male,Johnton,Cape Verde,2025-03-10,Standard,Referral,2441,726,Medium,True,False
3814,Sally Barnes-Wallace,natasha84@example.org,1987-10-12,Male,New Amy,Nepal,2026-05-23,Standard,Google Ads,2199,620,High,True,True
3815,Adrian Bailey,pricekarl@example.org,2001-06-10,Female,Robertsfort,Germany,2025-06-03,Standard,Google Ads,2631,712,Medium,True,True
3816,Mr Denis Duncan,oliver49@example.net,1964-11-28,Female,South Leonhaven,Serbia,2024-01-06,Standard,Google Ads,3766,641,High,True,False
3817,Mr Karl Wilson,yroberts@example.org,1993-11-18,Female,Shawfurt,French Polynesia,2025-03-29,Standard,Referral,2398,472,High,True,False
3818,Christian Webb,barbercharlie@example.org,1969-02-24,Non-Binary,Susanmouth,Palestinian Territory,2023-11-18,Standard,Organic,4472,693,Medium,True,True
3819,Mr Leslie Berry,hollie49@example.org,1945-10-30,Male,South Anne,Isle of Man,2024-07-05,Standard,Google Ads,4982,503,High,True,False
3820,Louise Hamilton-Bailey,sbarber@example.net,1992-12-02,Male,Shannonberg,Papua New Guinea,2024-10-18,Standard,Google Ads,3919,735,Medium,True,False
3821,Bradley Ward,josh22@example.org,2008-05-15,Male,West Jordanville,Libyan Arab Jamahiriya,2025-07-12,Premium,Facebook Ads,11454,494,High,True,True
3822,Jean Thomas-Phillips,catherine18@example.net,1983-12-23,Female,Johnsonton,Haiti,2026-05-31,Standard,Facebook Ads,3194,669,Medium,True,False
3823,Declan Dunn-Ryan,gjohnston@example.net,2003-08-17,Male,East Glennland,Maldives,2024-01-31,Standard,Referral,4027,598,High,True,False
3824,Jemma Barnett,markwalsh@example.org,1952-10-16,Female,Elliottberg,Jordan,2024-11-19,Standard,Organic,3620,839,Low,True,False
3825,Albert Morris,rachelcraig@example.org,1980-11-26,Male,East Mark,Namibia,2023-09-28,Premium,Organic,9612,679,Medium,True,False
3826,Mr Jamie Bull,ghall@example.com,1989-11-26,Female,Sullivanmouth,Cyprus,2024-08-12,Business,Google Ads,23971,648,High,False,True
3827,Andrea Owens,phillipsstanley@example.com,1996-01-26,Female,East Brandon,Western Sahara,2024-06-15,Standard,Organic,4577,727,Medium,True,False
3828,Stacey Phillips,marsdenashley@example.net,1973-11-23,Male,Tonybury,Sweden,2024-12-07,Standard,Organic,3271,771,Low,False,False
3829,Stephanie Murray,psmith@example.org,1968-03-02,Male,Elliefurt,Niger,2023-06-17,Standard,Organic,2776,617,High,True,False
3830,Christopher Bates,mohammed64@example.org,2003-04-08,Female,New Jasmine,British Virgin Islands,2024-02-12,Standard,Organic,4253,517,High,True,False
3831,Maria Houghton-Taylor,murphytrevor@example.com,1965-06-29,Female,West Sarahtown,Trinidad and Tobago,2024-05-12,Premium,Organic,10734,818,Low,True,False
3832,Mr Liam Pearce,angela06@example.com,1970-05-25,Female,East Angelaville,Haiti,2024-07-24,Standard,LinkedIn,4528,642,High,True,False
3833,Emily Hughes,rclark@example.org,2001-08-16,Non-Binary,North Alexandra,Cuba,2024-09-26,Standard,Facebook Ads,2571,630,High,True,False
3834,Lydia Bailey,alan31@example.org,2000-04-20,Female,South Georgiaton,Saint Kitts and Nevis,2024-07-08,Standard,Organic,3864,732,Medium,True,False
3835,Joanne Jones,jodiekelly@example.net,1998-05-15,Female,New Samuelchester,Marshall Islands,2024-11-22,Standard,Referral,4696,672,Medium,True,False
3836,Mary Myers,kyle32@example.com,1969-07-10,Male,Lake Jade,Denmark,2024-08-27,Standard,Referral,4423,615,High,False,True
3837,Mr Luke O'Connor,maurice18@example.com,2003-04-14,Male,Port Kim,Bouvet Island (Bouvetoya),2025-08-31,Premium,Facebook Ads,6809,732,Medium,True,False
3838,Glenn Harvey,jemmadavies@example.org,1963-10-24,Male,New Douglasfort,Lao People's Democratic Republic,2024-10-19,Premium,Organic,10815,718,Medium,True,False
3839,Mrs Ann Moore,whiteharriet@example.net,2000-05-27,Female,Davieston,Mali,2025-07-09,Standard,Organic,2147,775,Low,True,True
3840,Grace Stone,normanwilson@example.com,1971-07-19,Male,Lamberthaven,Liberia,2025-11-27,Standard,Facebook Ads,3184,673,Medium,True,False
3841,Andrew Gill,bethan52@example.com,1950-10-30,Female,Millerhaven,Sri Lanka,2025-06-15,Standard,Facebook Ads,4985,736,Medium,True,True
3842,Dorothy Bartlett,dwest@example.org,1964-09-09,Female,North Antonyberg,Guatemala,2025-11-21,Standard,Google Ads,4507,549,High,False,False
3843,Joshua Wells,mitchellbaker@example.com,1995-02-05,Female,New Nicoleville,Serbia,2024-08-07,Premium,Referral,6476,713,Medium,True,False
3844,Dorothy King,rmoore@example.org,1957-12-22,Male,Ianchester,San Marino,2023-07-19,Standard,Referral,3894,829,Low,True,False
3845,Bryan Reed,vmyers@example.com,2004-01-01,Male,South Andreaberg,Congo,2024-01-05,Premium,Organic,5799,811,Low,True,True
3846,Miss Nicole Wilson,woodsleon@example.com,1978-10-13,Female,Annettechester,Portugal,2026-01-08,Standard,Organic,2344,630,High,False,False
3847,Mrs Lynda Ball,stephaniejohn@example.org,1963-08-31,Male,Port Jeremytown,Fiji,2026-01-29,Standard,Organic,2523,718,Medium,True,True
3848,Thomas Moore,dominicbarnes@example.net,1980-12-18,Male,Bullton,Botswana,2026-02-13,Premium,Referral,8199,660,Medium,True,False
3849,Mrs Laura Matthews,jamesangela@example.org,1974-02-13,Female,New Albert,Tunisia,2026-05-15,Standard,Organic,2011,614,High,True,False
3850,Jill Williams-Glover,douglaslynn@example.net,2002-06-05,Male,Potterchester,Hungary,2025-12-05,Standard,Organic,2777,769,Low,True,False
3851,Francesca Marsden,dylan00@example.org,1969-06-24,Female,Simonville,Nicaragua,2024-08-07,Standard,Organic,2813,680,Medium,True,False
3852,June Hamilton,helen92@example.org,2003-12-22,Female,West Brettland,Lebanon,2026-03-24,Standard,LinkedIn,4019,850,Low,True,False
3853,Shirley Ward,mohamed21@example.com,1963-03-04,Female,North Damianmouth,Brunei Darussalam,2024-07-29,Standard,Referral,4694,717,Medium,True,False
3854,Molly Ward,smithgerald@example.net,2004-06-13,Female,Jayneburgh,Mexico,2024-06-09,Premium,Google Ads,5295,686,Medium,True,False
3855,Miss Joan Russell,damianstevenson@example.com,1964-06-01,Non-Binary,East Charlotte,Lebanon,2024-10-24,Standard,Organic,2104,693,Medium,True,False
3856,Angela Morris,reece19@example.net,1957-04-13,Male,Robertsburgh,Philippines,2024-05-31,Standard,Referral,2161,656,Medium,True,False
3857,Dr Margaret Thompson,maryjackson@example.com,2002-12-28,Female,Lorraineport,United States Minor Outlying Islands,2025-11-23,Standard,Google Ads,2859,712,Medium,True,False
3858,Mohamed Gibbs,brettjones@example.org,1977-04-24,Female,South Ericton,Germany,2024-11-17,Business,Organic,24191,664,Medium,True,False
3859,Dr Ryan Evans,kellydawn@example.org,1975-01-05,Female,Hunterfort,Puerto Rico,2024-06-14,Premium,Referral,6172,716,Medium,True,False
3860,Beverley Curtis,lewis30@example.com,1953-02-23,Male,Bretttown,Sweden,2024-07-24,Premium,Organic,6579,640,High,True,False
3861,Sean Young,nicola39@example.com,2007-08-10,Female,West Lynneside,Myanmar,2025-12-31,Standard,LinkedIn,4190,850,Low,True,False
3862,Jemma Moss,wellscarole@example.net,2007-07-26,Male,Edwardsstad,Syrian Arab Republic,2025-08-14,Standard,Referral,2342,840,Low,True,False
3863,Norman Patel,hussainrobin@example.com,1988-05-09,Male,Murraytown,Bahrain,2026-04-07,Premium,Google Ads,10800,593,High,True,False
3864,Naomi Wilson,chambersjack@example.com,1968-06-09,Male,East Jay,Iceland,2024-02-24,Standard,Google Ads,2004,832,Low,False,False
3865,Patrick Jenkins-Bradley,nichollsannette@example.net,1949-10-31,Male,Port Marcus,Colombia,2024-12-06,Premium,Referral,6495,729,Medium,True,False
3866,Jade Thomson,kwatson@example.org,1963-11-04,Female,Port Max,Colombia,2024-05-12,Business,Referral,29442,652,Medium,True,False
3867,Hilary George,vincent39@example.net,1954-10-22,Female,New Denistown,New Caledonia,2023-09-15,Standard,Google Ads,3548,768,Low,True,False
3868,Mrs Patricia Mahmood,qwilson@example.net,1966-10-02,Female,Miahview,Mozambique,2023-08-29,Premium,Referral,5984,802,Low,True,False
3869,Julie Davies,hancocknaomi@example.org,2002-10-15,Male,Christianborough,Reunion,2024-07-25,Standard,Organic,3674,850,Low,True,False
3870,Emily Khan,louis75@example.org,1979-03-06,Female,Carolinemouth,Wallis and Futuna,2024-09-19,Business,Referral,16342,770,Low,True,False
3871,Norman Norton,amoran@example.net,1963-12-14,Female,West Charlotte,Guadeloupe,2025-10-19,Standard,Google Ads,3898,786,Low,True,False
3872,Heather Walker,rdoyle@example.net,1992-12-23,Male,Glenborough,Vanuatu,2026-05-10,Premium,Referral,8778,709,Medium,True,False
3873,Miss Katherine Clarke,heathermatthews@example.net,1980-03-02,Female,New Jayne,Congo,2025-01-26,Standard,Google Ads,2361,776,Low,True,False
3874,Victor Robinson,iadams@example.com,2001-10-08,Male,Faulknerburgh,Maldives,2024-06-02,Standard,Referral,2587,694,Medium,True,False
3875,Melanie Thompson,robertsiain@example.net,2002-08-05,Female,West Jack,Tokelau,2025-10-29,Premium,LinkedIn,9305,733,Medium,True,False
3876,Irene McLean-Rogers,rickybutler@example.net,1974-11-14,Female,New Ross,British Virgin Islands,2025-03-06,Standard,Organic,2126,703,Medium,True,True
3877,Mr Ross Davis,ljones@example.org,1988-02-07,Female,West Marilynview,India,2024-03-23,Standard,Organic,2889,767,Low,True,False
3878,Miss Karen Rogers,abbie67@example.org,2002-10-26,Male,Clairemouth,South Georgia and the South Sandwich Islands,2023-11-05,Premium,Facebook Ads,7659,623,High,True,False
3879,Sam Parker,morrismarian@example.com,1952-07-22,Female,Alisonberg,Papua New Guinea,2024-05-07,Standard,Organic,4596,764,Low,True,False
3880,Tracey Hopkins,kieranphillips@example.com,1998-10-04,Female,Lake Shannonshire,Poland,2025-11-14,Business,Facebook Ads,16509,701,Medium,True,False
3881,Liam Bartlett-John,youngjessica@example.com,1990-07-25,Male,Kathleenside,Nauru,2023-12-24,Premium,Google Ads,6514,677,Medium,True,False
3882,Christine Osborne,fdobson@example.com,1996-01-08,Male,Port Damienshire,Jamaica,2024-03-26,Standard,Organic,4037,744,Medium,True,False
3883,Mrs Mandy Rowe,ylambert@example.com,1972-01-02,Female,Lukeside,Bangladesh,2023-10-19,Standard,Referral,3661,739,Medium,True,True
3884,Ashley Kaur,hlynch@example.com,1968-08-10,Male,West Georginaville,Maldives,2023-07-09,Standard,Organic,4761,814,Low,True,False
3885,Leslie Burns-Roberts,billy72@example.org,1946-07-14,Male,Craigstad,South Georgia and the South Sandwich Islands,2024-02-02,Standard,Organic,3040,722,Medium,True,False
3886,Jenna Day,wholden@example.org,1947-06-27,Male,New Sylviaside,Seychelles,2025-04-06,Standard,LinkedIn,3526,675,Medium,True,False
3887,Allan Mitchell,lawrencedenis@example.org,1980-02-27,Female,East Kieran,Cote d'Ivoire,2023-10-08,Standard,Google Ads,3992,765,Low,True,False
3888,Olivia Hope-Parker,harriet76@example.com,1958-08-30,Female,Philliphaven,Jordan,2023-09-13,Standard,Organic,1893,850,Low,False,False
3889,Lee Williams,blakejeffrey@example.org,1970-03-13,Male,Angelaburgh,Estonia,2025-06-04,Standard,LinkedIn,2667,643,High,True,False
3890,Dr Mohamed Cox,frank99@example.org,1997-07-01,Male,Cartermouth,Guinea,2025-07-18,Standard,Google Ads,4475,742,Medium,True,True
3891,Ashley Sutton,barbara35@example.net,1948-07-29,Male,Lake Gregoryborough,El Salvador,2024-06-27,Premium,Referral,7054,762,Low,True,False
3892,Mr Graham Brooks,daymarilyn@example.org,1970-08-04,Female,New Marktown,Portugal,2024-08-06,Premium,Facebook Ads,11231,850,Low,True,False
3893,Mrs Naomi Clarke,antonylord@example.com,1967-10-31,Female,Joshview,United States of America,2024-08-17,Standard,Organic,2568,605,High,True,False
3894,Joanna Curtis,shirleyjones@example.com,1991-04-17,Male,Wallisburgh,Congo,2025-04-02,Standard,Referral,3434,666,Medium,True,False
3895,Ms Diana Wilson,paulabarber@example.org,1979-11-29,Female,Debrachester,Kuwait,2024-12-18,Standard,Organic,3627,684,Medium,True,True
3896,Mr Shane Barnes,huntdanielle@example.org,1974-05-31,Male,Lake Jillmouth,Dominican Republic,2025-12-12,Standard,Organic,3836,716,Medium,True,True
3897,Eileen Dodd-Smith,melissahewitt@example.org,2007-09-30,Female,Daviesberg,Guatemala,2024-12-17,Standard,Organic,3715,548,High,True,False
3898,Heather Jackson-Potter,burrowscharlie@example.org,1945-10-20,Female,Hannahborough,Uruguay,2023-11-26,Standard,Referral,2160,686,Medium,True,False
3899,Lindsey Winter,rogerrichardson@example.org,1960-10-14,Female,East Lewis,Falkland Islands (Malvinas),2025-08-03,Standard,Referral,4571,655,Medium,True,False
3900,Tina Schofield,dickinsonpatrick@example.org,1949-01-17,Female,South Joe,Australia,2024-02-27,Standard,Referral,2393,609,High,True,True
3901,Frank Shaw,dpatel@example.org,2000-07-09,Female,Port Scott,United Arab Emirates,2024-10-12,Standard,LinkedIn,4927,692,Medium,True,True
3902,Liam Shepherd,francesca51@example.net,1979-06-26,Female,Bullton,Guadeloupe,2026-04-06,Standard,Facebook Ads,3405,696,Medium,True,True
3903,Duncan Davies,parkerleigh@example.net,1987-05-10,Male,South Diana,Guam,2023-08-06,Standard,Organic,4810,578,High,True,False
3904,Kathryn Atkinson,ebryant@example.com,1969-02-24,Male,Flynntown,Niger,2024-01-13,Premium,Google Ads,8695,613,High,True,False
3905,Mrs Elizabeth Jones,danielperry@example.org,1965-10-25,Male,Malcolmton,Aruba,2023-08-26,Premium,Google Ads,5258,717,Medium,True,False
3906,Joel Storey,kbarber@example.net,1955-07-29,Male,West Denise,Burkina Faso,2025-06-22,Standard,Organic,2324,710,Medium,True,False
3907,Gillian Bond,blacklaura@example.org,1945-09-17,Male,South Nicholas,Heard Island and McDonald Islands,2024-11-28,Standard,Facebook Ads,3742,827,Low,True,False
3908,Pamela Brooks,beverley55@example.org,1996-05-23,Female,Mathewshire,Mexico,2023-11-17,Premium,Organic,5455,656,Medium,False,False
3909,Mrs Fiona Murray,annedavis@example.org,1946-09-20,Male,North Rickyfort,Cambodia,2025-06-19,Standard,Facebook Ads,2191,723,Medium,True,False
3910,John Lane,holmeskelly@example.net,1988-06-20,Female,Port Garry,Somalia,2025-03-19,Premium,Organic,11833,583,High,True,False
3911,Mathew Gray,vthompson@example.org,1962-05-25,Male,Joyceland,Papua New Guinea,2023-10-15,Standard,Referral,4579,716,Medium,True,False
3912,Toby Kelly,timothyward@example.org,1954-09-13,Female,Louisebury,Maldives,2025-07-30,Standard,Organic,2356,765,Low,True,False
3913,Mrs Cheryl Mitchell,kellykaur@example.org,1948-01-09,Female,Benfurt,Togo,2024-09-06,Standard,Referral,3557,612,High,True,False
3914,Susan Evans,btaylor@example.org,1950-12-15,Female,West Alan,Antarctica (the territory South of 60 deg S),2024-04-05,Premium,Referral,9661,685,Medium,True,False
3915,Mr Dale Bowen,jamieleach@example.com,1975-05-25,Female,East Martyn,Nigeria,2024-07-21,Standard,Organic,3640,622,High,True,True
3916,Harry Taylor,wcunningham@example.net,2000-04-15,Male,Ryanland,Barbados,2025-08-19,Standard,Referral,3427,724,Medium,True,True
3917,Marcus Lawrence,malcolmbryan@example.net,1983-08-11,Male,Phillipmouth,Aruba,2025-12-13,Standard,Organic,2192,760,Low,True,False
3918,Ms Amy George,lcharlton@example.org,2001-04-12,Female,Lake Lisa,Saint Martin,2024-01-22,Business,Google Ads,28549,775,Low,True,False
3919,Rita Howell-Osborne,bruce85@example.com,1976-11-03,Female,Lyndaland,Antigua and Barbuda,2024-03-22,Standard,Referral,3056,776,Low,True,False
3920,Roy Lord-Gill,pameladay@example.com,1957-12-29,Female,Ellieton,Ukraine,2024-10-11,Standard,Facebook Ads,4367,713,Medium,False,False
3921,Marie Smith-Skinner,barry43@example.net,1963-09-05,Female,Phillipchester,Cyprus,2024-03-24,Standard,Organic,3645,673,Medium,True,False
3922,Graham Elliott,stanleymason@example.net,2005-04-08,Male,South Lawrence,Liberia,2024-01-10,Standard,Organic,3274,794,Low,True,False
3923,Mr Donald Walker,jeanthompson@example.com,1976-11-10,Female,Patelview,Bouvet Island (Bouvetoya),2025-04-15,Standard,Referral,2887,658,Medium,True,False
3924,Sam Williams,paul46@example.com,1988-03-03,Female,Lucyview,Slovenia,2023-09-26,Standard,Referral,4693,758,Low,True,False
3925,Tracey Humphreys,collinsholly@example.org,1989-11-16,Female,Yvonnetown,Ireland,2026-01-31,Standard,LinkedIn,3480,733,Medium,True,False
3926,Carly Davis,josephinewilkinson@example.org,2001-04-06,Male,New Terence,French Polynesia,2023-12-20,Standard,Organic,2392,709,Medium,True,False
3927,Dr Oliver Rogers,lbrown@example.com,1981-10-10,Female,Amyton,Mauritius,2025-02-01,Standard,Facebook Ads,2484,830,Low,True,False
3928,Damien Williams,mwilliams@example.org,1946-10-18,Non-Binary,Lake Mitchellton,Benin,2024-02-28,Premium,Organic,8035,616,High,True,True
3929,Sophie Williams,charlenegreen@example.net,2006-12-02,Male,West Jessica,Seychelles,2025-09-11,Standard,Organic,2414,718,Medium,True,False
3930,Mr Charles Bryan,kayleigh01@example.net,1990-11-03,Male,Kaurchester,Isle of Man,2024-09-18,Premium,Organic,5268,729,Medium,True,False
3931,Jay Finch,victor87@example.com,2002-07-30,Male,East Wayneborough,Mali,2025-06-03,Premium,Facebook Ads,10883,692,Medium,False,False
3932,Ms Sarah Singh,maryryan@example.net,1962-01-16,Male,Port Josh,Sri Lanka,2024-02-27,Standard,Organic,3551,767,Low,True,False
3933,Miss Ellie Myers,ryan99@example.net,1964-09-06,Male,East Shannon,French Polynesia,2023-11-21,Premium,LinkedIn,5167,649,High,True,False
3934,Miss Bethan Burgess,hollymitchell@example.net,1960-02-28,Female,North Ronald,Cook Islands,2025-04-30,Premium,Organic,9684,689,Medium,True,False
3935,Howard Phillips,katherine22@example.org,1978-07-28,Male,Lake Sian,Guadeloupe,2024-02-29,Standard,Google Ads,4525,659,Medium,True,False
3936,Rachel Bell,billy27@example.org,1951-05-02,Female,Petertown,Tonga,2025-01-05,Business,Facebook Ads,15417,734,Medium,True,False
3937,Frederick Holland,georgina81@example.net,1998-04-26,Female,Lake Jillchester,Albania,2024-01-20,Standard,Facebook Ads,3259,639,High,False,False
3938,Nicholas Hall-Kerr,amber89@example.com,1948-05-31,Female,West Gerald,Saudi Arabia,2026-01-01,Standard,Organic,4183,714,Medium,True,True
3939,Clare Hutchinson,rita22@example.com,1996-05-02,Female,Clementston,Slovenia,2025-05-13,Business,Referral,32722,599,High,True,False
3940,Jennifer Brennan,sarahill@example.net,1959-07-11,Female,Gibsonbury,Bermuda,2026-02-05,Standard,Organic,2788,533,High,True,True
3941,Ms Tina West,olee@example.org,1947-04-30,Male,Hunterfort,Thailand,2024-02-19,Standard,Organic,2542,554,High,True,True
3942,Mr Callum Jackson,mohammedscott@example.com,1986-09-28,Male,Port Robertberg,Puerto Rico,2025-06-02,Standard,Organic,3479,683,Medium,True,False
3943,Francis Wade,ygreen@example.org,1980-05-16,Female,Port Sally,Lithuania,2024-10-16,Standard,Facebook Ads,4756,572,High,True,False
3944,Ms Lynda Bennett,wwade@example.org,1958-10-03,Female,Abbottbury,Philippines,2024-03-06,Premium,Google Ads,5495,850,Low,True,False
3945,Simon White,brian32@example.org,1991-09-13,Female,New Oliviafort,Norway,2026-04-08,Standard,Referral,3685,714,Medium,True,True
3946,Sheila Hill,watersmegan@example.net,1968-10-08,Male,South Scottmouth,Serbia,2024-07-16,Business,Organic,13354,638,High,True,False
3947,Anna Williams,jillbaker@example.org,1998-10-07,Female,East Barbara,Venezuela,2026-02-03,Premium,Facebook Ads,6546,734,Medium,True,False
3948,Dennis Hicks,gracewood@example.org,1990-04-07,Female,West Kate,Barbados,2023-11-03,Premium,Organic,11252,710,Medium,True,False
3949,Ian Bennett-Jones,mitchell35@example.org,1959-04-17,Female,New Roy,Algeria,2023-10-27,Standard,Organic,2260,718,Medium,True,False
3950,Jade Field,dsaunders@example.org,2007-08-08,Non-Binary,South Katy,Nepal,2026-05-05,Premium,Organic,8206,748,Medium,False,True
3951,Natasha Barlow,steven13@example.com,1990-04-01,Male,Birdburgh,Antigua and Barbuda,2025-02-10,Standard,Referral,4602,767,Low,False,False
3952,David Parker,brownmarilyn@example.com,1987-05-24,Male,Karlmouth,Mexico,2025-05-20,Standard,Google Ads,2708,705,Medium,True,False
3953,Dylan Smith,rdickinson@example.net,1969-12-22,Male,Joshview,Saint Martin,2023-08-28,Premium,Organic,7923,799,Low,False,False
3954,Shannon Marshall-Morgan,cookeemma@example.com,1956-04-07,Male,Jacksonside,Iran,2025-02-09,Standard,Referral,4754,734,Medium,True,False
3955,Georgia Greenwood,harrisonalbert@example.com,1978-02-27,Female,Marieville,Hong Kong,2026-02-07,Standard,Google Ads,2999,747,Medium,True,False
3956,Anthony Griffiths,gfarmer@example.net,2006-06-20,Female,Dianaside,El Salvador,2025-05-07,Standard,LinkedIn,3782,828,Low,True,False
3957,Dr Daniel Oliver,manderson@example.net,2000-01-15,Male,West Connorhaven,Hong Kong,2024-09-05,Premium,Organic,6901,613,High,True,True
3958,Amelia Wright,hannahrogers@example.net,1977-11-26,Male,Port Peter,Burkina Faso,2025-06-16,Standard,Facebook Ads,3601,721,Medium,True,True
3959,Joanna Sullivan,dominic54@example.com,1958-11-10,Male,Glennport,Saudi Arabia,2025-02-13,Standard,Facebook Ads,3594,777,Low,True,False
3960,Rachael Cooper,zsmith@example.com,2004-08-15,Male,New Phillip,Turkey,2026-04-26,Premium,Facebook Ads,6116,820,Low,True,False
3961,Janice Dean,richard18@example.org,1962-04-16,Male,Fishertown,Egypt,2026-05-17,Standard,Organic,3779,680,Medium,True,False
3962,Gerard Hughes,whitecarole@example.com,1969-10-20,Male,Lake Martinhaven,Holy See (Vatican City State),2023-11-10,Standard,LinkedIn,3288,783,Low,True,True
3963,Mr Antony Richards,mwebb@example.net,1964-04-05,Female,Jasonbury,British Virgin Islands,2026-02-03,Standard,Google Ads,4071,819,Low,True,False
3964,Mr Adam Richards,manningamanda@example.com,1945-12-06,Male,Tonyport,Puerto Rico,2023-06-16,Business,Google Ads,18180,709,Medium,True,False
3965,Brian Johnson,georgina94@example.net,1995-03-24,Male,Lake Bruce,Kenya,2023-06-13,Standard,Referral,2759,795,Low,True,False
3966,Denise Connor-Smith,alisonsanderson@example.net,1974-07-22,Male,Gailview,Samoa,2023-12-24,Standard,Organic,2712,814,Low,True,True
3967,Lynda Johnston-Wong,craig60@example.net,1973-10-26,Female,North Mark,Canada,2024-09-06,Premium,LinkedIn,10096,731,Medium,True,False
3968,Kathleen Robinson,francesca50@example.com,1965-12-19,Non-Binary,New James,Marshall Islands,2026-04-09,Standard,Facebook Ads,2158,755,Low,True,False
3969,Gregory Gibbs,yvonne72@example.org,1973-03-07,Female,Hurstside,Madagascar,2024-04-01,Premium,Google Ads,8527,738,Medium,True,False
3970,Dr Trevor Page,laura98@example.com,1954-02-08,Male,Osbornemouth,Namibia,2023-06-16,Standard,Referral,4090,783,Low,True,False
3971,Julie Lloyd,godfreyhazel@example.org,1997-11-10,Male,Curtisshire,Italy,2023-11-04,Standard,Facebook Ads,2938,739,Medium,True,False
3972,Mr Anthony Davies,cmoore@example.com,1964-04-18,Female,East Paulborough,Cuba,2025-09-18,Business,Google Ads,20664,616,High,True,True
3973,Barry Hughes,nharris@example.org,1982-08-07,Female,Lake Jordan,Dominican Republic,2025-11-03,Standard,Referral,3236,691,Medium,True,False
3974,Dr George Howe,carolmarshall@example.org,1951-10-27,Male,Lake Michelle,Costa Rica,2023-08-29,Standard,Organic,2728,706,Medium,True,False
3975,Ben Jones,kevin78@example.com,1979-04-06,Male,Baileyhaven,Norfolk Island,2025-03-08,Standard,Google Ads,2094,616,High,True,False
3976,Carolyn Johnston,dennisbarker@example.org,1985-04-01,Female,Brownborough,Latvia,2026-05-23,Standard,Google Ads,2205,689,Medium,False,True
3977,Mrs Jennifer Newman,jakeahmed@example.org,1987-11-07,Male,Lesliebury,Tuvalu,2025-08-27,Standard,LinkedIn,1962,814,Low,True,False
3978,Mr Patrick Dale,rebeccamills@example.net,1945-07-26,Male,Pollardmouth,French Guiana,2026-02-01,Premium,Organic,8130,816,Low,False,True
3979,Ms Katy Kirby,mmurray@example.org,1978-05-08,Female,North Ameliaside,Israel,2025-03-13,Premium,Referral,5401,558,High,True,True
3980,Miss Stacey Vincent,marshallrosemary@example.net,2004-05-31,Male,Lake Lesleyville,Honduras,2024-07-06,Business,Google Ads,28780,780,Low,True,False
3981,Dr Oliver Jackson,vincent08@example.net,1989-09-30,Female,West Kirsty,Uruguay,2024-05-06,Standard,LinkedIn,2085,712,Medium,True,True
3982,Terence Ward,allan57@example.net,1975-11-24,Female,West Grahammouth,Libyan Arab Jamahiriya,2024-10-31,Premium,Google Ads,11793,672,Medium,True,False
3983,Mr Liam Evans,donnajoyce@example.com,1954-04-09,Male,Timothymouth,Serbia,2024-09-11,Standard,Facebook Ads,2946,766,Low,True,False
3984,Dr Denis Smith,harriet02@example.net,1994-11-27,Female,Charlieport,Niue,2025-09-07,Standard,Organic,3048,697,Medium,True,True
3985,Ms Jemma Mistry,hcampbell@example.org,1951-02-28,Male,New Beth,Peru,2024-04-01,Premium,Google Ads,10646,850,Low,True,False
3986,Gavin Howard-Nicholls,leah20@example.net,1992-11-12,Male,Lake Sallyton,Tokelau,2024-03-04,Standard,Google Ads,2076,704,Medium,False,False
3987,Mohamed Griffiths,lindapayne@example.com,1948-02-24,Male,Port Rachaelland,Mexico,2025-01-09,Premium,Google Ads,5316,847,Low,True,False
3988,Caroline Peters,yford@example.net,1948-12-20,Male,Jemmashire,Luxembourg,2024-06-24,Standard,Google Ads,2512,663,Medium,True,False
3989,Deborah Farmer,matthew61@example.com,1980-06-16,Non-Binary,South Douglas,Brazil,2025-06-12,Standard,Organic,3627,745,Medium,False,False
3990,Miss Anna Gardner,mitchelljanice@example.org,1957-10-10,Female,Debramouth,Panama,2023-10-01,Standard,Organic,2510,760,Low,True,False
3991,Miss Harriet Davey,kobrien@example.com,1973-06-25,Female,Sharonborough,Lesotho,2025-09-25,Standard,Facebook Ads,2099,588,High,True,True
3992,Dr Mathew Evans,janice87@example.org,1963-06-13,Female,Kingburgh,Honduras,2025-05-11,Standard,Referral,3077,661,Medium,True,False
3993,Rosemary Mellor,nwebster@example.org,1958-09-20,Male,Port Andrea,Central African Republic,2026-05-20,Standard,Google Ads,2999,829,Low,True,False
3994,Abigail Francis-Dodd,morrisyvonne@example.com,1984-06-18,Male,Lydiaview,Holy See (Vatican City State),2023-10-11,Standard,Referral,3641,675,Medium,True,False
3995,Mr Nicholas Green,douglas97@example.com,1955-07-13,Female,Godfreyburgh,Slovenia,2025-05-15,Standard,Facebook Ads,2316,781,Low,True,False
3996,Dr Glenn White,hollielaw@example.org,1990-12-07,Male,West Carole,Wallis and Futuna,2024-01-31,Standard,Referral,4882,648,High,True,True
3997,Sally Gough-Atkinson,lucykelly@example.net,1976-07-12,Female,Oliviaport,Hungary,2025-07-29,Premium,Organic,10681,644,High,True,False
3998,Dr Richard Davis,wardpatrick@example.com,2004-05-30,Female,Beverleyside,Panama,2023-12-10,Premium,Organic,10834,645,High,True,False
3999,Miss Rebecca Jones,pamela40@example.net,2008-01-05,Female,West Barrymouth,Christmas Island,2023-06-25,Standard,Google Ads,3256,660,Medium,True,False
4000,Gareth Andrews-Martin,gillian19@example.com,1951-02-12,Female,Lake Ashleigh,Sweden,2024-07-08,Standard,Organic,4787,776,Low,True,False
4001,Rosemary Green-Smith,pholloway@example.net,1957-10-02,Female,Williamsfurt,Swaziland,2026-01-13,Standard,Google Ads,3520,736,Medium,True,False
4002,Gillian Mitchell,jacquelinewilkins@example.org,1961-11-01,Male,Olivertown,Antarctica (the territory South of 60 deg S),2024-07-12,Standard,Google Ads,3316,578,High,True,False
4003,Mrs Heather Bentley,rosemary00@example.com,1950-11-13,Female,South Martynfurt,Central African Republic,2025-10-21,Standard,Google Ads,4224,792,Low,True,False
4004,Dr Neil Davey,joshuawright@example.net,1996-09-07,Female,East Phillipmouth,Honduras,2025-09-15,Standard,LinkedIn,2985,650,Medium,True,False
4005,Miss Jade James,bradleyglenn@example.org,1947-05-28,Female,Smithfort,Liberia,2024-07-05,Standard,Organic,1907,637,High,True,False
4006,Mark Nash-Barnes,vrobertson@example.net,2000-06-28,Male,Guyside,Tajikistan,2024-08-01,Premium,Referral,11881,625,High,True,False
4007,Lucy Wilson-Clarke,williamsgordon@example.com,1986-08-07,Female,Margaretborough,Switzerland,2023-06-21,Standard,Google Ads,3089,749,Medium,True,False
4008,Joe Price-Hobbs,ronaldthomas@example.net,1986-09-06,Female,Port Ross,Togo,2025-10-05,Standard,Google Ads,4399,701,Medium,True,False
4009,Ashley Russell,barbervalerie@example.net,1998-12-28,Male,Philipview,Cuba,2025-01-03,Standard,Google Ads,4997,811,Low,True,False
4010,Dr Elliott O'Connor,louise79@example.com,1971-02-12,Female,Hardington,Aruba,2026-03-01,Standard,Referral,3193,560,High,True,True
4011,Dr Vanessa Browne,qfox@example.net,1986-11-22,Female,Adamsmouth,Chad,2023-11-08,Standard,Google Ads,4509,828,Low,True,True
4012,Gareth Roberts,kmacdonald@example.net,1965-04-23,Female,West Lawrence,French Polynesia,2024-12-13,Premium,Organic,11049,715,Medium,True,False
4013,Richard Craig,hugh78@example.com,1953-09-24,Male,Francescafort,Vanuatu,2024-06-13,Standard,Referral,4186,850,Low,True,False
4014,Sophie Wilkinson-Fletcher,abdul12@example.net,2000-03-18,Male,South Cheryl,Christmas Island,2024-12-08,Standard,Google Ads,4883,689,Medium,True,False
4015,Dr Dennis Taylor,leonbennett@example.net,1969-04-23,Female,South Sarahmouth,Sierra Leone,2023-11-04,Standard,Facebook Ads,2645,758,Low,True,False
4016,Mr Albert Blackburn,daviesashleigh@example.net,1964-11-02,Female,Thorntontown,Bahamas,2024-03-18,Premium,Facebook Ads,5336,610,High,True,False
4017,Dr Maureen Grant,xdavies@example.net,1976-06-14,Male,Port Graceville,French Guiana,2024-02-21,Standard,Google Ads,4452,772,Low,True,False
4018,Dr Raymond Wood,lyndamahmood@example.com,1953-07-22,Female,Port Maria,Malaysia,2023-07-12,Standard,Referral,2510,636,High,True,False
4019,Clare Baldwin,barrettdenise@example.org,2003-11-07,Female,Wendyhaven,Liechtenstein,2024-06-22,Premium,Facebook Ads,10474,668,Medium,True,False
4020,Kevin Jones,keith17@example.com,1995-06-21,Male,Rosemaryborough,Rwanda,2023-08-01,Standard,Referral,2856,650,Medium,True,True
4021,Bruce Jenkins,colin32@example.org,1998-03-26,Female,South Hannahfurt,Pitcairn Islands,2025-04-06,Premium,Google Ads,11968,722,Medium,True,False
4022,Billy Reid,susanstanley@example.net,1953-04-05,Female,South Holly,Belgium,2026-01-03,Standard,LinkedIn,2124,679,Medium,True,False
4023,Adam Jones,xandrews@example.org,1974-04-01,Female,Hancockmouth,San Marino,2024-12-29,Premium,LinkedIn,5576,714,Medium,False,False
4024,Gary Walker,emma79@example.com,1991-09-10,Male,South Harrietton,Mozambique,2024-10-19,Standard,Google Ads,2821,726,Medium,True,False
4025,Brian Weston,marcus35@example.org,1990-02-22,Male,Barnesfort,Kyrgyz Republic,2026-01-24,Standard,Facebook Ads,4277,614,High,True,False
4026,Brian Johnson,jenna24@example.com,1949-03-03,Female,Taylorland,Wallis and Futuna,2024-08-17,Standard,LinkedIn,3949,670,Medium,True,False
4027,Frances Lloyd,emma80@example.org,1985-01-02,Female,Steeleview,Saint Vincent and the Grenadines,2023-08-22,Standard,Google Ads,3540,645,High,True,True
4028,Miss Naomi Matthews,philip65@example.org,1980-05-05,Female,Dawsonville,Seychelles,2026-06-04,Premium,LinkedIn,5567,713,Medium,True,False
4029,Suzanne Nelson-Holmes,amanda48@example.com,1989-06-24,Male,Port Megan,South Georgia and the South Sandwich Islands,2024-10-07,Standard,Referral,2669,688,Medium,True,False
4030,Emily Morris,jonathanjones@example.net,1946-01-10,Female,East Laurenfurt,Denmark,2024-03-20,Standard,Organic,4326,687,Medium,True,False
4031,Suzanne Preston,jasmine81@example.org,1960-08-24,Male,Caroleborough,Cocos (Keeling) Islands,2024-04-03,Standard,Organic,4959,745,Medium,True,False
4032,Stephen Morris,fhall@example.net,1992-05-30,Female,Walkerfurt,Belarus,2023-09-23,Standard,Referral,2404,714,Medium,True,False
4033,Bethany Leonard-Russell,katie68@example.net,1972-05-19,Female,Willisfort,France,2026-01-18,Standard,Facebook Ads,1955,653,Medium,True,False
4034,Ms Patricia Hammond,rharvey@example.com,1970-08-14,Non-Binary,Stewartbury,Kyrgyz Republic,2025-12-31,Standard,Organic,2553,675,Medium,True,False
4035,Hollie Cook-Price,abentley@example.net,1953-11-21,Male,East Ruth,Saint Barthelemy,2026-03-06,Standard,LinkedIn,4085,740,Medium,False,False
4036,Clifford Williams-Kirby,tsavage@example.com,1956-07-05,Female,Wrightstad,Luxembourg,2023-06-25,Standard,Google Ads,1886,551,High,True,False
4037,Mr Glen Lawson,gwheeler@example.com,1994-06-05,Non-Binary,Dawnmouth,Saudi Arabia,2024-08-27,Standard,Organic,4283,750,Low,True,False
4038,Jill Perkins-Murphy,robertsmartyn@example.org,1982-10-02,Male,North Clareborough,Turkey,2023-09-14,Standard,LinkedIn,2524,620,High,False,False
4039,Eleanor Bradley,uphillips@example.com,1986-04-06,Male,North Billy,Pakistan,2023-08-14,Standard,Referral,4155,665,Medium,True,False
4040,Tina Harris,toddabigail@example.net,2007-11-25,Male,New Sally,Rwanda,2025-12-01,Standard,LinkedIn,3362,763,Low,True,False
4041,Naomi Abbott,dwright@example.net,1975-12-27,Male,Lake Simon,Panama,2023-08-09,Business,Google Ads,28588,626,High,True,True
4042,Conor Singh,joneswendy@example.org,1983-05-20,Female,North Louise,Bangladesh,2025-08-02,Standard,LinkedIn,4534,774,Low,True,False
4043,Bruce Chambers,sam58@example.org,2004-09-30,Male,Port Hayleystad,Guinea-Bissau,2024-12-26,Standard,Google Ads,2407,744,Medium,True,True
4044,Jane Gray,websterdiana@example.org,1993-12-09,Female,East Brettmouth,Ukraine,2025-10-19,Standard,Google Ads,1995,603,High,True,False
4045,Gary Sullivan,wayne30@example.org,1977-12-08,Female,Carrmouth,Namibia,2024-07-06,Premium,Google Ads,5285,717,Medium,True,False
4046,Iain Jenkins-Shah,whittakeramelia@example.org,1963-04-04,Female,South Jamiechester,Netherlands,2024-12-24,Standard,Referral,1815,710,Medium,True,False
4047,Joel Ali,jonesleah@example.com,1970-10-30,Female,New Lukeland,Egypt,2023-10-31,Standard,Google Ads,4860,850,Low,True,False
4048,Billy Spencer-Hill,leanne01@example.net,1992-06-27,Female,Richardborough,Switzerland,2024-12-26,Standard,LinkedIn,4065,820,Low,True,False
4049,Marc Davies,scottdonald@example.net,1986-04-19,Male,Jonesland,Tonga,2024-08-19,Premium,Google Ads,11802,631,High,True,False
4050,Ms Amanda Dunn,joshmartin@example.org,1984-08-24,Male,South Teresa,Reunion,2026-04-04,Standard,Referral,3524,770,Low,False,False
4051,Victoria James-Black,rholmes@example.org,1984-07-24,Female,West Garrystad,Brunei Darussalam,2023-09-14,Standard,Google Ads,3124,839,Low,True,False
4052,Ms Frances Adams,carlsmith@example.com,2005-10-08,Male,North Alisonhaven,Guadeloupe,2025-09-11,Business,Referral,25629,589,High,True,False
4053,Andrea Ferguson-Elliott,dickinsonelliott@example.com,1950-07-27,Female,Kirkberg,Azerbaijan,2023-12-25,Standard,Facebook Ads,3070,687,Medium,True,False
4054,Natalie Austin,terry52@example.org,1953-11-24,Female,Mathewburgh,South Georgia and the South Sandwich Islands,2026-04-03,Premium,Google Ads,10704,834,Low,True,False
4055,Nicola Taylor,cgriffiths@example.net,1947-01-21,Female,Allenmouth,Greece,2024-08-02,Premium,Organic,7872,702,Medium,False,False
4056,Lewis Sullivan,susanrichardson@example.org,1971-06-13,Female,Rogerburgh,Libyan Arab Jamahiriya,2024-03-30,Premium,Referral,8047,740,Medium,True,False
4057,Jodie Sykes,mcdonaldconor@example.net,2005-11-15,Male,New Martynstad,Suriname,2024-01-28,Standard,Google Ads,2574,748,Medium,True,False
4058,Luke Jones-White,ajohnson@example.org,1959-07-09,Female,Priceland,Mauritania,2023-08-20,Standard,Google Ads,2870,640,High,True,False
4059,Dr Maureen Burrows,lesleypatel@example.net,1958-11-11,Female,Katemouth,Saint Kitts and Nevis,2025-10-02,Standard,Google Ads,2974,755,Low,False,False
4060,Hilary Armstrong,eileen00@example.net,2004-10-24,Female,Kimberleyfurt,Bosnia and Herzegovina,2024-11-13,Standard,LinkedIn,4710,661,Medium,True,False
4061,Justin Parry,glenncooper@example.com,2006-09-06,Female,Clarkestad,Serbia,2024-01-09,Standard,Referral,2551,608,High,True,True
4062,Maria Pearce,longowen@example.com,1979-09-22,Female,East Bryan,Kyrgyz Republic,2023-11-01,Standard,Google Ads,3279,748,Medium,True,True
4063,Josh Williams-Tomlinson,chamberlainchristine@example.net,1949-10-09,Male,Hussaintown,Tuvalu,2023-10-04,Standard,Google Ads,3153,628,High,True,False
4064,Hayley White,rachael84@example.net,1945-07-08,Female,Abigailhaven,Benin,2023-08-17,Standard,LinkedIn,4495,641,High,True,True
4065,Mrs Jennifer Barton,qroberts@example.org,2001-12-27,Female,South Charlesberg,United Arab Emirates,2023-07-09,Standard,Organic,1825,816,Low,True,False
4066,Mrs Julie Slater,lukehoughton@example.org,1984-03-14,Female,Stewartshire,Vietnam,2023-08-13,Premium,Google Ads,9104,634,High,False,False
4067,Mrs Amelia Wright,taylorkathryn@example.net,1964-06-24,Female,Kirbytown,Uruguay,2024-01-20,Premium,Organic,11261,529,High,True,True
4068,Mr Richard Davies,millsjoanna@example.org,1986-01-08,Male,Port Brandonchester,Azerbaijan,2024-10-15,Standard,Referral,4714,674,Medium,True,False
4069,Jordan Pearson,abennett@example.net,1961-07-29,Female,Bakerfurt,Cuba,2024-05-12,Premium,Google Ads,8600,557,High,True,False
4070,Alex Sinclair,millertracy@example.com,1979-11-19,Female,Mauriceburgh,Thailand,2023-10-28,Standard,LinkedIn,4169,765,Low,True,False
4071,Jennifer Rhodes,elizabethpotts@example.org,1998-04-16,Female,Smithton,Argentina,2024-02-07,Standard,Organic,2652,661,Medium,True,False
4072,Wayne Scott,leecollins@example.com,1949-03-22,Female,New Suzanneberg,Wallis and Futuna,2025-08-31,Standard,Google Ads,2822,551,High,False,False
4073,Sean Barnes,nbrown@example.net,1968-03-01,Female,West Chelsea,El Salvador,2025-03-16,Standard,Referral,2102,762,Low,True,False
4074,Elizabeth Jones,fowlerelliott@example.org,1976-11-16,Non-Binary,Francescafurt,Bouvet Island (Bouvetoya),2023-12-31,Standard,Organic,4031,658,Medium,True,False
4075,Miss Mandy Jones,mrobinson@example.net,1982-12-23,Female,West Leigh,Jordan,2024-05-28,Standard,Facebook Ads,3988,665,Medium,True,False
4076,Ms Laura Harris,wrightryan@example.org,1989-01-17,Female,Smithshire,Bahrain,2024-04-01,Standard,Google Ads,3394,770,Low,True,False
4077,Connor Mann,lyonsbethan@example.org,1978-08-18,Male,North Wendy,Falkland Islands (Malvinas),2025-07-12,Standard,Organic,4640,783,Low,True,False
4078,Lisa Barber,mandywall@example.com,1999-02-15,Male,North Connorhaven,Wallis and Futuna,2024-10-16,Standard,Google Ads,2530,655,Medium,True,False
4079,Louise Flynn,wilkinsondenis@example.net,1957-12-29,Male,North John,Greenland,2023-07-15,Standard,Facebook Ads,4480,761,Low,True,True
4080,Bethany Hall-Simpson,alexanderjanice@example.org,1990-12-28,Non-Binary,East Gary,United States of America,2026-03-04,Standard,Facebook Ads,2341,653,Medium,False,False
4081,Mrs Gillian Pritchard,pamela35@example.org,2000-05-10,Male,Stoneshire,Costa Rica,2023-10-27,Standard,Google Ads,3222,608,High,True,False
4082,Molly O'Sullivan,laneowen@example.com,1961-11-30,Male,North Lesley,Mongolia,2024-07-13,Standard,Organic,3992,704,Medium,True,True
4083,Dr William Jackson,julian92@example.com,1978-02-28,Female,Collinsborough,Luxembourg,2023-09-26,Standard,Organic,3513,716,Medium,True,False
4084,Mr Raymond Webb,declanmartin@example.org,2006-10-22,Male,Lake Garryfort,Nicaragua,2025-02-04,Business,Google Ads,33814,584,High,True,True
4085,Derek Watson,barrymorris@example.net,1997-11-09,Non-Binary,Peterside,Nepal,2026-02-07,Standard,Google Ads,4856,748,Medium,True,False
4086,Dean Taylor,carterbernard@example.net,1951-11-17,Male,Lake Kathleen,Liechtenstein,2024-05-03,Standard,LinkedIn,4581,850,Low,False,False
4087,Ms Fiona Potts,gillian06@example.org,1978-09-08,Female,Lake Katieport,Fiji,2023-09-18,Standard,Google Ads,3358,659,Medium,False,False
4088,Colin Smith,dayyvonne@example.org,1985-04-03,Female,North Adam,Poland,2024-02-14,Standard,Referral,3172,683,Medium,False,True
4089,Dr Clive Henderson,khussain@example.net,1985-12-08,Female,Port Graeme,Ghana,2023-10-11,Premium,Organic,8337,742,Medium,True,False
4090,Ann Kirby,okelly@example.net,1948-09-02,Female,South Luke,South Africa,2026-06-08,Standard,LinkedIn,2297,608,High,True,False
4091,Ms Melissa Allen,jack21@example.org,2004-08-21,Female,Toddside,Jordan,2026-01-29,Standard,Organic,3537,642,High,True,False
4092,Dr Denise Hall,ucampbell@example.net,2004-10-19,Male,New Leanneberg,Somalia,2024-08-07,Premium,Google Ads,7236,723,Medium,True,False
4093,Roy Wright,glenn70@example.com,1959-08-08,Female,Adamtown,Dominican Republic,2026-05-21,Standard,Organic,4569,796,Low,True,False
4094,Mr Duncan Price,bernardsmith@example.net,1948-06-15,Female,West Paulaborough,Seychelles,2024-02-26,Premium,Organic,11170,772,Low,True,False
4095,Lauren Holland,sbrooks@example.org,1990-08-15,Female,Vincentstad,Senegal,2023-09-02,Standard,Referral,3258,815,Low,True,False
4096,Kelly Hughes,max22@example.com,1985-01-31,Male,Port Maureen,Taiwan,2026-01-05,Standard,Google Ads,2629,755,Low,True,False
4097,Dr Albert Morgan,robertslewis@example.com,1956-06-17,Female,Justinbury,Haiti,2025-10-05,Standard,Referral,2903,578,High,True,True
4098,Craig Peters,cscott@example.com,1972-05-19,Female,Brownland,British Virgin Islands,2025-07-21,Premium,Google Ads,7243,814,Low,True,True
4099,Dr Elliot Pearson,scott70@example.com,1967-08-15,Male,Paulineport,Hong Kong,2025-05-10,Premium,LinkedIn,11984,762,Low,False,False
4100,Christopher Lewis,kathryn27@example.com,1996-04-12,Female,Dominictown,Swaziland,2025-07-19,Premium,Organic,10939,748,Medium,True,False
4101,Dr Adam Taylor,leachlee@example.org,1959-03-19,Female,Aliceside,Latvia,2024-11-29,Standard,Referral,3866,554,High,True,True
4102,Marc Anderson,joycesmith@example.net,1976-10-24,Male,West Mitchellville,Brazil,2024-10-09,Standard,Google Ads,1865,706,Medium,True,False
4103,Ms Sheila Allen,lydia52@example.org,1952-02-22,Male,West Sam,Iran,2026-01-12,Standard,Facebook Ads,3538,628,High,True,False
4104,Mr Tom Gilbert,daveychelsea@example.com,1984-02-09,Female,Samuelberg,Marshall Islands,2024-05-12,Premium,Organic,11160,641,High,True,False
4105,Gavin Ward,jackhooper@example.com,2001-04-25,Male,Birdton,Norway,2026-02-06,Premium,Organic,11397,595,High,True,True
4106,Matthew Begum,burtonjake@example.com,1955-12-29,Female,Edwardsmouth,Cambodia,2023-07-28,Standard,Facebook Ads,4791,739,Medium,True,False
4107,Mohammad Buckley,clare63@example.com,1957-09-29,Male,New Leon,Timor-Leste,2023-12-25,Business,Google Ads,31666,688,Medium,True,False
4108,Brett Bennett,royblackburn@example.com,1978-10-16,Female,West Sara,Pitcairn Islands,2024-07-17,Standard,Organic,4791,627,High,True,True
4109,Elliot Cook,frederick25@example.org,1973-01-13,Male,North Geoffrey,South Africa,2025-09-19,Premium,Google Ads,9029,728,Medium,True,True
4110,Albert Rose,jonesglenn@example.org,1984-04-06,Male,Jennaberg,Pakistan,2024-10-17,Standard,LinkedIn,4254,770,Low,True,False
4111,Leonard Cross-Holmes,ehart@example.net,1970-03-30,Female,Lake Ellie,Ukraine,2024-01-18,Premium,Google Ads,5504,564,High,True,False
4112,Mr Kyle Bailey,johnjones@example.org,1963-05-22,Male,South Pamela,Belize,2025-04-02,Premium,LinkedIn,10221,693,Medium,True,False
4113,Gavin Evans,howardkimberley@example.net,2003-06-06,Male,Rosefort,Slovakia (Slovak Republic),2024-04-23,Premium,Google Ads,5841,757,Low,True,False
4114,Marie Hurst-Bailey,ujones@example.org,1947-12-14,Male,Patrickberg,United States of America,2025-11-28,Standard,Google Ads,3719,619,High,True,False
4115,Darren Wilkinson,isanders@example.org,1971-02-15,Male,Smithmouth,British Indian Ocean Territory (Chagos Archipelago),2025-02-19,Standard,Organic,4839,706,Medium,True,False
4116,Leonard Richards,karl51@example.org,1969-04-12,Male,Davishaven,Fiji,2024-02-07,Standard,Organic,2021,669,Medium,True,True
4117,Mr Phillip Smith,zmacdonald@example.net,2000-05-07,Male,New Williamland,Papua New Guinea,2025-05-06,Standard,Organic,2415,840,Low,True,False
4118,Victor Kerr,bryangreenwood@example.org,1947-12-18,Female,Michelleside,Australia,2023-10-02,Standard,Organic,1884,705,Medium,True,True
4119,Tracey Sutton,whiteheadbeverley@example.com,1952-10-23,Male,West Leehaven,Romania,2024-06-24,Standard,LinkedIn,2039,779,Low,True,False
4120,Mr Duncan Parry,max93@example.com,1991-12-30,Male,West Geraldineview,Romania,2023-06-22,Standard,Google Ads,3105,638,High,True,False
4121,Miss Rosie McCarthy,bethjohnson@example.org,1947-02-27,Male,Fletcherbury,Benin,2023-07-25,Premium,Google Ads,11751,850,Low,True,False
4122,Reece Mann,bethannorman@example.org,1972-06-26,Male,O'Connormouth,Anguilla,2024-04-09,Standard,Referral,3398,657,Medium,True,False
4123,Darren Ford,oatkinson@example.com,1997-07-05,Male,Sheppardbury,United Arab Emirates,2024-05-12,Standard,Organic,2445,791,Low,True,False
4124,Mr Tom Collins,frostyvonne@example.com,1975-03-13,Female,East Juliechester,Pitcairn Islands,2024-01-15,Standard,Referral,3062,850,Low,True,False
4125,Tracey Clarke,ashleightaylor@example.net,1987-05-13,Male,Danielborough,Cape Verde,2024-08-08,Standard,Referral,4494,628,High,True,True
4126,Marc Wall,turnerrobert@example.com,1973-10-20,Female,Pamelaburgh,Hong Kong,2026-02-22,Standard,Referral,2411,740,Medium,True,False
4127,Sarah Reid,mathewking@example.com,2008-01-15,Male,West Normanview,Latvia,2024-03-07,Standard,Organic,3266,705,Medium,True,False
4128,Chelsea Bryant,qmitchell@example.com,2006-12-13,Female,Vincentchester,Seychelles,2024-12-25,Standard,Referral,4942,500,High,True,False
4129,Ms Jade Fuller,griffithsjamie@example.net,1958-10-15,Male,Mariaburgh,Zimbabwe,2025-03-18,Standard,LinkedIn,3460,736,Medium,True,False
4130,Lewis Wright,nixonbrenda@example.org,1972-06-13,Female,Parrystad,Sierra Leone,2025-09-17,Standard,Google Ads,4215,734,Medium,False,False
4131,Cameron Bibi,njohnson@example.org,1990-07-11,Male,West Adrianburgh,Seychelles,2024-01-02,Standard,Google Ads,4638,685,Medium,True,False
4132,Graham Sutton,richardsonashley@example.com,1980-07-12,Female,Johnsonland,Belarus,2023-07-12,Standard,Google Ads,4166,578,High,True,False
4133,Cameron Williams-Quinn,taylorowen@example.com,1963-04-04,Female,Braystad,Saint Kitts and Nevis,2024-04-10,Standard,Google Ads,4021,611,High,True,False
4134,Barbara Burton,allanjenna@example.com,1998-08-31,Female,Howardborough,San Marino,2026-03-24,Premium,Organic,6040,850,Low,False,False
4135,Robert Greenwood,emma53@example.com,1981-07-23,Male,Iainfurt,Ireland,2024-02-24,Standard,Organic,2688,760,Low,True,False
4136,Jack Kelly,halljoyce@example.com,1987-05-10,Female,Iainfort,Senegal,2023-10-07,Standard,Google Ads,1974,732,Medium,True,True
4137,Jamie Thomas-Miah,declanturnbull@example.org,1983-08-31,Male,South Darren,Jordan,2024-07-13,Standard,Organic,4317,809,Low,True,False
4138,Dr Glen Cole,ashleighkhan@example.com,1973-08-04,Female,Lewisberg,Iceland,2025-11-16,Standard,Google Ads,2299,715,Medium,True,False
4139,Reece Walker-Pearson,gstokes@example.net,1980-11-19,Female,New Kayleigh,Belgium,2025-02-15,Premium,Facebook Ads,8901,825,Low,True,False
4140,Lynda Godfrey,ztaylor@example.org,1986-01-05,Male,Katietown,Azerbaijan,2025-01-17,Premium,Referral,7420,677,Medium,True,False
4141,Dr Hilary Cross,collinsleah@example.com,1974-08-23,Female,Victorside,Montserrat,2024-05-05,Standard,Referral,2808,809,Low,True,False
4142,Carol Reed,hjohnson@example.com,1973-09-12,Female,Francesberg,Mongolia,2024-12-14,Standard,Organic,2102,643,High,True,True
4143,Ashley Smith,glenn38@example.net,1986-12-13,Female,South Nathan,Greece,2025-06-03,Standard,Organic,1981,747,Medium,True,False
4144,Miss Sian Bird,jodiephillips@example.org,1970-10-12,Male,West Craigtown,Taiwan,2023-09-06,Premium,Referral,7199,659,Medium,True,False
4145,Christopher Carroll,larmstrong@example.net,2001-08-07,Male,Shirleyborough,Mauritania,2025-03-10,Standard,Facebook Ads,4262,636,High,True,False
4146,Jade Brown,leanneallen@example.org,1990-01-20,Male,Thomasview,Cambodia,2025-10-31,Standard,LinkedIn,4828,712,Medium,True,False
4147,Nicola Robinson,smithglen@example.org,1947-10-20,Female,Margaretview,Egypt,2026-01-09,Standard,Organic,2389,795,Low,False,False
4148,Suzanne Young,halecaroline@example.net,1954-09-28,Male,Port Andrea,Tuvalu,2025-02-07,Standard,Google Ads,2384,619,High,True,True
4149,Oliver Holmes,bharrison@example.net,1993-08-07,Female,Priceburgh,Indonesia,2024-09-15,Standard,Organic,3871,614,High,True,False
4150,Diana Saunders,qwallace@example.com,1947-05-11,Female,South Robertchester,Taiwan,2024-06-29,Standard,Organic,3940,683,Medium,True,False
4151,Dr Wayne Mills,arthur50@example.net,1961-09-01,Female,Dorothyburgh,Lebanon,2024-11-24,Premium,Organic,9102,797,Low,True,False
4152,Jenna Taylor,thomsonelizabeth@example.net,1977-03-07,Male,Port Donaldville,Togo,2025-03-30,Standard,Google Ads,3158,653,Medium,True,True
4153,Frank Morris,morganrobert@example.net,1992-09-22,Male,Port Martinview,Czech Republic,2024-02-08,Standard,Organic,2229,780,Low,True,False
4154,Paige Alexander,bethwatts@example.com,1960-04-03,Male,Chelseastad,Gambia,2023-06-30,Standard,Google Ads,3506,749,Medium,True,True
4155,Chloe Lewis,gloverantony@example.com,2001-04-10,Female,Jonesville,Ukraine,2024-12-27,Standard,Organic,2149,703,Medium,True,False
4156,Miss Gemma Newman,zoe77@example.net,1982-03-17,Female,Bradleyville,Jamaica,2025-12-09,Standard,Google Ads,4894,673,Medium,True,True
4157,Katy Hughes-Page,jade77@example.net,1993-11-02,Male,Benjaminfurt,Equatorial Guinea,2024-08-18,Standard,Organic,3397,714,Medium,True,False
4158,Bethan Roberts,lnoble@example.org,1983-03-04,Female,South Vanessa,Maldives,2025-08-05,Standard,Organic,4420,831,Low,True,False
4159,Ronald Hawkins,brownmarion@example.net,1960-11-29,Male,Kingborough,Comoros,2025-01-23,Premium,LinkedIn,7698,780,Low,True,False
4160,Alexander Clark,dominic98@example.org,2000-03-14,Male,Port Dean,Kenya,2024-09-01,Standard,Organic,2542,681,Medium,True,False
4161,Frances Roberts,kate35@example.net,1954-08-23,Male,Lynnton,Saint Martin,2025-11-30,Premium,Facebook Ads,7402,769,Low,True,False
4162,Dr Derek Carr,michael92@example.com,1978-11-26,Female,Stanleyborough,Brunei Darussalam,2023-12-29,Standard,Facebook Ads,4801,753,Low,True,False
4163,Annette Cox,brianwest@example.com,1988-03-09,Male,Joyceborough,Syrian Arab Republic,2023-10-21,Standard,Google Ads,4607,618,High,True,False
4164,Henry Wilkinson,kphillips@example.net,1995-04-29,Female,New Alexville,Jersey,2024-10-10,Premium,Google Ads,5440,850,Low,True,False
4165,Miss Katy Whitehead,stephensjosh@example.net,1955-01-23,Female,Laurenland,Guinea,2025-06-19,Standard,Facebook Ads,4552,731,Medium,True,False
4166,Dr Carolyn Allen,dennisthompson@example.com,1965-05-01,Female,East Lindsey,Bahrain,2025-01-05,Business,Facebook Ads,19604,719,Medium,True,False
4167,Danielle Wood,chloerose@example.net,1991-09-11,Male,Hodgsonmouth,Guyana,2025-07-14,Premium,Facebook Ads,5332,769,Low,True,False
4168,Dennis Jordan,rhys07@example.com,1978-12-09,Female,Karenfort,Montserrat,2023-10-16,Standard,Facebook Ads,4462,591,High,True,False
4169,Jay Glover,leanne76@example.net,2001-03-17,Female,Lake Malcolm,Cape Verde,2024-09-16,Standard,Referral,4647,725,Medium,True,True
4170,Alison Johnson,masonann@example.com,1977-01-25,Male,Simpsontown,Bosnia and Herzegovina,2023-06-24,Premium,Organic,11189,584,High,True,False
4171,Graham Smith-King,robinrees@example.com,1951-02-27,Female,North Neilside,Cote d'Ivoire,2024-10-06,Standard,Google Ads,4086,711,Medium,True,False
4172,Alex Hussain,grace38@example.net,1991-04-24,Male,North Garryfort,Belgium,2025-03-30,Standard,Google Ads,4501,675,Medium,True,False
4173,Dr Karen Khan,webbchristopher@example.org,1965-06-01,Non-Binary,East Sarah,Vanuatu,2024-06-09,Standard,Organic,2161,678,Medium,True,False
4174,Jennifer Lloyd,jeffreyhoward@example.com,1992-06-22,Female,Patriciaside,Lithuania,2024-03-04,Standard,Google Ads,3203,732,Medium,True,False
4175,Dominic Baker-Carpenter,carrollsimon@example.net,1993-09-27,Male,Natalieborough,United Kingdom,2024-05-16,Premium,Google Ads,10381,759,Low,True,False
4176,Gary Hopkins,joshroberts@example.org,2005-08-03,Male,Youngshire,Aruba,2024-08-30,Premium,Google Ads,7455,537,High,True,False
4177,Elizabeth Jones,anndavies@example.net,1989-04-26,Male,Cooperhaven,Morocco,2024-05-27,Standard,Referral,4723,680,Medium,False,False
4178,Marilyn Thomas,marilynwillis@example.net,1985-08-06,Male,New Andreastad,Uzbekistan,2023-12-14,Standard,LinkedIn,4912,735,Medium,True,False
4179,Miss Carole Lord,elee@example.org,1966-06-24,Female,West Graemebury,Cayman Islands,2024-09-12,Premium,Facebook Ads,5164,523,High,True,False
4180,Clive Hamilton,williamlewis@example.net,1954-04-23,Female,East Denise,India,2025-09-01,Premium,Google Ads,5618,786,Low,False,False
4181,Mrs Jill King,daniel17@example.com,1996-07-29,Male,Masonburgh,Peru,2024-04-23,Standard,Google Ads,2014,659,Medium,True,False
4182,Angela Smith-Williams,mohammed44@example.net,1969-05-30,Female,Harrisonshire,Myanmar,2024-07-11,Standard,Organic,2712,620,High,True,False
4183,Dr Jake Matthews,mohamedsheppard@example.net,1953-10-06,Male,Elliemouth,Egypt,2024-02-28,Standard,Organic,3976,658,Medium,True,False
4184,Patrick Wilson,akhtarcarolyn@example.net,1977-11-10,Male,Greenland,Qatar,2025-08-19,Premium,Referral,5227,746,Medium,True,True
4185,Lauren Payne,shannonbevan@example.org,1991-10-09,Female,Tinafort,Seychelles,2024-12-19,Standard,Organic,3742,798,Low,True,False
4186,Sophie Smith,ypalmer@example.com,2002-04-28,Female,Martynhaven,Burundi,2023-06-13,Standard,Organic,2905,850,Low,True,False
4187,Natasha Watson,donaldarmstrong@example.net,1952-09-28,Male,Laneshire,Marshall Islands,2025-07-08,Premium,LinkedIn,5095,777,Low,True,False
4188,Matthew Chapman,joel26@example.com,1976-04-29,Female,Wilsonberg,Bosnia and Herzegovina,2026-04-29,Standard,Organic,2349,783,Low,True,False
4189,Julie Mellor,zgreen@example.org,1963-07-22,Male,West Shaun,Ethiopia,2025-02-16,Standard,Organic,2330,834,Low,False,False
4190,Deborah Robertson,paulhayward@example.net,1964-07-19,Male,West Bradley,Kenya,2025-12-15,Standard,Google Ads,2660,821,Low,True,False
4191,Henry Lane,sball@example.com,1976-08-03,Female,Port Ryanbury,France,2024-10-05,Standard,Organic,3169,700,Medium,True,False
4192,Julie Lees,tomali@example.org,1965-02-01,Male,East Katyview,Greenland,2023-12-12,Premium,Organic,11084,681,Medium,True,False
4193,Graham Farmer,walkerkathryn@example.com,1965-02-09,Male,Williamsbury,Sweden,2024-07-28,Standard,Organic,3154,850,Low,True,False
4194,Ms Harriet Warren,martin50@example.net,1962-02-28,Male,Craigmouth,Guatemala,2025-08-27,Business,Referral,17446,722,Medium,True,False
4195,Michael Collins,harry39@example.net,1974-05-13,Male,East Allanburgh,Australia,2025-09-17,Business,Organic,29470,584,High,True,False
4196,Tom Hamilton,austindeclan@example.com,1974-08-14,Male,New Amy,Estonia,2023-06-14,Premium,Referral,5591,713,Medium,True,False
4197,Roger Hughes,amyryan@example.net,1962-08-08,Female,New Ericview,Western Sahara,2024-03-16,Standard,Google Ads,3424,687,Medium,True,False
4198,Jacqueline Burton,smithjamie@example.org,1998-03-01,Non-Binary,Sharonstad,Niue,2023-10-22,Standard,Organic,3772,582,High,True,False
4199,Mrs Emily Campbell,williamsfrancis@example.org,1991-02-16,Female,Lake Marcuston,Ethiopia,2024-09-19,Standard,Organic,3062,686,Medium,True,False
4200,Dr Benjamin Kay,susanwallace@example.net,1982-07-29,Female,Burgesshaven,Hong Kong,2023-07-27,Standard,Organic,3773,681,Medium,True,False
4201,Joan Jones-Graham,barbarapowell@example.net,1958-11-02,Female,Port Anthonyborough,Russian Federation,2025-07-04,Standard,Google Ads,1908,674,Medium,True,False
4202,Jane Jones-Ali,tmarshall@example.net,1978-07-31,Female,South Carole,Barbados,2025-03-22,Standard,Google Ads,3731,572,High,True,False
4203,Sophie Pearce,balllynda@example.com,1952-11-28,Male,South Clivetown,Bahrain,2025-07-21,Standard,Organic,3138,696,Medium,True,False
4204,Louise Moore,brayglen@example.net,1998-07-24,Female,Port Josephine,Singapore,2024-05-27,Standard,Organic,4099,850,Low,True,False
4205,Charlotte Goodwin,thompsondiana@example.com,1956-10-27,Male,East Aimeeborough,Singapore,2025-11-12,Standard,Google Ads,3920,664,Medium,False,False
4206,Dr Kyle Cox,seanbrady@example.net,1965-07-17,Non-Binary,Carlstad,Lithuania,2023-06-20,Premium,Facebook Ads,11723,642,High,True,False
4207,Norman Hill,andrewwall@example.net,1973-09-03,Female,Port Kyleland,Nigeria,2023-09-27,Standard,Referral,3271,557,High,True,False
4208,Harry Owen,walkerduncan@example.org,1979-09-26,Female,Janetside,Pitcairn Islands,2025-10-16,Standard,Google Ads,4179,718,Medium,True,False
4209,Hugh Nelson,abbieturnbull@example.net,1987-07-30,Female,West Samantha,Kazakhstan,2025-02-27,Standard,Google Ads,1946,671,Medium,True,False
4210,Victor Davies,robertszoe@example.com,1976-07-21,Female,Leefurt,Cape Verde,2025-05-26,Standard,Organic,1835,729,Medium,True,False
4211,Melanie Griffin,barkerjoe@example.net,1974-12-21,Male,East Donnaside,Netherlands Antilles,2023-12-03,Standard,Organic,4319,748,Medium,True,False
4212,Mrs Alice Palmer,josh83@example.org,1991-02-24,Male,Walkershire,Kiribati,2025-08-03,Premium,Referral,11102,687,Medium,True,False
4213,Trevor Bentley,huntjulia@example.net,1996-01-28,Female,Port Diana,Slovakia (Slovak Republic),2024-10-31,Standard,Google Ads,2616,826,Low,True,False
4214,Mrs Tracy Savage,perrydamian@example.org,1980-04-20,Male,South Martin,Paraguay,2024-12-18,Premium,Organic,6440,599,High,True,False
4215,Joe Booth,john27@example.org,2006-05-28,Female,Wardside,Puerto Rico,2023-10-19,Standard,Organic,4443,572,High,True,True
4216,Mr Scott Bradshaw,kaurnicola@example.com,1957-08-12,Male,South Michael,Comoros,2023-08-02,Premium,Organic,9633,558,High,True,False
4217,Maria Price-Bailey,scottfuller@example.net,1986-03-14,Male,Port Joanna,Slovakia (Slovak Republic),2026-03-03,Standard,Referral,3543,632,High,True,False
4218,Mr Dominic Brown,marc24@example.org,2007-03-03,Male,West Beth,Mozambique,2024-12-29,Standard,Organic,4901,588,High,False,False
4219,Jacob Flynn,eileenrussell@example.org,1993-11-07,Female,Ashtonburgh,Qatar,2025-05-20,Standard,Google Ads,3599,714,Medium,True,True
4220,Dale Nolan,katiebenson@example.com,1960-04-17,Female,New Stewart,Indonesia,2024-09-08,Standard,Referral,3247,642,High,True,True
4221,Thomas Ford,dalejames@example.org,1997-03-22,Male,Port Adam,Philippines,2026-05-07,Standard,Organic,3432,601,High,True,False
4222,Bryan Wright,ghall@example.com,2001-01-16,Male,Ronaldport,Monaco,2023-06-30,Premium,Google Ads,9220,837,Low,False,False
4223,Dr Benjamin Richardson,susan89@example.com,1974-03-25,Male,Thompsonville,Equatorial Guinea,2024-10-29,Standard,Organic,2787,676,Medium,True,False
4224,Ben Ward,howard25@example.org,1999-01-20,Non-Binary,South William,Peru,2023-12-23,Standard,Google Ads,2936,753,Low,False,False
4225,Simon Ball,psmith@example.com,1953-03-13,Non-Binary,Sheilaburgh,Peru,2025-04-29,Standard,Referral,2908,664,Medium,True,False
4226,Patricia Jones,xlane@example.net,1955-02-07,Female,South Rachel,Samoa,2026-04-12,Standard,Referral,1826,576,High,True,False
4227,Louis Evans,clare18@example.com,1975-05-01,Female,South Kayleighland,Romania,2026-03-09,Standard,Referral,3053,632,High,True,False
4228,Susan Cooper,angelamorgan@example.com,2007-01-01,Female,East Wayne,Burundi,2025-06-22,Standard,Referral,4053,587,High,True,True
4229,Mitchell Hyde-Hall,qmarshall@example.net,1984-01-31,Male,South Hilarytown,Brazil,2024-04-04,Standard,Organic,4614,640,High,False,False
4230,Dr Paula Houghton,griffithskieran@example.com,1992-01-27,Male,East Dennis,El Salvador,2024-04-17,Standard,Organic,3819,713,Medium,True,False
4231,Miss Eleanor Wells,bperry@example.com,1973-11-25,Male,Daviesmouth,Venezuela,2024-05-03,Standard,Organic,2186,625,High,True,False
4232,Janice Robinson,conorwebb@example.net,1982-11-02,Female,New Danielleborough,India,2024-05-05,Standard,Referral,4143,757,Low,True,False
4233,Maureen Metcalfe,kbarker@example.net,1998-04-25,Female,Port Judithshire,Brazil,2024-03-12,Standard,Organic,2343,681,Medium,True,True
4234,Nicole Morris,martinscott@example.net,1947-10-06,Female,South Josephview,Congo,2025-04-26,Standard,Organic,3773,697,Medium,True,False
4235,Francis Johnson,gwilliams@example.com,1974-08-12,Female,West Adrian,Reunion,2024-09-13,Standard,LinkedIn,4005,732,Medium,True,False
4236,Roger Newman,oliverbrown@example.org,1962-06-19,Female,Schofieldburgh,Cayman Islands,2025-04-04,Standard,Organic,3144,605,High,True,False
4237,Jodie Ross-Jones,jonathantaylor@example.net,1999-07-25,Female,Port Lukebury,Marshall Islands,2026-02-08,Standard,Google Ads,4887,676,Medium,True,False
4238,Phillip Wong,robinsondaniel@example.org,1963-07-02,Female,New Joelfort,Vanuatu,2023-07-29,Standard,Facebook Ads,3203,626,High,True,False
4239,Dr Glenn Murray,diane49@example.net,1964-03-04,Male,Dorothystad,Lebanon,2024-10-23,Standard,Google Ads,2571,541,High,True,True
4240,Lesley Ward,samfletcher@example.com,1997-07-18,Male,Griffithsmouth,Cape Verde,2024-08-30,Standard,LinkedIn,3342,776,Low,True,False
4241,Francesca Rowe,flynnsuzanne@example.net,1968-09-24,Female,Carrollchester,Spain,2023-07-01,Premium,Google Ads,6209,668,Medium,True,False
4242,Jodie Lawson-Davis,nharris@example.com,1949-05-23,Non-Binary,East Jade,Burkina Faso,2024-12-03,Standard,Referral,4163,828,Low,True,False
4243,Joanna Walsh,stevenperry@example.org,2001-03-12,Female,Judithtown,Holy See (Vatican City State),2023-11-22,Business,Organic,24377,783,Low,True,False
4244,Beverley Daniels-O'Sullivan,clarkesian@example.org,2002-08-15,Male,Gregoryton,India,2025-11-12,Standard,Referral,2224,833,Low,True,False
4245,Howard Brown,lewislee@example.com,1984-08-17,Male,East Benjaminmouth,Palestinian Territory,2025-09-27,Standard,Organic,3010,744,Medium,True,False
4246,Beth Murphy,egibbons@example.org,1967-05-02,Male,Port Staceyside,Finland,2026-05-19,Standard,LinkedIn,2058,565,High,True,True
4247,Miss Jayne Hussain,keith58@example.net,1966-06-01,Female,Johnsonmouth,Bolivia,2023-07-03,Premium,Organic,9205,690,Medium,True,False
4248,Ms Georgia Wood,williamsjasmine@example.com,1974-08-16,Male,South Jill,Gabon,2024-07-22,Premium,Referral,8978,662,Medium,True,False
4249,Mr Dominic Webb,smartbrett@example.org,2003-06-11,Male,Lake Mathew,Guam,2023-07-03,Standard,Google Ads,2604,799,Low,True,False
4250,Carol Begum,bgibbons@example.org,1984-10-22,Female,Howardtown,Tonga,2026-06-04,Standard,Organic,4421,624,High,True,False
4251,Natasha Curtis,smithsharon@example.com,1946-01-22,Non-Binary,Kimberleybury,Tokelau,2024-05-15,Premium,Google Ads,8099,640,High,True,False
4252,Mrs Frances Brown,glenjohnston@example.com,1949-09-14,Male,Millsfort,Colombia,2024-10-05,Standard,LinkedIn,1845,701,Medium,True,False
4253,Ian Tomlinson,dawningram@example.net,1997-12-03,Male,Garryport,Micronesia,2023-10-22,Standard,Referral,2508,709,Medium,True,False
4254,Samuel Henry,geraldineosborne@example.net,1947-11-03,Male,Port Garethhaven,Macao,2024-01-01,Standard,Referral,2586,683,Medium,True,False
4255,Dr Gerald Clark,kdavidson@example.net,2000-12-23,Non-Binary,Yvonnemouth,Botswana,2024-03-04,Standard,Organic,4455,598,High,True,True
4256,Andrea Singh,francescarter@example.org,1957-03-08,Female,Davisstad,Afghanistan,2024-07-15,Premium,Organic,8170,675,Medium,True,False
4257,Ian Webster,glennroberts@example.org,2003-10-25,Female,Port Francesbury,Armenia,2026-05-03,Standard,Google Ads,3758,615,High,True,False
4258,Grace Skinner,dallen@example.net,1957-12-17,Female,Brownview,New Zealand,2025-02-11,Premium,Organic,10137,535,High,True,True
4259,Paula Walker,hrobinson@example.org,1959-07-12,Female,North Ameliafort,British Indian Ocean Territory (Chagos Archipelago),2024-08-13,Standard,Organic,1928,667,Medium,True,False
4260,Jacqueline Daly-Daly,patricia52@example.com,1965-04-27,Male,Hallburgh,Syrian Arab Republic,2025-06-06,Standard,Organic,2608,560,High,True,False
4261,Joseph Norman-Morris,daniel50@example.org,1957-04-18,Female,Port Williamside,Sri Lanka,2025-08-07,Standard,Google Ads,4315,706,Medium,True,False
4262,Denise Anderson,gregorywebb@example.org,1977-11-26,Male,Port Annaton,Kazakhstan,2026-04-16,Standard,Organic,3708,566,High,True,False
4263,Paula Price,callumweston@example.com,2002-04-13,Female,West Gordonton,Guatemala,2025-04-28,Standard,Facebook Ads,3291,850,Low,True,False
4264,Sheila Rahman,oliverwallis@example.net,2002-01-27,Male,Lake Derekburgh,Korea,2023-07-05,Standard,Google Ads,4906,740,Medium,True,False
4265,Mr Leigh Green,plong@example.com,1983-12-17,Male,New Georgiaport,Reunion,2026-06-07,Standard,Referral,4381,567,High,True,False
4266,Jodie Holmes,smithlawrence@example.net,1969-10-18,Male,West Jonathan,Serbia,2024-06-25,Standard,Organic,3386,649,High,True,True
4267,Amber Schofield,adamjones@example.com,1958-10-20,Female,Joanneview,Algeria,2025-11-19,Standard,LinkedIn,3567,822,Low,True,False
4268,Mr David Rice,katherinematthews@example.org,1965-09-28,Male,Morganhaven,Aruba,2026-04-13,Standard,Referral,2660,736,Medium,True,True
4269,Mr Roger O'Brien,wali@example.org,1951-06-16,Male,Smithmouth,Puerto Rico,2024-10-27,Standard,Google Ads,2448,755,Low,True,False
4270,Jane Willis,smithkevin@example.org,1956-07-02,Female,Stewartshire,Fiji,2023-12-13,Standard,Referral,3149,706,Medium,False,False
4271,Mr Leslie Nash,gareth61@example.org,1996-03-26,Male,Pageshire,Morocco,2026-03-09,Standard,Google Ads,4634,631,High,False,False
4272,Philip Hanson,lawpatrick@example.com,1987-08-27,Female,Port Trevor,Fiji,2024-01-11,Standard,Organic,2530,561,High,True,False
4273,Philip Wood,sylvia30@example.net,1978-04-04,Female,Port Diana,Argentina,2023-11-27,Standard,Referral,4275,696,Medium,True,False
4274,Dr Leanne Newton,ptaylor@example.org,2008-01-09,Female,Bennettstad,Azerbaijan,2024-07-05,Standard,Google Ads,2037,731,Medium,True,False
4275,Jean Wilson,raymondsmith@example.org,1950-07-10,Non-Binary,Port Leanne,Namibia,2024-03-22,Standard,LinkedIn,3550,629,High,True,False
4276,Gail Clarke-Martin,ghyde@example.com,1992-08-31,Female,New Carlfort,Tajikistan,2023-09-15,Standard,Referral,2284,674,Medium,False,False
4277,Caroline Hutchinson,helenturner@example.net,1955-06-11,Male,Thompsontown,Guadeloupe,2025-11-23,Standard,Google Ads,3264,628,High,True,False
4278,Wayne Hall,uhughes@example.org,1975-02-07,Female,Nigelland,Austria,2025-01-28,Standard,Organic,3179,717,Medium,True,False
4279,Billy Simpson,richardsonfrances@example.com,2004-05-21,Male,Simonmouth,Denmark,2023-12-10,Standard,Organic,3056,630,High,True,False
4280,George Robinson,lauradunn@example.net,1977-01-25,Male,Lake Annashire,British Virgin Islands,2025-08-16,Standard,Referral,1829,671,Medium,True,False
4281,Victoria Robinson-Cox,lmorley@example.com,1968-10-12,Female,North Guy,Brunei Darussalam,2025-09-02,Standard,Referral,3341,803,Low,True,False
4282,Alexander Smith,marshgeorge@example.net,1975-04-18,Female,West Rhyshaven,Bahamas,2025-09-18,Standard,Google Ads,4041,759,Low,True,False
4283,Colin Cole,kevinrichardson@example.com,1988-08-18,Female,North Marionhaven,Anguilla,2025-05-14,Standard,Facebook Ads,3342,716,Medium,True,False
4284,Timothy Edwards,sgallagher@example.net,1998-01-09,Female,New Stacey,Poland,2025-07-02,Standard,Referral,4189,754,Low,True,False
4285,Brett Thompson,ewebster@example.net,1966-01-09,Male,Armstrongmouth,Tonga,2026-03-14,Standard,Google Ads,2214,775,Low,True,False
4286,Gemma Barnes-Barber,xjones@example.org,1947-12-22,Female,South Alexandra,Tajikistan,2026-01-18,Premium,Facebook Ads,10775,624,High,True,True
4287,Ms Jade Gibson,malcolmgriffin@example.org,1995-05-08,Male,Humphriesmouth,Lithuania,2025-09-01,Standard,Referral,2150,684,Medium,True,False
4288,Mr Bruce Blake,randalleileen@example.com,1978-10-24,Non-Binary,Thomsonport,Iraq,2023-10-21,Premium,Facebook Ads,8605,682,Medium,True,False
4289,Jake Harrison,normanhenry@example.net,1971-02-09,Male,Deanbury,Ethiopia,2025-07-18,Standard,Facebook Ads,3871,643,High,True,False
4290,Samantha Saunders-Hawkins,mathewmay@example.com,1974-04-09,Male,East Dannybury,Cayman Islands,2025-07-31,Standard,Organic,2175,706,Medium,True,False
4291,Dr Timothy Harris,murraysharon@example.com,1952-04-19,Female,Marymouth,Lao People's Democratic Republic,2025-09-05,Standard,Organic,3333,772,Low,True,False
4292,Louise Ferguson-Gibbons,colinbaker@example.org,1947-03-15,Female,Dixonland,Malta,2024-02-26,Standard,Organic,3928,591,High,True,False
4293,Connor Robinson,adam79@example.net,1965-01-13,Male,East Georgeside,Myanmar,2024-11-12,Standard,Organic,4320,820,Low,True,False
4294,Stephanie Fox,hayleyjohnson@example.com,1951-07-13,Female,East Karenmouth,Equatorial Guinea,2024-09-03,Standard,Referral,4940,678,Medium,True,False
4295,Barry Ahmed,stanley32@example.org,1963-05-07,Female,Lake Rebecca,Venezuela,2024-10-04,Business,Referral,15501,696,Medium,False,False
4296,Lisa Taylor,vwilson@example.com,1989-06-10,Female,East Edward,Senegal,2024-03-25,Standard,Organic,2732,557,High,True,False
4297,Mrs Dawn Baker,brendagreen@example.org,1966-07-29,Male,Tracyshire,Cocos (Keeling) Islands,2024-08-06,Standard,Referral,2630,672,Medium,True,False
4298,Miss Geraldine Bryant,davidshepherd@example.com,2004-02-05,Male,Rosschester,Malaysia,2023-10-10,Standard,Organic,3710,703,Medium,False,False
4299,Mathew Bradley,jcook@example.net,1998-05-16,Female,South Jessicamouth,Tanzania,2026-04-15,Standard,Referral,4465,702,Medium,True,False
4300,Callum Barnes,sthompson@example.org,1959-09-08,Female,Katieberg,Vanuatu,2026-04-14,Standard,Google Ads,1813,753,Low,True,False
4301,Derek Leonard,patrick82@example.org,1967-10-19,Female,Evansville,Chile,2025-01-06,Standard,Referral,3343,561,High,True,True
4302,Timothy Jackson,jordan45@example.com,1965-07-08,Male,Lake Dennis,Paraguay,2024-05-02,Standard,Facebook Ads,2164,635,High,True,True
4303,Andrew Field-Payne,conwaymohamed@example.com,1954-07-21,Male,Rosemarytown,Chad,2023-08-17,Standard,Google Ads,1988,720,Medium,False,False
4304,Miss Lynn Woods,briggscallum@example.net,1952-07-08,Male,Port Ericshire,Iran,2026-06-10,Standard,Referral,2702,794,Low,True,False
4305,Olivia Page-Jones,tinajames@example.org,1990-07-02,Female,Doddberg,Niue,2026-05-08,Standard,Facebook Ads,4872,792,Low,True,False
4306,Stewart Turner,khussain@example.com,1963-10-29,Female,Thompsonhaven,Botswana,2024-02-04,Standard,Google Ads,3388,639,High,True,True
4307,Connor Newton,lawrencephilip@example.com,1959-07-14,Male,South Mariaburgh,Tajikistan,2026-05-25,Standard,Facebook Ads,1800,770,Low,True,False
4308,Mrs Anna Johnson,abbierobinson@example.org,1957-10-23,Non-Binary,North Jemmamouth,Sudan,2025-02-28,Premium,Referral,10929,693,Medium,True,False
4309,Keith Cooper-Allan,joanne71@example.net,2004-04-20,Female,Sarahview,Gibraltar,2025-03-04,Premium,Organic,9042,769,Low,True,False
4310,Mr Ian Godfrey,tracey12@example.org,1970-07-21,Male,Lake Peterfort,British Virgin Islands,2024-07-05,Standard,Organic,3578,664,Medium,True,False
4311,Russell Smith,steven50@example.org,2000-04-03,Female,West Katiehaven,Cape Verde,2024-03-29,Business,Organic,14240,580,High,True,False
4312,Jacqueline Smith-Bryant,crichardson@example.net,1996-10-09,Female,Wilsonmouth,Zambia,2024-01-29,Standard,Referral,4196,585,High,True,False
4313,Dr Danny Pollard,baldwinlesley@example.net,1948-10-03,Male,Lake Abbie,Barbados,2024-05-29,Standard,Facebook Ads,3000,576,High,True,False
4314,Frances Higgins-Hudson,barnettnatalie@example.net,1966-07-01,Female,Phillipshaven,Ireland,2026-05-03,Premium,Google Ads,10172,553,High,True,False
4315,Tina Gregory,claireanderson@example.net,1948-10-11,Male,Shortmouth,Qatar,2024-12-25,Standard,Referral,3339,813,Low,False,False
4316,Jennifer Holland,lphillips@example.com,1984-09-23,Male,Zoeburgh,Poland,2024-08-26,Premium,Google Ads,11367,656,Medium,True,False
4317,William Ford,sandra32@example.org,1986-10-03,Male,North Leslieville,Bhutan,2025-04-04,Standard,Google Ads,1833,615,High,True,False
4318,Mr Roy Carpenter,rreed@example.org,1964-07-19,Male,Hendersonberg,Liechtenstein,2026-02-03,Standard,Organic,2027,687,Medium,True,False
4319,Ms Nicola Hussain,hendersonsophie@example.org,1966-01-24,Male,Lake Jill,Korea,2024-07-10,Premium,Google Ads,6699,661,Medium,True,False
4320,Denis Ward,oholmes@example.com,1951-06-25,Non-Binary,North Carl,Saudi Arabia,2024-09-15,Business,Referral,25555,752,Low,True,False
4321,Ben Mitchell,richard43@example.net,1993-12-12,Male,East Victormouth,South Africa,2024-10-12,Premium,Facebook Ads,11714,631,High,True,False
4322,Declan Wilson,carlmorrison@example.net,1945-11-15,Male,East Beth,Algeria,2024-08-10,Standard,Organic,3740,657,Medium,True,False
4323,Peter Cox,mohamed24@example.net,1970-09-26,Female,Port Lindseymouth,Guinea-Bissau,2023-09-11,Standard,Google Ads,4885,847,Low,True,False
4324,Kenneth Fleming,thompsonwendy@example.net,1950-07-19,Male,Lauraville,Christmas Island,2026-01-26,Standard,Google Ads,3502,777,Low,True,False
4325,Samuel Russell,kevinsingh@example.net,1993-03-06,Male,West Jeremyfurt,Cook Islands,2026-03-14,Premium,LinkedIn,7056,846,Low,True,False
4326,Miss Holly Bibi,gerard44@example.org,1954-01-20,Male,East Marie,Sri Lanka,2025-09-27,Standard,Organic,2142,779,Low,True,False
4327,Dr Wayne Pearson,cooperdanny@example.com,1945-08-10,Male,Marilynborough,Trinidad and Tobago,2024-06-16,Standard,Facebook Ads,2312,731,Medium,True,False
4328,Frances Martin,naomismith@example.com,1968-10-08,Male,Scottside,Madagascar,2024-07-31,Premium,Referral,7631,683,Medium,True,False
4329,Dr Louise Hall,paul27@example.org,1995-12-18,Female,South Jeremy,France,2023-07-18,Standard,Facebook Ads,3153,791,Low,True,False
4330,Vanessa Smith,oneillkelly@example.org,1998-07-04,Female,Clarkefort,Greenland,2023-12-23,Standard,Referral,2257,672,Medium,True,False
4331,Hugh Clayton,rgiles@example.com,1979-11-22,Male,South Jamie,Malta,2024-07-08,Standard,Facebook Ads,4421,788,Low,True,False
4332,Gavin Murphy,pughdenis@example.com,1975-11-29,Female,North Arthurchester,Saint Barthelemy,2024-01-03,Standard,Facebook Ads,4644,657,Medium,True,False
4333,Joseph Baxter,harrisjill@example.com,1967-10-12,Male,East Paulatown,Dominica,2025-09-26,Standard,Google Ads,3112,693,Medium,True,True
4334,Dr Malcolm Clarke,uwhite@example.com,1990-05-21,Male,South Lee,Malawi,2025-10-11,Premium,Facebook Ads,7485,686,Medium,True,False
4335,Christopher Hussain,stewart35@example.com,1996-03-26,Female,New Iain,Ethiopia,2024-10-24,Standard,Referral,4101,753,Low,True,False
4336,Gareth Simpson-Smith,katherinehall@example.com,1966-12-04,Female,Greenville,Czech Republic,2024-07-31,Standard,LinkedIn,2620,593,High,True,False
4337,Ms Tracy Reynolds,jasonmason@example.org,1981-05-15,Female,Bellhaven,Paraguay,2024-03-07,Premium,Referral,6652,655,Medium,True,False
4338,Toby Reed,marcus70@example.net,1998-03-14,Male,Jeanton,Thailand,2025-10-19,Standard,LinkedIn,2004,736,Medium,True,False
4339,Dr Denis Kirby,andrewwhite@example.com,1971-06-05,Female,New Linda,Poland,2024-08-05,Standard,LinkedIn,2331,540,High,True,True
4340,Vanessa Hooper,victorcross@example.com,1971-02-18,Male,West Shirleyfort,Gibraltar,2024-04-11,Premium,Referral,5896,744,Medium,False,False
4341,Jonathan Arnold-Spencer,lorraine17@example.org,1958-09-27,Male,West Joel,Cote d'Ivoire,2026-04-27,Standard,Referral,3245,598,High,False,False
4342,Allan Richardson,rebecca14@example.org,1957-08-30,Male,North Gerard,Dominican Republic,2024-06-20,Premium,Organic,11058,778,Low,True,False
4343,Tracey Thomas,daviesdaniel@example.com,1964-06-13,Male,Birdchester,Guam,2024-12-05,Standard,Google Ads,4794,709,Medium,True,True
4344,Jill Webb,tomjones@example.net,1974-02-21,Male,Charlesfurt,Vanuatu,2023-06-14,Standard,Referral,2482,696,Medium,True,False
4345,Alice Cox,anthonynash@example.net,1991-04-02,Non-Binary,Lake Charlottestad,Western Sahara,2023-07-10,Premium,Organic,6887,681,Medium,False,False
4346,Ms Joyce Lawrence,douglasmoss@example.org,1992-11-15,Female,Taylorstad,British Indian Ocean Territory (Chagos Archipelago),2025-08-24,Premium,LinkedIn,9822,756,Low,True,False
4347,Mrs Paula May,ucoates@example.net,1961-11-07,Male,New Paige,Pitcairn Islands,2026-03-24,Standard,Referral,2348,664,Medium,True,False
4348,Dr Terry Hale,scottkerry@example.com,2006-06-10,Male,Garnerhaven,Suriname,2024-04-26,Standard,Referral,3710,658,Medium,True,True
4349,Ben Cooke-Reed,natalielloyd@example.com,1993-02-05,Male,Caroleburgh,China,2025-07-14,Standard,Organic,2465,685,Medium,True,False
4350,Lawrence Johnson,phillipsgarry@example.org,1983-10-16,Male,Sandramouth,Canada,2024-01-07,Standard,Referral,3223,667,Medium,True,False
4351,Kim Brown,swilliams@example.net,1999-09-15,Female,Whiteview,Congo,2026-02-14,Standard,Facebook Ads,4694,750,Low,True,False
4352,Nicola Wright,fwood@example.org,1981-11-01,Female,Fordfort,India,2025-03-06,Premium,Organic,9734,641,High,True,False
4353,Rosemary Watson,lynda77@example.org,1996-05-08,Non-Binary,West Antony,Austria,2025-01-24,Standard,Organic,4188,528,High,True,False
4354,Eric Wilson,lydialamb@example.net,1953-04-12,Female,East Leonard,Korea,2025-02-17,Premium,Organic,5349,495,High,True,True
4355,Mr Glen Humphreys,briggsdennis@example.com,1951-10-27,Female,South Grace,United States Minor Outlying Islands,2023-07-14,Standard,Referral,2201,588,High,True,False
4356,Dr Matthew Wilkins,jonesnaomi@example.org,1981-09-27,Female,East Hazel,Finland,2025-04-22,Premium,Referral,11711,636,High,True,False
4357,Marilyn Mills-Robertson,vwilliams@example.net,1957-06-02,Female,West Kerryville,Saint Vincent and the Grenadines,2024-08-27,Standard,Facebook Ads,2164,759,Low,False,False
4358,Thomas Harrison,burrowsjennifer@example.org,1947-03-07,Female,West Joeborough,Georgia,2025-06-25,Standard,Google Ads,2457,725,Medium,False,False
4359,Rebecca Morgan,stephaniejones@example.net,1952-04-27,Female,Jonesstad,Norway,2025-06-22,Premium,Referral,6224,531,High,True,False
4360,Guy Bird,rachaelwhitehouse@example.net,1987-08-12,Female,Port Lewisport,Tokelau,2024-11-28,Premium,Facebook Ads,9030,592,High,False,False
4361,Mr Clive Thompson,dale64@example.net,2004-06-14,Male,Traceybury,Canada,2026-05-16,Standard,Organic,2439,699,Medium,True,False
4362,Sally Turner,ross47@example.com,1993-07-12,Female,Marilynmouth,Yemen,2024-09-30,Standard,Google Ads,4864,816,Low,True,False
4363,Fiona Berry,paige44@example.net,2006-08-31,Female,South Stacey,Benin,2024-01-29,Standard,Google Ads,3250,656,Medium,False,False
4364,Lee Foster,woodwardlydia@example.org,1957-11-01,Female,Benberg,San Marino,2026-05-09,Standard,Google Ads,3263,774,Low,True,False
4365,Joanna Jordan,vbennett@example.org,1972-09-08,Female,East Gemmaport,Ethiopia,2024-10-22,Standard,LinkedIn,3680,591,High,True,False
4366,Lynda Vaughan,clive66@example.net,1982-10-13,Female,Ryanland,Malaysia,2024-04-14,Standard,Google Ads,4762,832,Low,True,False
4367,Hazel Roberts,turnergerard@example.net,1992-04-01,Female,Carrollview,Bulgaria,2023-07-19,Standard,LinkedIn,3909,717,Medium,False,False
4368,Howard Sharpe,clifford58@example.net,2003-11-24,Female,Port Frank,Saint Vincent and the Grenadines,2025-01-31,Premium,Organic,10254,725,Medium,True,True
4369,Valerie Evans,fbradley@example.org,1965-03-17,Male,Mooreland,Czech Republic,2024-05-28,Standard,Organic,2267,642,High,True,False
4370,Bernard Dean,marshalltracey@example.com,1987-10-01,Female,North Leon,Turks and Caicos Islands,2025-03-27,Standard,Referral,3493,572,High,True,False
4371,Dr Douglas Harris,allan33@example.com,1967-11-26,Non-Binary,Jasmineburgh,Morocco,2025-05-16,Standard,Facebook Ads,1803,850,Low,True,False
4372,Ellie Ball,gibsonnaomi@example.net,1945-11-05,Female,Lake Marilyn,Bahamas,2024-10-24,Standard,Organic,3775,760,Low,True,False
4373,Shane Bryan,leannenicholls@example.com,1970-03-03,Female,Mauriceside,Serbia,2025-02-25,Standard,Facebook Ads,3739,690,Medium,True,False
4374,Julie James,iturnbull@example.net,1991-03-12,Female,Lake Mariahaven,Mexico,2026-01-13,Premium,LinkedIn,8692,728,Medium,True,False
4375,Kerry Naylor,charlesgraham@example.net,2001-09-26,Male,Port Elizabeth,Kyrgyz Republic,2024-07-22,Standard,Google Ads,4493,787,Low,True,False
4376,Victor Khan-Holland,icook@example.net,1983-10-01,Male,West Jake,Jersey,2025-07-23,Business,Organic,24947,715,Medium,True,True
4377,Antony Green,barrycharlton@example.org,1978-07-22,Male,South Jemma,Venezuela,2023-09-24,Business,Google Ads,24104,643,High,True,False
4378,Edward Richards,ghowells@example.org,1951-06-03,Male,Mauriceville,Sierra Leone,2024-05-06,Standard,Google Ads,2554,604,High,True,False
4379,Mr Adam Holden,ross21@example.net,1992-10-15,Male,Lake Stuartfort,Monaco,2023-07-21,Standard,Google Ads,1915,572,High,True,False
4380,Donna Webb,tgregory@example.net,2006-06-08,Male,West Aliceport,Cocos (Keeling) Islands,2024-04-27,Premium,Referral,7843,771,Low,True,False
4381,Luke Baker-Owen,bsmith@example.org,1985-12-02,Female,Port Charlenestad,Mayotte,2025-05-22,Standard,Organic,4571,797,Low,True,False
4382,Michael Knight,leannehall@example.com,2006-05-09,Male,Prattville,Central African Republic,2025-10-09,Standard,Organic,3779,670,Medium,True,False
4383,Gordon Green,dhall@example.net,1966-11-14,Female,West Mohammed,Djibouti,2025-03-05,Standard,Organic,3269,753,Low,True,False
4384,Norman O'Neill,tharrison@example.org,1973-12-01,Male,Lake Simon,Tonga,2025-07-25,Standard,Facebook Ads,2540,590,High,True,False
4385,Lisa Green-Lewis,clarkebilly@example.net,2000-01-16,Male,Janetland,South Georgia and the South Sandwich Islands,2026-05-17,Standard,Organic,4412,735,Medium,True,False
4386,Ms Brenda Fox,ecooke@example.net,1950-04-24,Female,Port Charlotte,Malta,2025-07-20,Standard,Referral,4647,679,Medium,True,False
4387,Chelsea Byrne-Owen,kirsty45@example.net,1996-10-24,Female,West Megan,Cyprus,2026-04-20,Standard,LinkedIn,4233,671,Medium,True,False
4388,Mr Daniel Owens,darren61@example.com,1995-04-07,Female,Goddardburgh,Bouvet Island (Bouvetoya),2023-07-25,Premium,Google Ads,9306,845,Low,True,False
4389,Bernard Atkinson,ngriffiths@example.org,1954-11-19,Female,Port Christine,Rwanda,2025-02-17,Standard,Facebook Ads,2197,753,Low,True,False
4390,Duncan Hale,watkinschloe@example.org,2000-12-24,Male,New Adam,Afghanistan,2023-12-27,Standard,Organic,3285,606,High,True,False
4391,Valerie Johnson,wwood@example.org,2007-03-25,Female,Wilkinsonberg,Egypt,2025-07-30,Standard,Referral,4130,669,Medium,True,False
4392,Naomi Williams,emiller@example.org,2001-10-18,Male,South Lindseybury,Zimbabwe,2025-05-16,Premium,Google Ads,9886,614,High,True,False
4393,Kirsty Collins,gwalsh@example.org,1950-06-18,Male,Morrisonburgh,Lesotho,2025-12-29,Premium,Organic,9652,751,Low,True,False
4394,Dr Victor Rose,egardner@example.net,1991-04-08,Male,Pearsonview,Solomon Islands,2026-02-15,Premium,Facebook Ads,11642,648,High,True,True
4395,Dr Vanessa Fletcher,annette32@example.com,1978-07-06,Female,West Hughville,Italy,2025-11-07,Premium,LinkedIn,5290,717,Medium,False,False
4396,Nicholas Hill-Wilson,marymiles@example.net,1992-01-02,Female,South Diane,Brazil,2025-10-20,Premium,Google Ads,11504,745,Medium,True,False
4397,Valerie Miller,kathleen13@example.org,2003-06-29,Male,Lake Holly,Bermuda,2023-11-15,Premium,Organic,10225,646,High,True,False
4398,Mr Adam Jones,wsheppard@example.net,1988-03-01,Male,South John,Libyan Arab Jamahiriya,2025-12-11,Premium,LinkedIn,8583,642,High,True,False
4399,Tracey Lewis,martin59@example.com,1975-01-11,Female,New Tonyside,Saint Kitts and Nevis,2023-07-31,Business,Referral,20223,747,Medium,True,True
4400,Duncan Ward,alexandercarr@example.org,1954-03-06,Male,Kirstyberg,Saint Vincent and the Grenadines,2025-12-30,Standard,Referral,2001,726,Medium,True,False
4401,Oliver Mann,burgessvictor@example.net,1987-12-10,Female,Lawsonbury,Guam,2025-01-09,Standard,Referral,3484,754,Low,True,False
4402,Wayne Brown,toby32@example.org,1992-06-07,Female,Lawrencefort,Belgium,2024-02-01,Standard,Referral,3920,645,High,False,True
4403,Victor Fox,baileytom@example.net,1952-08-22,Non-Binary,West Nigelmouth,Bolivia,2026-02-25,Premium,Google Ads,8828,835,Low,True,False
4404,Stephen Hamilton,dawn84@example.net,1992-04-21,Female,Shawberg,Belize,2025-03-28,Standard,LinkedIn,4272,794,Low,False,False
4405,Arthur Townsend,ben75@example.com,2000-01-20,Male,Wardshire,Kazakhstan,2025-01-23,Business,Organic,21154,700,Medium,True,False
4406,David Wallace,cevans@example.org,1980-08-28,Male,East Garethview,Honduras,2024-03-14,Standard,Google Ads,4624,604,High,True,False
4407,Sophie Patel-Taylor,brettberry@example.org,2002-01-13,Male,Owenmouth,Mozambique,2024-09-04,Standard,Facebook Ads,2742,597,High,True,False
4408,Mr Aaron Pearce,franksmith@example.net,1960-11-17,Male,Eileenshire,Guinea-Bissau,2025-01-13,Premium,Referral,9950,700,Medium,True,False
4409,Tracy Dickinson-Brown,ogriffiths@example.net,1949-01-04,Female,Tracystad,Belgium,2025-07-18,Standard,Google Ads,3119,739,Medium,True,False
4410,Hilary Lynch,williamhughes@example.net,1986-04-15,Female,New Elliotmouth,Zimbabwe,2025-04-11,Premium,Referral,6647,647,High,True,False
4411,Dr Leon Fletcher,cherylsmith@example.org,1956-12-29,Male,Kathrynport,Iceland,2024-04-13,Standard,Organic,3800,776,Low,True,False
4412,Eleanor Fitzgerald,staceyphillips@example.net,1966-06-15,Male,Lake Kieranfurt,Somalia,2024-10-07,Standard,Google Ads,4138,581,High,True,False
4413,Joel Williams,knowleslisa@example.com,1974-04-03,Male,Phillipton,Norfolk Island,2024-07-08,Standard,Google Ads,3936,846,Low,True,False
4414,Mr Alexander Tomlinson,mariondobson@example.net,1961-04-29,Male,Lake Stevenville,Serbia,2024-08-02,Standard,Facebook Ads,4791,673,Medium,False,False
4415,Judith Watson,campbellhollie@example.net,1963-01-28,Female,West Adrian,Bangladesh,2026-03-03,Standard,LinkedIn,2532,680,Medium,True,False
4416,Michelle King,oking@example.net,1997-06-30,Non-Binary,Lake Dawnville,South Africa,2023-09-03,Premium,LinkedIn,8596,589,High,True,False
4417,David Reed,chelseaandrews@example.net,1990-03-18,Male,Hugheshaven,Saint Helena,2025-08-05,Standard,Google Ads,4097,687,Medium,True,False
4418,Glen Ward-Singh,robinsonkelly@example.com,2008-02-08,Male,North Katie,Mauritania,2024-12-09,Standard,Google Ads,3864,810,Low,True,False
4419,Damien Hughes,amy49@example.net,2003-03-05,Female,New Fiona,United States Virgin Islands,2024-09-26,Premium,Organic,6296,742,Medium,True,False
4420,Samuel Harris,fitzgeralddiane@example.com,2002-05-23,Female,Begumfort,Seychelles,2024-10-14,Standard,Referral,4768,850,Low,True,False
4421,Mr Ryan Tucker,wwells@example.com,1995-08-30,Female,New Charlottefort,Denmark,2024-06-11,Standard,LinkedIn,2882,653,Medium,True,False
4422,Ms Brenda Cox,bprice@example.com,1957-11-02,Female,East Dawnville,Nigeria,2025-04-08,Standard,Referral,3043,607,High,True,False
4423,Denise Walker,bfletcher@example.com,2000-04-21,Male,Baxtertown,Azerbaijan,2024-04-23,Premium,LinkedIn,10579,720,Medium,True,False
4424,Kimberley Taylor,jandrews@example.com,2002-03-26,Female,East Claremouth,Dominican Republic,2023-12-09,Premium,Google Ads,10259,701,Medium,True,False
4425,Tom Watkins,geoffreyjones@example.org,1975-05-01,Female,New Bradleyhaven,France,2024-08-09,Standard,Referral,3853,716,Medium,True,False
4426,Dr Jonathan Dale,andrea05@example.org,1962-04-05,Male,Terryland,Dominican Republic,2025-01-28,Standard,Organic,4057,743,Medium,True,False
4427,Megan Parsons-Clark,jeffrey63@example.org,1989-04-01,Male,Port Bradley,Togo,2023-10-01,Standard,Google Ads,3714,728,Medium,True,False
4428,Thomas Smith,douglas31@example.com,1992-01-08,Female,Watkinsland,Sri Lanka,2023-12-12,Standard,LinkedIn,3865,596,High,False,False
4429,Kim Jones,kathryn52@example.net,1947-11-11,Female,Gordonmouth,United States Virgin Islands,2024-04-25,Business,Referral,31182,623,High,True,False
4430,Dr Jason Mills,simpsonjacqueline@example.net,1956-09-20,Female,East Richardstad,Madagascar,2025-09-13,Standard,Referral,4867,635,High,True,False
4431,Zoe King,davishoward@example.org,1966-06-12,Female,East Clifford,South Georgia and the South Sandwich Islands,2025-07-08,Standard,Google Ads,2879,629,High,True,True
4432,Sean Watson,burnspaul@example.com,2002-06-17,Male,Lake Emmaport,Faroe Islands,2025-07-06,Standard,Referral,4350,687,Medium,True,False
4433,Miss Amy Palmer,jmoore@example.org,2002-08-07,Male,North Emma,Ethiopia,2024-07-20,Premium,Organic,8392,740,Medium,False,True
4434,Ben Richardson-Russell,rfarrell@example.com,1979-03-20,Female,Declanborough,Bangladesh,2023-11-21,Standard,Organic,1955,773,Low,True,False
4435,Jane Bevan,burtonglen@example.net,1963-01-23,Female,East Fiona,Philippines,2024-11-28,Standard,Organic,3276,700,Medium,True,False
4436,Hollie Dixon-Hunt,mollyhewitt@example.net,1951-01-18,Female,Deanberg,Lebanon,2025-06-13,Business,Referral,22936,727,Medium,True,False
4437,Joe Bell,lorraineduffy@example.org,1987-01-30,Female,New Briantown,Niue,2025-09-15,Premium,Referral,5200,636,High,True,True
4438,Damian Lewis,pricemary@example.org,2003-01-31,Female,Andersonton,Brazil,2026-01-16,Standard,Referral,4705,795,Low,True,False
4439,Darren Ahmed,christian77@example.net,1988-08-07,Female,Jonathanport,El Salvador,2026-05-06,Business,Organic,32931,661,Medium,True,False
4440,Samuel Douglas,robertpope@example.com,1983-01-14,Male,Lake Trevorville,Myanmar,2024-11-24,Standard,Google Ads,4655,727,Medium,True,False
4441,Louise Griffiths,francesbegum@example.com,1974-05-11,Male,Buckleyfort,Papua New Guinea,2024-06-29,Business,Referral,31795,669,Medium,True,False
4442,Dr Kieran Burgess,tracy45@example.com,1982-12-30,Male,Alisonborough,Tanzania,2024-03-21,Standard,Referral,1981,585,High,True,True
4443,Sally Taylor,richardssean@example.com,1981-07-04,Female,Aimeechester,Guinea-Bissau,2023-06-15,Standard,Organic,3118,798,Low,True,False
4444,Mrs Mary Morris,fleonard@example.org,1962-02-13,Female,Yvonneberg,Guadeloupe,2024-03-24,Premium,Organic,11305,770,Low,True,False
4445,Georgina Lambert,wtaylor@example.org,1981-01-04,Female,East Francis,Kuwait,2024-02-13,Standard,Facebook Ads,2027,691,Medium,True,False
4446,Frances Buckley-Kennedy,iclements@example.org,1973-02-27,Male,Sykesmouth,Guam,2025-04-01,Premium,Referral,7778,673,Medium,True,False
4447,Marie Manning,russellbrenda@example.net,1964-05-12,Female,Mohammedburgh,Mayotte,2024-02-28,Standard,Organic,3426,687,Medium,True,False
4448,Chloe Scott,ellisrhys@example.org,1951-05-26,Male,Taylorport,Micronesia,2025-06-20,Standard,Referral,3597,749,Medium,True,False
4449,Dr Donald Stephens,richardreeves@example.com,1981-01-27,Male,New Gillianview,Norfolk Island,2026-01-13,Standard,Organic,1920,671,Medium,True,False
4450,Laura Hall,rachel57@example.net,1975-07-31,Female,Karlview,Dominican Republic,2025-02-22,Standard,Facebook Ads,4199,748,Medium,True,False
4451,Dale Clark,hughflynn@example.net,2002-10-18,Female,South Stuartport,Fiji,2023-11-05,Premium,Organic,6581,700,Medium,True,False
4452,Louis Middleton-Taylor,ewatson@example.com,2003-08-02,Male,Hazelview,Suriname,2023-07-30,Premium,Google Ads,10682,807,Low,False,False
4453,Mr Martin Daniels,hallruth@example.org,2007-11-22,Female,South Ellie,Turks and Caicos Islands,2025-07-26,Standard,LinkedIn,2732,684,Medium,True,True
4454,Graham Rowley,ggreen@example.org,1946-01-19,Male,West Carolestad,Cyprus,2025-03-27,Premium,Facebook Ads,10776,742,Medium,True,False
4455,Lisa Walters-Buckley,jeanarcher@example.org,1960-06-15,Female,Charlottefurt,Cook Islands,2024-09-04,Premium,Organic,11181,774,Low,True,False
4456,Ross Ward,bsaunders@example.com,1997-10-09,Female,East Margaretland,Cyprus,2023-12-09,Standard,Organic,3156,791,Low,False,False
4457,Mrs Lynda Hurst,richardsjulie@example.com,1963-02-19,Female,Alexandermouth,Uganda,2024-08-08,Standard,Google Ads,3863,711,Medium,False,True
4458,Suzanne Noble,wgray@example.com,1997-07-01,Female,West Neil,Israel,2025-06-18,Premium,Organic,5099,734,Medium,True,False
4459,Mrs Katherine Ward,sarah67@example.org,1967-11-11,Male,New Valerietown,Morocco,2023-10-20,Premium,Google Ads,7811,744,Medium,True,False
4460,Josephine Jenkins,natalielewis@example.org,1985-07-01,Male,Rachaelhaven,New Caledonia,2026-04-30,Standard,Google Ads,2234,568,High,True,False
4461,Mr Edward Pritchard,ricky89@example.net,1966-02-14,Male,Smithshire,Mauritius,2024-08-05,Standard,Organic,4929,763,Low,True,False
4462,Kerry Todd-Hall,wgreenwood@example.org,1948-10-03,Female,Simpsonfort,Mayotte,2023-12-06,Standard,Organic,2152,850,Low,True,False
4463,Mrs Joan Bryant,whunt@example.org,1969-04-05,Male,Thomasport,Kenya,2026-06-11,Standard,Google Ads,2804,803,Low,True,False
4464,Linda Smith,karl04@example.org,1949-06-08,Female,West Alisonmouth,Jordan,2023-07-23,Standard,Organic,4783,607,High,True,True
4465,Amy Byrne-Burgess,chloestephens@example.com,1947-02-04,Female,Perryside,Malta,2023-11-15,Premium,Google Ads,7595,707,Medium,True,False
4466,Martin Rowley,bharrison@example.org,2005-03-05,Female,Pearsonburgh,New Caledonia,2024-04-24,Standard,Google Ads,2150,627,High,True,False
4467,Dr Mathew Ingram,marc71@example.com,1946-02-22,Female,Spencerside,India,2023-07-19,Standard,Facebook Ads,1910,718,Medium,True,False
4468,Sara Smith,ysimpson@example.org,1952-07-26,Female,Mariaborough,Eritrea,2025-04-22,Premium,Organic,8603,719,Medium,True,True
4469,Charlene Ellis,jjackson@example.org,1975-09-25,Female,Butlerport,Reunion,2024-02-20,Standard,Google Ads,3627,751,Low,True,False
4470,Mrs Teresa Graham,jonesmaria@example.net,2005-11-08,Male,West Lynda,Comoros,2023-10-31,Standard,Organic,1910,777,Low,True,False
4471,Dr Alan Moran,wendylawrence@example.org,1983-11-19,Male,South Donald,Saint Martin,2025-09-02,Premium,Google Ads,11592,699,Medium,True,False
4472,Frances Hutchinson-Birch,rickyperkins@example.com,1993-07-30,Male,West Callum,Saint Barthelemy,2026-01-11,Business,Organic,26658,705,Medium,False,False
4473,Victoria Bevan,danny46@example.org,1967-02-12,Female,New Natashaview,Singapore,2023-09-02,Standard,Referral,4034,759,Low,True,False
4474,Dr Neil Hill,bharrison@example.net,2004-06-15,Male,North Bethanborough,Lesotho,2026-03-06,Premium,Facebook Ads,10053,654,Medium,True,False
4475,Raymond Watts,cherylspencer@example.org,1988-03-18,Male,Lake Benjaminberg,Switzerland,2024-11-10,Standard,LinkedIn,2523,556,High,True,False
4476,Deborah Horton,gavin75@example.net,1995-07-13,Male,Port Aaron,United States Minor Outlying Islands,2025-12-09,Standard,Organic,3644,740,Medium,True,False
4477,Shirley Rose,wendymartin@example.net,2006-04-15,Male,Robinchester,Bahrain,2025-10-04,Standard,Referral,2479,654,Medium,True,True
4478,Dennis Lloyd,ethompson@example.org,1978-03-07,Female,Darrenton,United States Virgin Islands,2025-07-28,Standard,Organic,2981,753,Low,False,False
4479,Gillian Hughes,sally92@example.com,1960-05-17,Male,Mileshaven,Denmark,2026-04-23,Standard,Organic,3083,762,Low,True,False
4480,Sandra Newton-Parkes,griffindenis@example.net,2000-02-21,Female,South Elliott,Georgia,2026-01-06,Standard,Google Ads,3215,614,High,False,False
4481,Dr Kelly Carroll,doylerobert@example.org,1966-09-17,Female,North Lisa,Congo,2025-09-04,Standard,Google Ads,4804,761,Low,True,False
4482,Kimberley Elliott,christopherlambert@example.org,1993-02-11,Male,West Sophieview,Cote d'Ivoire,2026-03-29,Standard,LinkedIn,2751,754,Low,True,False
4483,Kelly Watson,elizabethwinter@example.net,1999-01-16,Male,Hewittport,French Guiana,2024-09-09,Standard,LinkedIn,4966,507,High,True,False
4484,Shaun Kirby,jenkinsnicola@example.com,1987-12-17,Male,Rossborough,Guinea,2026-03-05,Standard,Facebook Ads,2545,749,Medium,True,False
4485,Paula Jones,mossmohamed@example.com,1975-01-30,Male,Griffithsfort,France,2026-05-24,Standard,Organic,4877,701,Medium,True,True
4486,Josh Barton-Carr,donna87@example.org,1956-04-05,Male,Jamesland,Isle of Man,2025-07-02,Standard,LinkedIn,2493,726,Medium,True,False
4487,Craig Bevan,aimeekaur@example.com,1999-06-17,Female,Lake Marieborough,Mauritius,2023-06-29,Standard,Referral,4737,814,Low,True,False
4488,Margaret Berry,ysanders@example.org,1978-03-29,Female,New Stacey,Singapore,2024-05-05,Standard,Google Ads,3352,521,High,True,False
4489,Geraldine Anderson,rosie00@example.net,1962-02-02,Female,West Ellieberg,Liechtenstein,2023-10-11,Standard,Organic,4852,850,Low,True,False
4490,Mrs Elaine Douglas,skinnerholly@example.org,2008-05-05,Male,New Glenn,Mauritius,2025-09-29,Standard,Google Ads,4431,806,Low,False,False
4491,Dr Henry Carr,porterdamien@example.org,1989-01-22,Non-Binary,South Garryton,Japan,2025-02-22,Standard,Organic,4867,693,Medium,True,False
4492,Julia Smith,brenda55@example.org,1954-09-08,Male,Thomashaven,American Samoa,2026-02-25,Premium,Referral,5740,741,Medium,True,False
4493,Nigel Edwards,alancarey@example.org,1972-09-21,Female,West Christopherville,Italy,2025-11-22,Standard,Google Ads,2806,592,High,True,False
4494,Geoffrey Howard,fknowles@example.org,1945-07-28,Non-Binary,Ricestad,Yemen,2023-06-19,Premium,Google Ads,8369,716,Medium,True,False
4495,Vanessa Gibbs,ithomas@example.org,1961-08-03,Female,Francisport,Guinea,2025-09-06,Standard,LinkedIn,1868,626,High,True,True
4496,Sally Smith,barbaraslater@example.net,1979-02-14,Male,Palmerland,Colombia,2025-11-25,Standard,Referral,2585,542,High,True,False
4497,Eric Ashton,katywhite@example.org,1972-03-09,Female,East Jeffrey,Christmas Island,2026-01-25,Standard,Facebook Ads,4136,788,Low,True,False
4498,Geraldine Webb,amy18@example.net,1995-10-31,Female,Mitchellmouth,Faroe Islands,2026-02-06,Business,Referral,18641,654,Medium,True,False
4499,Sophie Palmer,umcdonald@example.net,1966-03-26,Female,Conwaymouth,Zimbabwe,2024-01-24,Standard,Organic,4020,706,Medium,True,False
4500,Miss Nicole Reed,mariangraham@example.net,2005-01-29,Female,East Elaineborough,Svalbard & Jan Mayen Islands,2023-06-29,Business,Organic,20462,690,Medium,True,False
4501,Victoria Williams,joshua66@example.net,1945-08-26,Non-Binary,Shortmouth,Azerbaijan,2023-12-09,Premium,Referral,5442,687,Medium,False,False
4502,Carol Harvey,joan46@example.com,1972-08-06,Male,North Alexanderborough,Iran,2026-01-04,Premium,Google Ads,9503,767,Low,True,False
4503,Richard Carter,olivermarsh@example.org,1973-03-15,Female,North Susanland,United Kingdom,2025-11-29,Premium,Facebook Ads,9190,692,Medium,True,True
4504,Denis Dean,paige20@example.org,1985-09-18,Female,Amberside,Togo,2023-07-07,Standard,Google Ads,2083,709,Medium,True,False
4505,Mr Lee Taylor,gailpollard@example.com,1949-11-17,Female,Jackmouth,Myanmar,2024-03-31,Standard,Organic,2918,760,Low,True,False
4506,Lucy Cooper,zstephenson@example.com,1970-08-04,Male,South Reece,Cuba,2024-10-07,Standard,Google Ads,1840,693,Medium,True,True
4507,Dr Anthony Sykes,katherinebrown@example.com,1976-11-14,Female,Port Lorraine,Paraguay,2026-05-10,Premium,LinkedIn,5878,786,Low,True,False
4508,Harriet Baxter,lewisann@example.org,2002-07-01,Male,Westonton,Namibia,2023-07-15,Standard,Google Ads,2948,778,Low,True,False
4509,Jeffrey Williams,clewis@example.com,1960-12-31,Female,North Dale,Antigua and Barbuda,2023-07-25,Premium,Organic,9601,767,Low,True,False
4510,Gemma Gregory-Smith,kellycharlene@example.com,1967-03-09,Female,Edwardstown,Saint Pierre and Miquelon,2024-09-05,Standard,Referral,2760,742,Medium,True,False
4511,Amelia Lane-Brown,cookgeoffrey@example.net,1965-06-14,Female,Kayleighville,China,2023-09-07,Premium,Organic,10109,717,Medium,True,False
4512,Hollie Morris,graham63@example.net,1964-03-17,Male,East Daniel,British Indian Ocean Territory (Chagos Archipelago),2023-08-17,Standard,Google Ads,4201,636,High,True,False
4513,Mr Alex Martin,beth87@example.net,1955-05-21,Male,Lesleyview,Taiwan,2024-04-10,Standard,Google Ads,4859,638,High,True,False
4514,Dr Victor Oliver,ellisjune@example.com,2002-02-19,Female,Lake Justinstad,French Guiana,2026-05-29,Standard,Google Ads,4851,727,Medium,True,False
4515,Rachael Wade,johnsonjoan@example.net,1955-07-23,Female,Port Georgina,Lesotho,2024-10-18,Standard,Organic,3066,735,Medium,True,False
4516,Julian Harvey,liamglover@example.net,1995-04-13,Female,East Terryland,Oman,2023-09-16,Premium,Organic,5988,685,Medium,True,False
4517,Thomas Johnson,jasmineparker@example.org,1968-04-23,Male,Lake Hughland,Indonesia,2026-04-15,Standard,Referral,4543,798,Low,True,False
4518,Miss Leanne Woods,callum78@example.org,1984-07-12,Male,Rachelchester,Finland,2026-04-24,Premium,Google Ads,6627,583,High,True,False
4519,Alice Stone,zcunningham@example.net,1963-09-27,Male,Ianbury,Bahamas,2023-12-07,Standard,Google Ads,3007,790,Low,True,False
4520,Yvonne Bryant,normanquinn@example.org,1950-05-17,Female,Reynoldsborough,Northern Mariana Islands,2024-09-20,Standard,LinkedIn,2289,509,High,True,False
4521,Dr Wendy Stone,rogersalex@example.org,1989-06-30,Male,Eileenside,Jersey,2025-06-14,Business,Google Ads,27797,572,High,True,False
4522,Andrew Fletcher-James,cameron56@example.org,1989-01-06,Female,North Benjaminton,Bangladesh,2023-11-09,Standard,Referral,4851,674,Medium,True,False
4523,Mr Leslie Adams,fergusondylan@example.net,1984-11-18,Female,Morgantown,India,2025-01-21,Premium,Referral,8843,797,Low,True,False
4524,Mr Conor Robinson,newmanmartin@example.com,1952-01-20,Male,Daniellefurt,Palau,2025-04-21,Standard,Organic,2871,640,High,True,False
4525,Mr Guy Jarvis,junemason@example.com,1966-11-16,Male,Marianborough,Panama,2024-04-26,Standard,Organic,4915,757,Low,True,False
4526,Mohammad Kaur,ganderson@example.com,1983-12-08,Male,Harpermouth,Pakistan,2024-09-01,Premium,LinkedIn,6848,850,Low,True,False
4527,Ms Lauren Ellis,anthony17@example.net,1966-10-30,Male,Farrellborough,Bangladesh,2023-10-13,Standard,Referral,4513,614,High,True,False
4528,Jonathan Wilson,nicholsonmohammed@example.com,1975-05-18,Male,East Claire,Zimbabwe,2023-09-22,Standard,Organic,4028,753,Low,True,False
4529,Dr Lisa Brennan,lucasnathan@example.net,1946-02-14,Male,Lake Jacobfort,Burkina Faso,2025-10-02,Premium,Google Ads,7331,670,Medium,False,False
4530,Kayleigh Kelly,qrees@example.net,1970-04-18,Male,Lake Jill,Central African Republic,2024-11-02,Premium,Organic,5221,708,Medium,True,False
4531,Ms Joanne Brown,derekburgess@example.net,2004-08-08,Female,Lake Craig,Bulgaria,2024-03-28,Standard,Referral,4690,761,Low,False,False
4532,Kevin Murphy,pearsonglenn@example.com,1966-01-12,Male,Joannemouth,Cote d'Ivoire,2025-01-16,Business,Referral,16397,589,High,True,False
4533,Christian Barker,whill@example.net,1974-04-23,Male,New Josh,Uzbekistan,2024-02-03,Premium,Google Ads,10468,775,Low,True,False
4534,Fiona Randall,harrietjackson@example.net,1964-01-23,Male,Dianabury,Zimbabwe,2025-05-06,Premium,Facebook Ads,7917,787,Low,False,False
4535,Dr Gareth Pickering,rossscott@example.com,1986-12-25,Female,New Jessica,Samoa,2023-11-21,Standard,Organic,2615,639,High,True,False
4536,Ms Suzanne Nelson,toddclifford@example.net,1993-09-12,Male,Louisfurt,Eritrea,2023-09-20,Standard,Google Ads,3036,726,Medium,True,False
4537,Dr Gail Khan,lewischristine@example.com,1990-01-24,Male,West Dianeport,Lao People's Democratic Republic,2026-03-21,Premium,Facebook Ads,10419,736,Medium,True,True
4538,Dr Glen Pollard,jakehill@example.net,1999-09-08,Female,Evansport,Pitcairn Islands,2025-04-27,Business,Organic,23885,738,Medium,True,False
4539,Melanie Perry,donnahall@example.net,1974-12-12,Female,Robertsberg,Cyprus,2026-04-17,Premium,Google Ads,5984,728,Medium,True,False
4540,Abigail Lee,welchhoward@example.org,1987-07-29,Female,Phillipsview,Turkmenistan,2026-03-25,Standard,Google Ads,2071,701,Medium,True,False
4541,Mr Garry Smith,paulineconway@example.org,1978-12-03,Female,Wallshire,Antarctica (the territory South of 60 deg S),2025-07-15,Premium,Google Ads,9943,761,Low,True,False
4542,Janice Jones,nigelmclean@example.com,1982-03-04,Male,Jodiechester,Pitcairn Islands,2024-04-19,Standard,Organic,3252,591,High,True,True
4543,Hugh Green,stewartsally@example.org,2004-10-04,Male,South Joantown,Korea,2025-02-20,Standard,Organic,3704,648,High,True,True
4544,Shannon Berry,woodkyle@example.org,1988-10-04,Male,East Jonathanfort,Gambia,2025-06-08,Standard,Organic,4547,828,Low,True,False
4545,Jeremy Summers-Stewart,robertsjenna@example.org,1996-08-25,Female,Nicolafort,Central African Republic,2024-03-07,Standard,Referral,3237,506,High,True,False
4546,Alison Wood,boothmohammad@example.com,1955-08-23,Male,Newmanland,Armenia,2025-05-19,Standard,Referral,1869,658,Medium,True,False
4547,Dr Rhys Owen,bruce66@example.org,1956-10-02,Female,North Meganburgh,Western Sahara,2024-01-12,Premium,Referral,7878,609,High,False,True
4548,Eileen Lyons,dorothyhughes@example.com,1979-07-09,Male,East Albert,Switzerland,2025-07-31,Standard,Organic,4403,617,High,True,False
4549,Mr Gordon Parker,denis74@example.net,1969-04-05,Female,North Michael,United States of America,2024-11-27,Standard,Referral,4404,540,High,True,False
4550,Amber Morris-Robson,bwhite@example.net,1970-05-27,Female,Khanchester,Samoa,2024-01-14,Standard,Google Ads,2716,684,Medium,True,False
4551,Marion Birch,wrightjoan@example.org,1971-10-22,Male,Stephensonborough,Maldives,2025-07-21,Standard,Facebook Ads,3135,751,Low,True,False
4552,Mrs Kelly Cooper,beverley68@example.org,2004-02-07,Female,Roybury,United Arab Emirates,2023-09-11,Standard,Google Ads,4415,825,Low,True,False
4553,Ms Mandy Miah,rsingh@example.com,1992-05-09,Male,Baileymouth,Guyana,2025-11-21,Business,Facebook Ads,14128,606,High,True,True
4554,Robert Morgan-Thompson,rachael85@example.net,1996-11-27,Female,New Matthewbury,Bahamas,2023-09-01,Standard,Facebook Ads,4027,695,Medium,True,False
4555,Brian Brown,michelle54@example.com,1975-12-18,Female,Singhhaven,British Virgin Islands,2024-04-05,Standard,Google Ads,4387,773,Low,True,False
4556,Jayne White,rosie02@example.com,1993-06-26,Male,Cunninghammouth,Hungary,2024-10-10,Standard,LinkedIn,4188,544,High,True,True
4557,Samuel Thorpe-Harris,kate43@example.net,2003-06-21,Female,Huntfort,Albania,2025-01-22,Standard,Facebook Ads,3784,680,Medium,True,False
4558,Martin Jones,turnercarl@example.com,1977-11-10,Female,East Karenbury,Botswana,2025-10-11,Premium,Organic,7099,785,Low,True,False
4559,Iain Ingram-Fletcher,badams@example.org,1975-07-18,Male,North Dean,Saudi Arabia,2023-07-12,Standard,Facebook Ads,2841,534,High,True,True
4560,Kevin Buckley,rhys96@example.org,1979-06-08,Female,North Barrybury,Cook Islands,2024-08-07,Standard,Facebook Ads,3506,717,Medium,True,False
4561,Amelia Shepherd,carlmarsden@example.com,1951-02-17,Male,Gillianside,Belgium,2025-12-13,Standard,Organic,4325,606,High,True,False
4562,Dr Jonathan Khan,spenceraaron@example.net,1946-12-02,Female,Rogerside,Burkina Faso,2024-02-20,Standard,Google Ads,2445,825,Low,True,False
4563,Keith Gray,nicole13@example.net,1970-03-20,Female,West Sophietown,Mali,2023-11-12,Standard,Google Ads,3590,760,Low,False,False
4564,Jeffrey Howe,richardssean@example.net,1983-03-28,Female,Parsonsfort,Heard Island and McDonald Islands,2026-02-24,Business,Referral,34785,600,High,True,True
4565,Sylvia Read,sharon39@example.net,1968-07-17,Female,New Amberland,Burundi,2023-11-06,Premium,Facebook Ads,6208,750,Low,True,False
4566,Jacob Rogers,wongclive@example.com,1952-07-07,Female,Fletchertown,Kenya,2025-06-14,Standard,Google Ads,2862,768,Low,True,False
4567,Keith Morgan,taylorkirsty@example.net,1963-06-15,Female,Gavinburgh,Kiribati,2024-04-07,Premium,Referral,11066,720,Medium,True,False
4568,Dr Stewart Mitchell,barry87@example.org,1965-12-19,Female,Bevanburgh,Micronesia,2025-04-26,Standard,Referral,4358,723,Medium,True,True
4569,Mrs Ellie Walker,neil85@example.com,2003-10-01,Male,Christianfort,French Guiana,2026-02-12,Standard,Organic,3010,598,High,True,False
4570,Dr Jordan Jones,joan48@example.org,1972-08-07,Male,Marcusburgh,Turkmenistan,2023-11-16,Standard,Organic,3782,561,High,True,False
4571,Christian Newton,aimee99@example.com,2008-03-30,Male,Lake Russell,Macao,2024-10-25,Premium,Organic,11980,850,Low,False,False
4572,Miss Grace Hudson,danny55@example.net,1995-10-04,Male,Lake Alan,Togo,2026-03-18,Standard,Organic,2027,753,Low,True,False
4573,Dr Ronald Roberts,perkinskieran@example.org,1968-03-05,Male,South Clive,Kuwait,2025-01-04,Premium,Google Ads,8549,734,Medium,True,False
4574,Mrs June Owens,jonescolin@example.org,2007-03-25,Female,Ahmedfurt,Korea,2024-02-13,Premium,LinkedIn,5593,639,High,True,False
4575,Samantha Holt,jamesadrian@example.com,2004-07-31,Female,East Julia,Papua New Guinea,2024-02-02,Standard,Referral,4183,701,Medium,True,True
4576,Charlene Brown,ben14@example.org,1965-06-16,Male,Lawrenceside,Denmark,2023-10-18,Premium,Organic,9507,747,Medium,True,True
4577,Annette Bell,uwatts@example.net,2007-10-15,Male,East Paulchester,North Macedonia,2026-01-03,Premium,Organic,9075,679,Medium,True,False
4578,Mrs Molly Douglas,fostertimothy@example.net,1996-08-14,Male,Janeshire,Antigua and Barbuda,2025-12-20,Standard,Google Ads,2372,731,Medium,True,False
4579,Anthony Phillips-Fletcher,debrahall@example.org,1954-06-02,Female,Clarktown,Russian Federation,2023-10-14,Standard,Google Ads,2131,733,Medium,True,False
4580,Patrick Reid-King,rosiejohnson@example.net,1977-08-24,Male,Tracyport,British Indian Ocean Territory (Chagos Archipelago),2024-07-30,Standard,Organic,3740,633,High,True,True
4581,Karl Barnes,shaun69@example.net,1974-08-05,Male,Emmahaven,Cyprus,2024-08-22,Business,Google Ads,21223,574,High,True,True
4582,Tom Marshall-Ward,millsiain@example.com,1949-06-08,Female,Robertport,Saudi Arabia,2025-03-03,Premium,Organic,5661,633,High,True,False
4583,Rita Bevan,waltonrussell@example.com,1948-08-10,Male,Woodtown,Puerto Rico,2024-09-03,Standard,Google Ads,2866,735,Medium,True,False
4584,Georgina Moore,justinallan@example.net,1950-07-02,Male,East Ireneton,Aruba,2024-10-02,Premium,Google Ads,8040,748,Medium,True,False
4585,Tom Smith-Fuller,brendahughes@example.org,1998-10-27,Female,Fosterview,Myanmar,2025-03-29,Standard,Referral,3454,763,Low,True,False
4586,Ashleigh Baker,carrollsarah@example.org,1970-03-14,Male,New Janet,Greece,2023-07-24,Standard,Facebook Ads,2314,731,Medium,False,False
4587,Callum Knight,rachaelhayes@example.com,1991-04-24,Female,West Joshuatown,Malta,2024-08-08,Standard,Organic,3940,756,Low,True,False
4588,Dr George Barnes,emily69@example.net,1958-11-03,Male,Hunterville,Burundi,2023-09-06,Standard,Referral,4551,789,Low,False,False
4589,Geraldine Dean,garethwatson@example.org,1985-04-28,Female,South Darren,Kenya,2024-04-03,Standard,Facebook Ads,4744,724,Medium,True,True
4590,Dr Rachel Webster,bateskate@example.net,1994-05-20,Male,North Terrychester,Czech Republic,2023-09-06,Standard,Organic,4135,677,Medium,True,False
4591,Miss Linda Bailey,karl01@example.net,1996-03-08,Male,Lake Olivia,Venezuela,2025-11-24,Premium,Facebook Ads,6555,765,Low,False,False
4592,Stuart Mahmood-Shaw,ythomas@example.org,1953-12-27,Female,Rachelhaven,Guernsey,2024-02-21,Premium,Referral,10997,670,Medium,True,True
4593,Emily Marshall,bturner@example.com,1971-11-26,Female,Port Francistown,Korea,2025-07-08,Premium,Referral,11674,753,Low,True,False
4594,Stewart Scott-Macdonald,nevans@example.com,1971-01-22,Male,West Paul,Palau,2025-06-24,Business,Referral,12676,781,Low,True,False
4595,Adam Webb,davidcampbell@example.com,1988-08-21,Female,Rogerburgh,Israel,2023-07-31,Standard,Facebook Ads,4005,783,Low,True,False
4596,Mr Martyn Savage,edward90@example.com,1983-05-18,Male,Bradyport,United Arab Emirates,2026-01-24,Premium,Organic,6788,764,Low,True,False
4597,Patrick Smith,doneill@example.com,1999-04-22,Female,Smithland,Saint Helena,2024-11-13,Standard,Google Ads,3298,536,High,True,False
4598,Andrea Duffy,marc17@example.org,1959-01-19,Female,West Carolyn,Ukraine,2024-05-21,Premium,Organic,10407,591,High,True,True
4599,Marie Sutton,obrienfrank@example.com,1947-08-26,Female,Taylorfurt,Bouvet Island (Bouvetoya),2023-07-15,Standard,Organic,4104,725,Medium,True,False
4600,Cheryl Mann-Wilson,jodiegardner@example.org,1976-12-27,Non-Binary,Robertsborough,Guinea,2024-01-23,Premium,Organic,7532,745,Medium,True,True
4601,Dr David Whitehead,allanshaw@example.net,1995-04-14,Female,East Harry,Tokelau,2025-07-17,Standard,Referral,3206,657,Medium,True,False
4602,Dr Alison Allen,jonathan63@example.net,1947-06-22,Female,Hallfort,Senegal,2025-07-16,Standard,Organic,3348,638,High,True,False
4603,Terence Saunders,wendy53@example.com,2003-01-17,Female,West Lisa,Mauritania,2024-04-10,Business,Facebook Ads,25672,671,Medium,True,True
4604,Lorraine Goodwin,maureengill@example.com,1946-03-09,Female,East Leanne,Eritrea,2025-02-28,Business,Google Ads,25628,650,Medium,True,False
4605,Roy Parker,gibbschristian@example.net,1972-08-24,Male,Johnsonport,Belarus,2023-08-21,Standard,Google Ads,3057,625,High,True,False
4606,June Moss,gail90@example.com,1980-11-20,Male,Lake Damian,Ecuador,2024-07-05,Standard,Organic,2630,705,Medium,True,False
4607,Brenda Cook,sally01@example.com,1973-07-24,Male,Port Mitchellview,Mexico,2024-06-18,Standard,Organic,4812,713,Medium,True,False
4608,Chloe White,jay63@example.org,2003-10-03,Male,Ericton,Lesotho,2023-09-29,Standard,Google Ads,4025,722,Medium,True,True
4609,Adam Smith,fbegum@example.org,1964-05-15,Female,Melissamouth,Morocco,2025-12-30,Standard,Facebook Ads,3733,597,High,True,False
4610,Dorothy Rogers,nhaynes@example.net,1977-02-24,Female,North Jeffrey,Kiribati,2023-12-26,Standard,Organic,2814,694,Medium,False,False
4611,Nathan Ross,gillian94@example.org,1988-04-09,Female,East Allanborough,Korea,2025-12-31,Standard,Google Ads,4323,756,Low,True,False
4612,Jason Walton,hendersonmary@example.net,1995-12-03,Male,Port Glen,Mongolia,2025-09-06,Standard,Referral,4015,709,Medium,True,False
4613,Ms Lynne White,maria43@example.net,1977-11-15,Female,Justinview,Guernsey,2023-10-14,Premium,Organic,6699,675,Medium,True,True
4614,Maria Hall,pwilliams@example.net,1971-10-30,Female,East Bethland,Northern Mariana Islands,2025-06-17,Standard,Referral,2430,677,Medium,True,False
4615,Alice Watson,fisherjodie@example.org,1949-05-03,Male,Port Victoriaview,Western Sahara,2023-08-26,Standard,Google Ads,3311,652,Medium,True,False
4616,Leonard Law,leannebrady@example.net,1976-07-06,Female,Stanleychester,Finland,2026-03-23,Business,Referral,27173,723,Medium,True,False
4617,Dale Lynch,gardnerbeverley@example.org,1980-01-28,Female,East Christian,Mauritania,2024-06-26,Standard,Google Ads,4874,686,Medium,True,False
4618,Dr John Cooper,rebeccaharris@example.net,1993-11-18,Male,Daniellechester,Cayman Islands,2023-07-30,Premium,Google Ads,8443,669,Medium,True,False
4619,Melanie Saunders,zwood@example.net,1997-01-28,Male,New Hollyfort,Slovakia (Slovak Republic),2026-02-25,Premium,Facebook Ads,7262,674,Medium,True,False
4620,Dr Martin Stewart,kempkerry@example.net,1969-09-30,Male,East Max,Somalia,2025-04-08,Premium,Facebook Ads,9464,465,High,True,False
4621,Lee Walker,fpayne@example.net,1971-05-05,Male,Port Harriet,Finland,2026-01-03,Standard,Google Ads,2342,690,Medium,True,True
4622,Daniel Francis,bknight@example.com,1969-07-22,Female,West Jay,Australia,2025-08-13,Standard,Facebook Ads,4288,777,Low,True,False
4623,Mr Dale Parsons,reecematthews@example.org,1955-11-11,Female,South Kathryn,Latvia,2025-02-05,Premium,LinkedIn,10910,687,Medium,True,False
4624,Mr Iain Freeman,peterchapman@example.com,1967-11-02,Female,Julianport,Tuvalu,2023-12-16,Premium,LinkedIn,7335,850,Low,True,False
4625,Mrs Denise Wall,hwright@example.com,1999-10-15,Male,Daviesview,Chile,2025-11-22,Standard,Google Ads,3157,556,High,True,False
4626,Miss Anne Barnes,charlotte66@example.net,1988-10-09,Female,Johnstonshire,Saint Kitts and Nevis,2025-05-14,Standard,Google Ads,2759,725,Medium,True,False
4627,Joan Gregory,tpoole@example.org,1990-07-07,Female,Samland,Guam,2024-10-10,Standard,Google Ads,3594,710,Medium,True,False
4628,Max Smith-Oliver,isingh@example.net,1952-06-15,Male,Port Frances,Guernsey,2023-09-16,Business,Referral,24719,658,Medium,True,False
4629,Sylvia Miah-Brookes,margaret05@example.net,1961-11-24,Non-Binary,North Jamiehaven,Isle of Man,2023-12-05,Standard,LinkedIn,2371,753,Low,False,False
4630,Mr Frederick Davidson,gillianreeves@example.org,1995-09-24,Male,West Deniseview,Uzbekistan,2025-04-30,Standard,Google Ads,2706,661,Medium,True,False
4631,Tracy Davies,xanderson@example.com,1980-12-07,Female,Stephanieland,United States Virgin Islands,2025-12-17,Standard,Facebook Ads,2708,630,High,False,False
4632,Geoffrey Wood-Hughes,ronaldryan@example.com,1954-04-01,Female,Port Helenfort,British Virgin Islands,2025-03-03,Premium,Organic,5815,838,Low,True,False
4633,Grace Ellis-Nicholson,russellhowells@example.org,1975-02-15,Male,Carlyshire,Saudi Arabia,2025-01-18,Standard,Referral,2595,783,Low,True,False
4634,Francis Brown,joyce84@example.org,1954-02-22,Male,West Marian,Falkland Islands (Malvinas),2025-02-22,Standard,Google Ads,4054,720,Medium,True,False
4635,Glen Ward,josephinegrant@example.net,2001-05-01,Female,North Tracymouth,Gambia,2023-10-09,Standard,Google Ads,2546,716,Medium,False,False
4636,Mohammad Taylor,joanna03@example.net,1981-06-25,Non-Binary,West Debra,Poland,2025-12-22,Premium,Referral,10167,574,High,True,False
4637,Timothy Jones-Hunt,martinstokes@example.org,1956-10-11,Female,New Katietown,Belarus,2025-03-21,Standard,Referral,2337,701,Medium,True,False
4638,Kelly Harris,hannah88@example.org,1994-05-08,Female,Shannonland,Kenya,2025-07-28,Premium,Google Ads,9503,760,Low,False,False
4639,Jamie Kennedy,roysmith@example.org,2001-08-20,Female,Henryfort,Belgium,2023-12-13,Standard,Google Ads,2160,642,High,True,False
4640,Bruce Bird,cakhtar@example.com,1984-03-06,Male,Fordchester,Bolivia,2026-02-25,Standard,Organic,3327,684,Medium,False,False
4641,Matthew Hughes-Jones,singhshannon@example.net,1995-01-08,Male,Justinside,Bolivia,2023-10-17,Standard,Organic,4281,691,Medium,True,True
4642,Barbara Bentley,paulacooper@example.org,1959-10-14,Male,Port Thomasside,Bahrain,2024-04-26,Standard,Google Ads,2274,495,High,True,True
4643,Marilyn Nash,sarah37@example.com,2006-07-03,Male,South Pamela,United States Virgin Islands,2024-04-26,Standard,Google Ads,2371,678,Medium,True,False
4644,Andrew Patel,dickinsonjodie@example.com,1956-10-23,Female,Anthonyside,Saint Pierre and Miquelon,2024-05-11,Standard,Google Ads,2094,684,Medium,False,True
4645,Valerie Moran,creid@example.org,1962-11-28,Female,East Heatherside,New Zealand,2026-04-13,Standard,Referral,3782,787,Low,True,False
4646,Mandy Wood-Whittaker,josephine72@example.net,2001-12-04,Male,Wilsonberg,Macao,2023-06-30,Standard,Referral,4423,828,Low,True,False
4647,Samuel Freeman,smithrachael@example.com,1979-03-25,Male,Hollyborough,Portugal,2024-06-08,Premium,Referral,9360,689,Medium,False,False
4648,Charlotte Mills,graham65@example.org,1973-02-02,Female,Rhysburgh,Maldives,2026-02-24,Standard,Google Ads,2061,615,High,True,True
4649,Colin Wilkinson,stephanierobson@example.org,1959-04-13,Female,Kevinshire,Nauru,2024-10-08,Premium,LinkedIn,9678,579,High,True,False
4650,Conor Clark,meganjohnson@example.org,1980-03-31,Female,Lake Emmafort,Ecuador,2024-02-21,Standard,Referral,3304,815,Low,True,False
4651,Teresa Wright-Atkinson,mitchell08@example.com,1984-05-09,Female,Lake Charlenemouth,Korea,2023-07-28,Standard,Google Ads,2870,574,High,True,True
4652,Trevor Sharp,frostfrederick@example.org,1980-06-14,Female,Nicolaberg,Serbia,2025-10-16,Premium,Google Ads,11207,626,High,True,False
4653,Amelia Robinson,simmonskenneth@example.com,1952-10-14,Male,Denisland,South Georgia and the South Sandwich Islands,2023-08-04,Standard,Referral,2722,651,Medium,True,False
4654,Raymond Williams,ricky26@example.com,1964-04-29,Male,West Heather,Djibouti,2025-07-05,Business,Organic,34429,592,High,True,False
4655,Carly Ali,michaelwhite@example.net,1994-11-29,Male,Lake Damian,Brazil,2025-01-18,Standard,Facebook Ads,4550,559,High,True,False
4656,Mr Steven Brown,josephine55@example.net,1994-07-06,Male,Smithmouth,Solomon Islands,2024-02-06,Standard,Organic,4149,645,High,True,False
4657,Christine Barnes,claire44@example.com,1989-09-09,Male,New Rachael,Greenland,2026-04-13,Standard,Google Ads,2823,574,High,True,True
4658,Dr Gerard Mitchell,roger61@example.net,1958-04-03,Male,Jemmashire,Hungary,2023-07-27,Standard,Organic,1861,713,Medium,True,False
4659,Kathleen Horton,colinpage@example.net,1968-11-23,Female,Morleybury,Georgia,2024-07-04,Standard,Referral,3212,571,High,True,True
4660,David Quinn,leah50@example.net,1953-03-01,Female,Martinton,Dominican Republic,2026-06-05,Standard,Facebook Ads,4338,670,Medium,True,False
4661,Dr Helen Robertson,leannecollins@example.com,1970-05-01,Female,O'Neillton,Luxembourg,2026-03-30,Standard,Google Ads,3613,708,Medium,True,False
4662,Clare Storey-Kirk,aimee18@example.org,1960-09-21,Male,Patrickchester,Vanuatu,2023-08-06,Standard,Referral,2886,724,Medium,True,False
4663,Dr Victor Watson,kayleighhughes@example.org,1965-01-07,Non-Binary,Reidstad,Ghana,2024-08-29,Standard,Organic,3908,661,Medium,True,False
4664,Ian Roberts,allanbaldwin@example.net,1968-07-01,Male,Marcusmouth,Denmark,2024-08-23,Standard,Google Ads,3262,850,Low,True,False
4665,Dean Murray,dorothyhenderson@example.org,1973-10-19,Male,New Nathan,Trinidad and Tobago,2024-03-30,Standard,Referral,2271,709,Medium,True,False
4666,Donald Newton,phillipsbarbara@example.org,1962-03-01,Male,Shannontown,Germany,2024-10-06,Standard,Organic,2406,723,Medium,True,False
4667,Tracy Nolan,powerjoseph@example.com,1991-07-25,Male,Cookbury,Jamaica,2026-01-28,Premium,Organic,9592,850,Low,True,False
4668,Wendy Kelly,arthurmurray@example.com,1975-09-02,Male,Bentleyside,Brunei Darussalam,2025-04-14,Standard,Referral,3266,809,Low,False,False
4669,Miss Joanne Smith,jenkinsiain@example.org,1997-07-18,Female,North Annport,Micronesia,2025-04-09,Standard,Facebook Ads,4130,820,Low,True,False
4670,Mr Terry Burke,rogersshane@example.org,2007-11-13,Male,West Joanne,Colombia,2025-12-05,Standard,Google Ads,3431,635,High,True,True
4671,Mrs Sharon Taylor,philip92@example.net,1988-09-22,Male,Owenbury,Mayotte,2024-10-07,Standard,Referral,2019,527,High,True,False
4672,Graham Richardson-Harris,elewis@example.org,2003-02-17,Female,West Lynne,Equatorial Guinea,2026-05-20,Standard,Google Ads,4345,727,Medium,True,False
4673,Marion Ryan-Dixon,kevans@example.org,2006-10-27,Male,West Martinton,Egypt,2026-02-10,Premium,Organic,5239,742,Medium,True,True
4674,Aaron Oliver,clarkwayne@example.com,1950-04-08,Female,Smithfurt,British Virgin Islands,2024-10-18,Standard,Google Ads,3028,647,High,True,False
4675,Jill Parsons,colin32@example.net,1976-11-10,Female,Lake Ashleighville,Mali,2025-04-09,Standard,Organic,3771,634,High,True,False
4676,Maria Rogers,elliott64@example.com,1984-01-04,Female,Lake Rhys,Albania,2024-06-17,Standard,LinkedIn,2247,793,Low,True,False
4677,Kimberley Thomas-Hughes,martingordon@example.org,1953-04-11,Female,East Cameronview,Montenegro,2023-09-16,Standard,Referral,4482,677,Medium,True,False
4678,Ms Elaine Bevan,ann82@example.org,1971-03-27,Female,South Conor,Montserrat,2025-05-01,Standard,Facebook Ads,2169,780,Low,True,False
4679,Callum Brennan,patrickclark@example.com,1958-02-17,Female,Lake Jakeview,Nepal,2025-09-03,Standard,Facebook Ads,1866,816,Low,True,False
4680,Ms Holly Gray,nbailey@example.org,1959-01-27,Non-Binary,Jeffreyburgh,Latvia,2025-05-09,Premium,Google Ads,10848,821,Low,True,False
4681,Mitchell Dixon,emma12@example.net,1985-01-15,Female,East Carole,Ukraine,2024-02-06,Business,Referral,20656,713,Medium,False,False
4682,Tom Mason-Ryan,ballen@example.net,1957-07-02,Male,Lake Wayne,North Macedonia,2024-01-29,Standard,Google Ads,2371,733,Medium,True,True
4683,Leonard Murray,tbarker@example.com,1986-05-17,Female,Bryanbury,Netherlands,2023-07-31,Premium,Google Ads,8151,666,Medium,True,True
4684,Mohammed Adams,terencelewis@example.net,2003-06-19,Male,Suttonburgh,Cyprus,2023-08-03,Standard,Facebook Ads,2010,778,Low,False,False
4685,Chloe Thomas,jadedavies@example.org,1979-08-08,Male,New Brandon,Monaco,2024-04-28,Business,Facebook Ads,15148,610,High,True,True
4686,Brett Green-Bartlett,connorgriffiths@example.org,1965-11-14,Female,Westshire,Pakistan,2025-08-26,Standard,LinkedIn,3798,576,High,True,True
4687,Mr Andrew Booth,leesnicholas@example.com,1981-01-01,Male,North Sophie,Iran,2024-08-02,Standard,Organic,2585,771,Low,True,False
4688,Chloe Woods,harveymarian@example.org,1985-02-18,Male,Port Kathleen,Nigeria,2025-08-15,Standard,LinkedIn,3035,589,High,True,False
4689,Mr Duncan Cunningham,dyerleslie@example.net,1997-05-21,Male,Webbfurt,Hong Kong,2025-11-02,Premium,Organic,6547,791,Low,False,False
4690,Mr Gordon Evans,jonesguy@example.org,1983-09-06,Male,South Catherine,Palestinian Territory,2025-10-23,Standard,Google Ads,3410,672,Medium,True,False
4691,Vincent Thomas,abbie71@example.org,1973-04-03,Male,New William,Cook Islands,2025-11-16,Standard,Organic,3821,735,Medium,True,False
4692,George Walker-Blackburn,lthomas@example.net,1963-06-19,Female,Davishaven,Albania,2024-01-17,Standard,Organic,3131,745,Medium,True,False
4693,Joshua French-Foster,amysullivan@example.org,1968-07-17,Female,Georgebury,Timor-Leste,2024-08-04,Standard,Google Ads,2099,669,Medium,True,False
4694,Dr Sarah Leach,benpearson@example.net,1995-10-16,Male,Hollandchester,Tokelau,2024-10-11,Standard,Referral,4758,646,High,False,False
4695,Kevin Jones-Parker,shannonsharp@example.net,1993-10-21,Male,Andreastad,Bolivia,2026-03-12,Standard,Referral,3020,715,Medium,True,True
4696,Cameron Gray,stanleycooper@example.net,2002-02-15,Male,West Gavin,Peru,2025-09-16,Premium,Facebook Ads,9707,823,Low,True,False
4697,Miss Kelly Smith,martin38@example.com,1952-11-20,Female,Lake Amy,Malaysia,2024-10-18,Standard,Organic,4295,685,Medium,True,True
4698,Owen Ali-Singh,asullivan@example.org,1954-12-25,Male,Murphystad,Papua New Guinea,2026-03-27,Premium,Facebook Ads,10156,850,Low,True,False
4699,Joshua Begum-Dyer,leslie42@example.com,1982-09-30,Female,Port Marianburgh,United Arab Emirates,2026-05-25,Standard,LinkedIn,4304,811,Low,True,False
4700,Amanda Hammond-Davies,mohammadtaylor@example.com,1975-08-26,Male,New Alanside,Georgia,2024-07-03,Standard,Referral,4615,629,High,True,False
4701,Kieran Smith,umartin@example.org,2007-06-26,Female,Lake Carole,Saint Martin,2025-02-20,Standard,Organic,2711,651,Medium,True,False
4702,Ellie Bibi,tbates@example.com,1994-01-08,Male,West Kennethport,Holy See (Vatican City State),2025-06-19,Standard,Referral,2184,850,Low,True,False
4703,Elliott Fraser,umoore@example.com,1992-11-16,Male,West Diane,Guinea-Bissau,2025-11-07,Premium,Google Ads,8214,716,Medium,True,False
4704,Grace Ward,rebeccapeacock@example.com,1985-07-08,Male,Dohertyland,Madagascar,2023-10-13,Standard,Facebook Ads,4966,739,Medium,True,False
4705,Dr Michael Johnston,samuel84@example.org,1974-12-21,Female,South Janemouth,Zambia,2026-05-14,Standard,Google Ads,4337,591,High,True,False
4706,Mrs Aimee McDonald,brendalewis@example.net,1993-01-23,Female,Lake Martin,Morocco,2023-07-27,Standard,LinkedIn,3369,602,High,True,True
4707,Gregory Atkinson,stephenwright@example.net,1993-04-17,Male,East Daniellehaven,Bahrain,2025-04-03,Standard,Facebook Ads,4969,623,High,True,False
4708,Dr Elizabeth Allen,watsonpaula@example.org,1998-06-14,Female,Nigelview,Iceland,2024-04-28,Premium,Referral,9934,631,High,True,False
4709,Connor Jones,vsingh@example.org,2003-08-07,Female,North Stuartton,Russian Federation,2026-05-27,Standard,Google Ads,2787,814,Low,True,False
4710,Amanda Johnson,aturner@example.org,1967-12-26,Male,East Philip,Nigeria,2025-04-24,Standard,Organic,2882,735,Medium,True,True
4711,Miss Shirley Jones,smorgan@example.net,1991-05-26,Female,Wrightview,Nepal,2023-11-12,Standard,Organic,3132,698,Medium,True,False
4712,Denise Barber-Tomlinson,davisdean@example.com,1965-06-11,Female,East Grahamhaven,Heard Island and McDonald Islands,2023-12-15,Standard,Google Ads,2354,742,Medium,True,False
4713,Dr Kirsty Phillips,sharongreen@example.com,1989-04-22,Male,Davieshaven,Botswana,2025-03-11,Premium,Facebook Ads,6693,634,High,True,False
4714,Jack Buckley,gerald76@example.net,1974-11-29,Male,Port Lynnechester,Oman,2026-06-05,Premium,Organic,11746,730,Medium,True,False
4715,Mr Simon Tucker,annette69@example.com,1956-12-29,Male,East Teresa,Peru,2024-06-16,Premium,Facebook Ads,5562,658,Medium,True,False
4716,Mr James Harrison,xbell@example.com,1945-08-29,Female,Elaineberg,Pakistan,2025-03-11,Premium,Google Ads,10125,699,Medium,True,False
4717,Tracey Bailey,trevorwebb@example.com,1969-10-29,Male,Lake Kateton,Mozambique,2023-11-22,Standard,Referral,2919,672,Medium,True,False
4718,Dr Jacob Matthews,jonesowen@example.org,1975-03-25,Female,North Maria,Palau,2025-06-17,Premium,Google Ads,5782,736,Medium,True,False
4719,Emma Hudson-Miller,jade28@example.org,1958-06-07,Female,Stanleychester,Mauritius,2023-09-30,Standard,Facebook Ads,2716,648,High,False,False
4720,Jasmine Jones-Stokes,jake85@example.com,1989-05-29,Male,Antonyland,Chile,2024-12-07,Standard,LinkedIn,3641,599,High,False,False
4721,Justin Walters,ldennis@example.org,1971-11-07,Female,North Rachel,Iran,2023-09-29,Business,Referral,33453,603,High,True,False
4722,Mrs Dorothy Norris,bakermartyn@example.org,1972-05-14,Male,Denniston,Angola,2023-06-20,Standard,Referral,4148,790,Low,True,False
4723,Reece Wilkinson,richardsonashleigh@example.net,1950-04-09,Male,Lake Susanland,Bangladesh,2025-02-03,Standard,Facebook Ads,1997,659,Medium,True,True
4724,Matthew Curtis,cmills@example.com,2005-09-07,Male,Keithstad,Mauritius,2023-11-24,Standard,Referral,1838,594,High,True,True
4725,Mr Owen Evans,berrygeoffrey@example.com,1997-02-09,Male,East Wayneville,Equatorial Guinea,2025-01-13,Premium,Facebook Ads,8206,607,High,True,False
4726,Robert Martin-Stevens,iainsmith@example.org,1975-09-24,Male,Mossfurt,Venezuela,2023-07-25,Standard,LinkedIn,3499,715,Medium,True,False
4727,Joanna Jones,barbara39@example.net,1999-12-08,Male,Richardside,Ethiopia,2024-11-10,Standard,Referral,3045,481,High,True,True
4728,Anthony Williams,sean40@example.com,1974-02-19,Male,Robertmouth,Northern Mariana Islands,2024-03-11,Premium,Facebook Ads,9192,693,Medium,True,False
4729,Tony Jones,guywilson@example.net,1967-05-30,Male,Hallshire,United States Virgin Islands,2026-06-01,Standard,Google Ads,2312,829,Low,True,False
4730,Mr Bernard Bartlett,patelcharlene@example.org,1999-04-21,Male,North Lauraborough,Portugal,2026-04-21,Premium,LinkedIn,7212,694,Medium,True,False
4731,Rachel Wright-White,burkeemma@example.net,1971-12-24,Female,South Roy,Rwanda,2024-04-10,Standard,Organic,1844,614,High,True,False
4732,Richard Glover,jeffrey59@example.com,1992-01-18,Female,Port Alexandra,Colombia,2025-02-23,Standard,Google Ads,2316,781,Low,True,False
4733,Donald Williams,woodwardliam@example.net,1993-06-28,Male,South Jacqueline,Switzerland,2026-04-24,Standard,Facebook Ads,2891,599,High,False,False
4734,Timothy Clark,rosemaryfrost@example.org,1965-04-05,Female,East Aliceport,Uganda,2025-09-10,Business,Referral,33318,701,Medium,True,False
4735,Melissa Collins,billy88@example.org,2006-10-08,Male,Williamshaven,Sri Lanka,2025-10-04,Premium,LinkedIn,5947,715,Medium,True,False
4736,Ms Hannah Warren,daveyterence@example.org,1957-06-21,Female,West Donald,Barbados,2025-10-15,Standard,Organic,3744,753,Low,True,False
4737,Mrs Charlene Martin,wardadam@example.org,1981-03-14,Male,New Lucyhaven,Mauritania,2025-10-27,Standard,Google Ads,1984,647,High,True,False
4738,Carly Saunders,ostewart@example.net,1964-04-11,Non-Binary,Chapmanview,Russian Federation,2024-07-14,Standard,Google Ads,3971,552,High,True,False
4739,Dr Gordon Stevens,alisonlamb@example.net,1999-08-23,Female,East Caroleton,Ecuador,2023-08-10,Standard,Google Ads,1844,636,High,True,False
4740,Mr Leon O'Brien,wayne21@example.net,1997-05-09,Male,North Margaretfort,Guinea,2025-12-08,Premium,Facebook Ads,11292,790,Low,True,False
4741,Glenn Law,kelly86@example.org,1959-12-06,Male,Jamesland,Libyan Arab Jamahiriya,2025-09-25,Standard,LinkedIn,2500,663,Medium,True,False
4742,Katy Evans-Graham,jay74@example.com,1961-01-24,Male,Josephineport,Mexico,2023-09-17,Standard,Google Ads,2353,605,High,True,True
4743,Kathryn Barnett,sylvia81@example.net,1989-04-20,Male,South Kirstymouth,Croatia,2024-03-29,Premium,Organic,6412,637,High,True,False
4744,Elliot Hardy,carolwalsh@example.net,1967-02-07,Female,Marieberg,Ireland,2023-08-29,Standard,Organic,3268,551,High,True,True
4745,Ms Linda Parkinson,pjones@example.org,1970-06-09,Female,West Maurice,Maldives,2025-11-08,Standard,Google Ads,3607,582,High,True,False
4746,Janice Walker-Bennett,katemiddleton@example.com,1998-05-29,Male,McLeanstad,Malawi,2024-09-03,Standard,Facebook Ads,3778,694,Medium,True,False
4747,Toby Watts-Bartlett,asmith@example.org,1985-02-24,Female,Walkerfort,Cocos (Keeling) Islands,2024-02-08,Premium,Organic,5645,535,High,True,True
4748,Jordan Carter,hopkinsemma@example.org,2001-05-30,Male,Brucechester,Malta,2024-02-12,Standard,Google Ads,4277,749,Medium,True,False
4749,Valerie Miles,vreynolds@example.net,1975-12-12,Female,Smithfurt,Afghanistan,2025-05-27,Standard,Google Ads,3910,586,High,True,False
4750,Paula Skinner,edward29@example.net,1973-02-04,Male,Lake Sianburgh,Bangladesh,2025-09-12,Standard,Google Ads,2148,640,High,True,False
4751,Joanna Baker,susan70@example.net,1965-03-27,Male,Reeschester,Denmark,2023-12-03,Standard,Organic,3977,711,Medium,True,False
4752,Beth Miah,yhorton@example.org,1965-10-27,Male,Lake Kelly,Venezuela,2024-04-29,Standard,Google Ads,1850,806,Low,False,False
4753,Mr Gary Reeves,kfrost@example.net,1987-08-13,Female,Edwardport,Cameroon,2026-03-23,Standard,Referral,3344,726,Medium,True,False
4754,Ms Jessica King,zmarshall@example.com,1989-08-18,Non-Binary,Rosemarymouth,Sri Lanka,2023-08-07,Standard,Organic,4566,642,High,True,False
4755,Linda King,singhlauren@example.org,1959-06-05,Female,West Tobychester,Palestinian Territory,2024-09-26,Standard,Organic,4363,693,Medium,True,False
4756,Gerard Harvey,aliceduffy@example.org,1946-01-22,Female,North Elliottfurt,Western Sahara,2024-07-16,Standard,Google Ads,4875,699,Medium,True,False
4757,Declan Collier,dannybrennan@example.com,1991-06-17,Female,New Margaret,Swaziland,2024-03-11,Standard,LinkedIn,2765,677,Medium,True,False
4758,Mary Ford,matthewsnatasha@example.org,1946-08-16,Male,Lake Frederick,Western Sahara,2024-12-22,Standard,Organic,2943,712,Medium,True,False
4759,Margaret Singh,parkinsonbethany@example.net,1989-02-21,Male,South Denismouth,Botswana,2025-11-14,Premium,LinkedIn,8687,649,High,True,False
4760,Mr Alan King,naomismith@example.com,1952-10-06,Female,Woodburgh,Philippines,2025-03-29,Business,Referral,16717,663,Medium,True,False
4761,Robin Roberts,hughesjulia@example.net,1998-12-11,Female,Mohamedhaven,Macao,2026-03-25,Premium,LinkedIn,6797,802,Low,False,False
4762,Debra Stokes-Leonard,jenna02@example.net,1959-02-09,Female,Port Joantown,Saint Martin,2023-07-02,Premium,Google Ads,5935,704,Medium,True,False
4763,Darren Bennett,smithbrian@example.net,1958-05-16,Male,Turnermouth,Russian Federation,2023-09-27,Business,LinkedIn,13548,694,Medium,True,False
4764,Diane Morris-Thomas,robertshenry@example.com,2005-09-25,Female,New Bruce,Greece,2024-02-01,Premium,Referral,7455,655,Medium,True,False
4765,Howard Ahmed,geoffrey11@example.net,1984-06-28,Female,West Christineton,Bermuda,2026-03-16,Business,Facebook Ads,27960,668,Medium,False,False
4766,Alex Willis-Holland,dward@example.org,2005-07-10,Male,Marilynmouth,Wallis and Futuna,2023-07-06,Premium,Referral,11023,819,Low,True,False
4767,Samantha Harvey-Bailey,jennathomson@example.com,1977-03-31,Female,East Petermouth,Belgium,2024-06-27,Standard,Google Ads,4778,578,High,False,False
4768,Marcus Watson,ikennedy@example.com,1949-03-03,Male,South Nigel,Korea,2025-04-05,Standard,Referral,4005,736,Medium,True,False
4769,Elliot Cooper,cfranklin@example.com,1951-03-02,Male,East Charlie,Hungary,2024-05-10,Standard,Organic,2585,715,Medium,True,False
4770,Dr Frank Vincent,reece07@example.net,1988-09-29,Male,South Iain,Honduras,2025-03-31,Standard,LinkedIn,2371,556,High,True,False
4771,Samuel Dean,carolyn59@example.net,1999-04-18,Male,Port Victoria,Hungary,2024-06-01,Standard,Organic,2274,741,Medium,True,False
4772,Mary Ward-Fleming,mathewkaur@example.org,2004-11-15,Female,Andersonport,United Kingdom,2025-11-23,Standard,LinkedIn,4599,692,Medium,True,False
4773,Bryan Gilbert-Grant,jakerees@example.org,1951-09-09,Male,Damienburgh,Isle of Man,2024-10-02,Premium,LinkedIn,11571,643,High,True,False
4774,Joanna James,simpsonjoanne@example.com,1970-10-16,Female,West Rosie,Ecuador,2023-09-30,Standard,Google Ads,4099,587,High,True,False
4775,Reece Benson,jeremy81@example.org,1953-09-04,Female,West Albertland,Libyan Arab Jamahiriya,2026-02-06,Business,Referral,30470,733,Medium,True,False
4776,Jack Gibson,byrnereece@example.net,1947-04-07,Male,Lake Bethshire,Sri Lanka,2024-03-11,Standard,Organic,3574,645,High,True,True
4777,Christine Russell,harrisonkarl@example.net,1983-06-10,Male,Kennedymouth,Greenland,2024-12-11,Standard,Referral,1952,757,Low,True,False
4778,Denise Williams,ejones@example.com,1963-03-12,Female,Leeside,French Southern Territories,2024-04-30,Standard,LinkedIn,4906,738,Medium,True,True
4779,Valerie O'Neill,miahlynn@example.net,1977-10-20,Female,West Ruth,United States Minor Outlying Islands,2026-05-11,Standard,Google Ads,4515,699,Medium,True,True
4780,Patricia Clarke-Douglas,kylenicholson@example.com,1947-09-14,Female,Miahberg,Christmas Island,2025-03-03,Premium,LinkedIn,7376,614,High,False,True
4781,Mrs Abigail Franklin,vfoster@example.org,1952-07-15,Male,East Charlotteville,Bahrain,2023-12-11,Standard,Facebook Ads,4906,786,Low,False,True
4782,Mohammad Smith,gibsonalison@example.org,1991-09-09,Female,East Christianside,Anguilla,2025-01-08,Standard,Referral,4520,727,Medium,True,True
4783,Geraldine Burns,stuartadams@example.net,1967-01-28,Female,South John,Tunisia,2025-07-27,Premium,Facebook Ads,9208,728,Medium,True,False
4784,Cheryl Bevan-Forster,cchambers@example.com,2002-04-15,Male,North Kyleland,Timor-Leste,2026-05-19,Standard,Organic,2327,748,Medium,False,True
4785,Bethan Ahmed,peterdavey@example.com,2005-09-11,Male,Lake Elliot,Finland,2025-11-24,Standard,Google Ads,2430,739,Medium,True,False
4786,Mohammed White,lewisdavid@example.org,1947-10-07,Female,West Craigport,Korea,2023-07-30,Standard,Organic,4542,553,High,False,False
4787,Callum Yates,barbaragreenwood@example.net,2008-03-07,Male,Gemmaton,Cuba,2024-10-29,Standard,Organic,3479,584,High,False,True
4788,Dr Christopher Lewis,nathanyoung@example.com,2004-08-16,Female,Yvonnemouth,Tokelau,2026-02-01,Business,Organic,14457,649,High,False,True
4789,Allan Bartlett,jsmith@example.com,2006-01-18,Male,Iantown,Kuwait,2023-11-22,Standard,Referral,2144,842,Low,True,False
4790,Deborah Gray,gclayton@example.org,1969-06-07,Male,South Alexandraborough,Guinea-Bissau,2024-08-09,Premium,Referral,10746,706,Medium,True,False
4791,Rachel Williams,billy07@example.net,2004-10-20,Male,West Elizabethmouth,El Salvador,2025-05-24,Premium,Referral,5474,732,Medium,True,False
4792,Glenn Robinson-Cross,msharp@example.com,2005-02-08,Male,Melanieport,Congo,2024-06-30,Standard,Organic,4235,594,High,False,True
4793,Mr Callum Allen,parryben@example.org,1978-06-16,Female,South Jessica,Senegal,2026-04-20,Standard,Referral,2890,719,Medium,True,False
4794,Shannon Kemp,russell25@example.com,1983-06-22,Female,Smithchester,Liberia,2023-09-13,Standard,Referral,2848,778,Low,True,False
4795,Gerald Whitehead,mgriffiths@example.net,2006-02-18,Male,Kingbury,Romania,2023-11-06,Standard,Referral,3024,665,Medium,True,False
4796,Charlene Lewis,melaniegibson@example.org,1992-01-28,Male,Edwardsfort,Mauritius,2024-03-09,Standard,Referral,2557,665,Medium,True,False
4797,Mrs Dawn Matthews,charvey@example.org,1950-10-09,Female,New Jonathanchester,Ireland,2024-06-30,Standard,Organic,3135,627,High,True,True
4798,Amy Walsh,carrcallum@example.net,1994-01-04,Male,Port Dylan,Jordan,2025-08-28,Standard,Google Ads,2255,707,Medium,True,False
4799,Maria Ryan,gavinstevenson@example.net,1994-02-13,Male,Helenfort,Nicaragua,2024-04-24,Standard,Organic,4715,793,Low,True,False
4800,Chelsea Fox,gparry@example.com,1958-10-24,Female,Shepherdfort,Dominica,2026-05-31,Standard,Facebook Ads,4598,637,High,True,True
4801,Dr Alice Edwards,wmccarthy@example.com,1982-09-04,Male,New Christopherhaven,Niger,2024-03-17,Standard,Organic,2344,697,Medium,False,False
4802,Amber Dawson,dawn78@example.net,1985-12-01,Female,Port Hilaryland,Japan,2024-08-26,Standard,Organic,3373,709,Medium,False,False
4803,Dr Gordon Clark,paulwilliams@example.com,1988-06-02,Male,Jonesstad,Rwanda,2026-02-14,Business,Google Ads,22935,612,High,True,True
4804,Eric Coles,howardjudith@example.org,1978-09-27,Female,Jenniferfort,Macao,2025-12-24,Premium,Referral,5813,752,Low,True,False
4805,Mr Danny Gray,jamie67@example.com,1991-06-30,Male,Judithport,Bosnia and Herzegovina,2026-02-02,Premium,Organic,10505,760,Low,True,False
4806,Katie Collins,roymartin@example.org,2002-08-12,Male,Karlport,Saint Vincent and the Grenadines,2026-05-07,Standard,Organic,3810,683,Medium,True,False
4807,Dr Adrian Reid,rfitzgerald@example.net,1976-01-28,Male,Jamesfort,Chile,2025-12-29,Standard,Organic,2614,739,Medium,True,False
4808,Frank Stokes-Powell,barbara75@example.com,1986-07-24,Female,West Joanneborough,Nepal,2025-04-25,Standard,Google Ads,4833,693,Medium,True,False
4809,Gail Wright,anthony08@example.org,1969-07-01,Female,Singhville,Guinea,2024-03-16,Business,Google Ads,14675,643,High,False,False
4810,Louise Cooper,joannewalker@example.net,1963-07-23,Male,North Bruceborough,Costa Rica,2024-04-23,Premium,Google Ads,10005,625,High,True,True
4811,Philip Talbot,bakerelizabeth@example.net,1975-10-11,Female,Amyfort,Saint Lucia,2024-08-24,Standard,LinkedIn,4367,726,Medium,True,True
4812,Dr Sean Bryan,carolynmartin@example.org,1969-05-18,Female,West Samuel,Cameroon,2024-03-14,Standard,Facebook Ads,4964,652,Medium,False,True
4813,Debra Marsh,zwatkins@example.net,1956-10-17,Male,East Bruce,Yemen,2025-06-29,Standard,Organic,2010,828,Low,True,False
4814,Carol Kaur,robertsangela@example.org,1974-04-04,Male,South Keithmouth,Bahrain,2023-09-04,Standard,Facebook Ads,3573,589,High,True,True
4815,Jay Howe,janetstephenson@example.net,2005-10-16,Female,South Jacqueline,Faroe Islands,2023-12-23,Standard,Referral,4914,674,Medium,True,False
4816,Marie Smart,glenn24@example.net,1999-08-09,Non-Binary,South Stewart,Zambia,2025-02-27,Standard,Organic,3461,487,High,True,False
4817,Fiona Robinson,powellvictoria@example.com,1985-03-18,Female,Wrightland,Senegal,2024-03-14,Premium,Facebook Ads,9876,664,Medium,True,True
4818,Christian Price,marymason@example.net,1957-10-20,Male,South Kathleen,Faroe Islands,2024-04-03,Standard,Organic,3652,602,High,True,True
4819,Judith Ashton,emiller@example.com,1979-11-12,Female,Lake Benborough,Aruba,2025-02-22,Standard,Google Ads,2307,608,High,True,False
4820,Mrs Beth Powell,chammond@example.org,1992-05-15,Female,Bernardshire,Afghanistan,2025-08-27,Standard,Google Ads,2763,616,High,True,False
4821,Hazel Hale,mannleanne@example.org,1960-10-24,Female,East Molly,Mauritania,2025-03-23,Standard,Referral,4190,610,High,True,False
4822,Rachel Robinson,heather83@example.org,1970-11-17,Male,Coopermouth,Nepal,2025-12-18,Standard,LinkedIn,2606,734,Medium,True,False
4823,Steven Barnes-Ahmed,hharris@example.org,1978-09-20,Male,Dorothyport,Switzerland,2025-12-23,Standard,Google Ads,2375,706,Medium,True,False
4824,Benjamin Whittaker,brownashley@example.com,1948-04-16,Female,New Denise,Palau,2025-09-20,Premium,Referral,5039,682,Medium,False,False
4825,Lawrence Martin,nichollshazel@example.org,1998-12-16,Female,Port Johnmouth,Guyana,2023-07-26,Standard,LinkedIn,2591,720,Medium,True,False
4826,Wayne Hewitt,bankselliott@example.net,1986-10-09,Female,Karenbury,Aruba,2023-12-24,Business,Google Ads,19894,777,Low,True,False
4827,Dr Damian Carr,gareth97@example.net,1986-04-10,Male,Jonesville,Hong Kong,2023-12-12,Premium,Google Ads,9652,637,High,False,False
4828,Daniel Bailey,saraturnbull@example.org,1995-12-31,Female,South Brendaburgh,Iran,2024-08-18,Standard,Referral,4660,728,Medium,True,False
4829,Gillian Warren,joancoles@example.org,1994-01-02,Male,McDonaldburgh,Kyrgyz Republic,2024-03-04,Standard,Organic,2198,696,Medium,True,True
4830,Dr Charles Lowe,victoria81@example.net,2003-02-15,Male,Lake Douglas,Luxembourg,2026-03-21,Premium,LinkedIn,7081,675,Medium,True,False
4831,Arthur Foster,walkermaria@example.org,1950-01-31,Male,North Sophie,South Georgia and the South Sandwich Islands,2025-08-19,Standard,Facebook Ads,4782,576,High,True,False
4832,Joshua Brooks,begumwayne@example.net,1954-10-21,Non-Binary,East Bryan,Guadeloupe,2025-07-30,Standard,Google Ads,4498,718,Medium,True,False
4833,Mitchell Wilkinson,ryanjones@example.org,1967-09-07,Male,North Juliantown,Western Sahara,2024-03-01,Standard,LinkedIn,2648,758,Low,True,False
4834,Joel Knight,justin79@example.net,1946-07-22,Male,Georginamouth,Spain,2024-02-05,Business,Facebook Ads,34514,672,Medium,True,False
4835,Connor Taylor,clive68@example.org,1962-11-15,Female,Paulshire,Chile,2025-08-09,Business,Google Ads,24915,766,Low,True,False
4836,Mr Glenn Haynes,kevin37@example.com,1989-07-23,Male,Amyberg,Lesotho,2025-06-17,Standard,Organic,2449,733,Medium,True,True
4837,Jay Davies,jacksonjoshua@example.net,1949-04-17,Female,Caroleshire,Portugal,2023-11-22,Standard,Organic,3789,824,Low,False,False
4838,Maureen Patel,daleashleigh@example.org,1997-09-08,Male,Granthaven,Poland,2026-05-24,Premium,Facebook Ads,6157,717,Medium,True,False
4839,Graham Leach,barbarawhitehouse@example.com,1959-03-26,Female,Daviestown,Vietnam,2025-07-08,Standard,Organic,3758,735,Medium,False,False
4840,George Miah,shirley34@example.com,1999-10-10,Female,New Ryan,Sweden,2024-10-02,Standard,Organic,3191,577,High,True,True
4841,Francis Bennett-Armstrong,pauline31@example.org,1959-09-01,Female,North Kevinland,Estonia,2024-09-29,Standard,Referral,3682,652,Medium,True,False
4842,Barry Kelly,jillharrison@example.com,2003-09-18,Male,Jacquelinemouth,Burundi,2024-11-11,Standard,Organic,4488,744,Medium,True,False
4843,Samuel Scott,sallyhardy@example.org,1946-09-25,Male,Jonesport,Maldives,2025-05-02,Standard,Organic,3665,579,High,True,False
4844,Emily Hayes,paul49@example.net,1985-11-13,Female,Lake Kevinberg,Saint Vincent and the Grenadines,2026-03-14,Standard,Google Ads,4970,612,High,False,True
4845,Louise Bishop-Price,robinsonjulian@example.org,1970-04-18,Male,Emilyside,Papua New Guinea,2026-01-11,Business,Google Ads,28825,810,Low,True,False
4846,Dr Victor McCarthy,umason@example.net,1950-07-24,Non-Binary,Port Heathertown,Mozambique,2026-01-03,Standard,Referral,3409,778,Low,True,False
4847,Mathew Barton,smithjoyce@example.com,1986-02-28,Male,Ellisbury,Vietnam,2024-10-10,Standard,Facebook Ads,2040,724,Medium,False,False
4848,Sarah Moss-Thompson,lisa51@example.net,1974-02-19,Female,East Stephanie,United States Minor Outlying Islands,2023-11-07,Standard,Referral,3947,629,High,True,False
4849,Christopher Ward-Robinson,glloyd@example.com,2002-03-18,Male,Port Catherine,Wallis and Futuna,2025-06-10,Standard,Referral,3266,650,Medium,True,False
4850,Amy Bell,millsjoseph@example.com,2003-09-16,Male,Elliottville,Sudan,2024-03-22,Standard,Organic,2341,782,Low,True,False
4851,Elaine Wallace,ubrown@example.org,1962-02-19,Female,Port Lawrence,Somalia,2026-03-31,Premium,LinkedIn,9925,606,High,True,False
4852,Mrs Angela Hall,vincentpearce@example.org,1993-09-30,Male,Declanmouth,Macao,2024-01-26,Standard,Organic,4336,739,Medium,True,False
4853,Ms Kathryn Rogers,morangerard@example.com,1974-06-05,Female,Jeanbury,Bangladesh,2024-12-22,Standard,Facebook Ads,3485,670,Medium,True,False
4854,Roger Harrison,johnruth@example.net,1975-03-24,Male,New Naomiville,Christmas Island,2025-04-01,Standard,Referral,3126,612,High,True,True
4855,Nigel Shaw,hbibi@example.org,1956-10-12,Female,Karenmouth,Senegal,2026-04-16,Standard,Organic,2426,717,Medium,True,True
4856,Nicholas Simpson,paul02@example.net,2005-02-09,Male,Brownside,Turkey,2025-12-31,Premium,Google Ads,6383,775,Low,True,False
4857,Neil Rhodes,kenneth26@example.com,1988-07-29,Female,Sandraville,Saint Vincent and the Grenadines,2024-11-09,Standard,Organic,4905,830,Low,True,False
4858,Mohammed Young,brian56@example.org,1997-03-13,Female,Port Ellie,Equatorial Guinea,2023-10-26,Business,Organic,16335,733,Medium,True,True
4859,Dr Marie Phillips,sallyrussell@example.org,1999-02-22,Female,Juliaton,Malaysia,2024-12-05,Business,Facebook Ads,24885,850,Low,True,False
4860,Ashley Edwards,nicholas19@example.net,1965-11-21,Female,Martynfurt,Hong Kong,2024-12-06,Premium,Organic,10025,807,Low,True,False
4861,Dr Denise Williamson,neil81@example.net,1946-07-31,Male,Bibichester,Indonesia,2025-06-07,Premium,Organic,8464,690,Medium,True,False
4862,Derek Miller,patrickkelly@example.com,1981-05-28,Female,West Nicolechester,Cape Verde,2026-03-21,Business,Organic,29476,574,High,True,False
4863,Bethan Johnson,heatherkirk@example.org,1977-01-29,Male,Juliamouth,Papua New Guinea,2025-09-19,Standard,Facebook Ads,3164,543,High,False,True
4864,Frances Peters,callumrichardson@example.com,2006-04-29,Male,Jessicabury,Tonga,2024-10-20,Standard,Google Ads,1939,797,Low,True,False
4865,Martin Pratt,mweston@example.net,1949-03-19,Male,Barbaraland,Spain,2024-07-04,Standard,Google Ads,3873,773,Low,True,False
4866,Alexander Hale-Bruce,raymondryan@example.org,1956-11-26,Male,Joshuafurt,Congo,2025-06-01,Standard,LinkedIn,4295,701,Medium,True,False
4867,Teresa Hughes,snicholson@example.com,1951-10-05,Female,Port Stacey,Congo,2025-03-21,Premium,Referral,11610,666,Medium,True,False
4868,Dr Keith Walton,yedwards@example.org,2000-05-13,Female,North Christine,Guyana,2023-09-02,Premium,Google Ads,5921,578,High,True,True
4869,Mr Duncan Barnett,jcooper@example.net,2003-09-26,Male,Lake Kate,Micronesia,2024-05-14,Standard,Google Ads,3924,729,Medium,True,False
4870,Howard Andrews,evanskathleen@example.org,1986-12-20,Male,Mariachester,Nepal,2025-04-13,Standard,Google Ads,3465,718,Medium,False,True
4871,Miss Lisa Ashton,doddhayley@example.net,1991-08-19,Male,South Lukeberg,Grenada,2025-10-25,Premium,Organic,8024,663,Medium,True,False
4872,Laura Wood,mwright@example.com,1987-05-19,Female,Port Lynn,Liberia,2023-09-26,Premium,Referral,11848,701,Medium,True,False
4873,Ms Amber Spencer,brookeswilliam@example.com,1983-02-22,Female,East Geraldine,Estonia,2024-04-05,Standard,Organic,2828,792,Low,True,True
4874,Darren Watson,griffithsalison@example.org,1979-01-28,Female,Bruceborough,New Zealand,2023-09-25,Premium,Organic,5021,649,High,True,True
4875,Ms Tina Bailey,jacksonjessica@example.com,2007-07-27,Female,Port Elaine,Liechtenstein,2024-05-30,Standard,Facebook Ads,4236,760,Low,False,False
4876,Jayne Wilson,vincentmurphy@example.org,2005-10-04,Female,North Callum,New Caledonia,2025-09-10,Premium,Referral,8641,750,Low,True,False
4877,Ms Amanda Ellis,smithjade@example.com,1959-02-13,Male,Port Kennethview,Australia,2023-09-17,Standard,Referral,4244,826,Low,True,False
4878,Alice Freeman,jeanmason@example.com,1994-08-16,Female,Daviesbury,Lao People's Democratic Republic,2024-08-30,Premium,Organic,11058,577,High,True,False
4879,Janice Brown,dohertygareth@example.com,1999-04-15,Female,Freemanland,Lao People's Democratic Republic,2026-05-04,Standard,Google Ads,3090,623,High,True,True
4880,Damian Armstrong,dunnfrancis@example.com,1983-04-09,Non-Binary,West Owen,Canada,2023-06-24,Premium,Organic,11231,602,High,False,True
4881,Jacqueline Chamberlain-Jones,nhall@example.org,1980-12-31,Male,Eileenland,New Caledonia,2024-07-16,Standard,Referral,1808,807,Low,True,False
4882,Mr Samuel Jones,williamsjane@example.org,1993-06-06,Male,Harrystad,Mauritania,2026-04-19,Standard,Facebook Ads,2654,636,High,False,False
4883,Graham Schofield,andersonkenneth@example.com,1981-12-03,Female,Charlottechester,Saint Lucia,2026-05-28,Standard,Google Ads,2649,629,High,True,False
4884,Dr Leslie Cameron,elizabeth81@example.org,1973-06-23,Female,West Fiona,Vanuatu,2024-06-26,Standard,Organic,4101,702,Medium,True,False
4885,Megan Harrison-Clark,christianhodgson@example.org,1977-02-19,Female,New Katie,Armenia,2025-05-24,Standard,Facebook Ads,3886,850,Low,True,False
4886,Rosemary Davis,tayloranthony@example.com,2007-10-12,Female,South Ronaldshire,Guinea,2026-03-20,Premium,Organic,7945,836,Low,True,False
4887,Ms Amber Kelly,jaynerees@example.org,1974-11-22,Female,Port Matthewville,New Caledonia,2026-03-24,Premium,Organic,8916,619,High,True,True
4888,Carol Khan,colehenry@example.org,1977-12-19,Female,West Rosemaryfort,Montenegro,2026-03-26,Premium,Facebook Ads,10332,672,Medium,True,False
4889,Dr Hayley Hicks,jennifer92@example.org,1955-08-26,Female,Brownbury,Uganda,2024-12-24,Standard,Google Ads,2184,738,Medium,True,False
4890,Brett Reed,vkhan@example.org,2008-01-18,Male,Turnertown,Nauru,2026-04-26,Standard,Google Ads,2545,601,High,False,True
4891,Ms Hollie Bell,deborah69@example.com,2008-02-14,Female,Maymouth,Saint Lucia,2025-02-06,Standard,LinkedIn,3569,639,High,True,False
4892,Jessica Watson,jeanfinch@example.net,1951-11-26,Female,Waltonmouth,Slovenia,2024-12-27,Standard,Google Ads,2406,704,Medium,True,False
4893,Clare James,julie89@example.com,1978-08-22,Female,Masonfurt,Gambia,2024-04-30,Standard,Organic,4648,661,Medium,True,False
4894,Maria Roberts,porterbarry@example.net,1964-07-04,Female,Andersonburgh,Rwanda,2023-07-10,Standard,LinkedIn,3956,727,Medium,True,False
4895,Dr Mandy Campbell,petergriffiths@example.org,1974-07-17,Non-Binary,Margaretstad,Palestinian Territory,2024-12-21,Premium,Referral,7465,612,High,True,False
4896,Catherine Thompson-Skinner,higginsdeclan@example.com,1971-02-22,Female,Kerrybury,Bouvet Island (Bouvetoya),2025-03-09,Business,Organic,13889,670,Medium,True,True
4897,Ashley Wilson,beth96@example.com,1982-09-13,Male,East Shane,Bosnia and Herzegovina,2024-04-12,Standard,Referral,1869,791,Low,True,False
4898,Leslie Sullivan,bethan86@example.org,1977-06-30,Female,West Georgeborough,Taiwan,2024-06-13,Standard,Referral,1870,602,High,True,True
4899,Ms Angela Parker,juliangallagher@example.com,1980-05-01,Female,Port Joan,Costa Rica,2025-08-23,Standard,Facebook Ads,3171,740,Medium,True,False
4900,Teresa Moore,ellieallen@example.org,1967-07-25,Female,Owenfurt,China,2025-02-20,Standard,Facebook Ads,3347,573,High,True,False
4901,Emma Carpenter-Jones,aball@example.org,1954-07-30,Male,Shaunfort,Congo,2025-12-06,Business,Referral,21181,850,Low,True,False
4902,Benjamin Woods,mohammadporter@example.net,1962-05-20,Male,North Colin,Jordan,2025-10-11,Standard,Referral,1897,773,Low,True,False
4903,Dr Francis Green,ssmart@example.com,1967-04-03,Female,Kaychester,Kyrgyz Republic,2024-07-30,Standard,Facebook Ads,4887,769,Low,True,True
4904,Charlene Edwards,antony46@example.net,2003-08-24,Male,West Philipshire,Mayotte,2024-07-22,Premium,Google Ads,10418,782,Low,True,False
4905,Vanessa Green-Kennedy,harrisonscott@example.net,1984-09-14,Male,West Lesliehaven,South Africa,2025-10-03,Standard,Referral,2810,687,Medium,True,False
4906,Dr Patrick Spencer,aperry@example.com,1963-06-04,Male,Albertchester,South Africa,2023-06-14,Premium,LinkedIn,8384,740,Medium,True,False
4907,Ross Wilson-Clarke,ryanthomas@example.org,1999-05-29,Male,New Elainehaven,Sri Lanka,2023-07-22,Standard,Facebook Ads,4819,640,High,True,False
4908,Tom Kelly,bennettdean@example.org,1990-02-12,Male,Joanneton,Christmas Island,2024-11-19,Standard,Google Ads,3381,822,Low,True,False
4909,Sophie Harper,jessicawebster@example.org,1984-05-12,Female,Fionaborough,Taiwan,2024-03-05,Standard,Google Ads,4220,682,Medium,False,False
4910,Philip Newman,rachelread@example.org,1955-01-14,Female,New Clare,Libyan Arab Jamahiriya,2025-01-31,Standard,Organic,3521,755,Low,True,False
4911,Gordon White,murphyjustin@example.com,1994-11-17,Male,Williamsport,Seychelles,2025-08-28,Standard,Google Ads,3909,587,High,True,False
4912,Rita Miller,shahangela@example.org,1998-10-03,Male,Lake Denis,Nicaragua,2023-12-21,Standard,Referral,3976,823,Low,True,False
4913,Mr Ryan Porter,lpatel@example.com,2007-03-20,Male,North Stewart,Uganda,2026-04-18,Standard,Google Ads,3815,735,Medium,False,False
4914,Ashley Edwards,jodie00@example.com,1994-06-29,Male,Andrewfurt,Angola,2025-11-27,Standard,Facebook Ads,2356,709,Medium,True,True
4915,Vanessa Gregory,kerry12@example.net,2005-01-29,Male,West Gerardburgh,Pitcairn Islands,2026-03-18,Premium,Referral,7188,631,High,True,False
4916,Danielle Smith-May,ihawkins@example.net,2000-08-28,Female,Burtonbury,Australia,2024-02-10,Premium,Facebook Ads,7319,712,Medium,True,False
4917,Nigel Burton-Thompson,yvonne51@example.com,1945-10-02,Male,Donnafurt,Italy,2023-09-27,Standard,Organic,4148,710,Medium,False,False
4918,Richard Dixon,victoria45@example.com,1968-09-29,Male,Arthurbury,Zambia,2024-03-17,Standard,Organic,3692,479,High,True,False
4919,Kelly Doyle,harriselliott@example.com,1998-06-01,Male,North Andrew,Anguilla,2026-03-01,Premium,Referral,8100,657,Medium,True,False
4920,Mr Elliott Thomas,bartonjoanna@example.com,1956-04-05,Female,Jordanton,Anguilla,2024-03-23,Standard,LinkedIn,2064,782,Low,True,False
4921,Michael Bray,colemalcolm@example.net,1970-04-04,Female,New Gavin,Indonesia,2024-04-19,Business,Google Ads,21461,720,Medium,True,False
4922,Mr Connor Collins,scottbradley@example.org,1948-02-03,Male,South Dennis,Cayman Islands,2026-06-02,Standard,Referral,3871,681,Medium,True,False
4923,Mrs Anna Heath,teresafreeman@example.com,1950-07-16,Male,Simpsonfurt,Bosnia and Herzegovina,2023-10-04,Standard,Google Ads,4929,676,Medium,True,True
4924,Barbara Parsons,melissataylor@example.com,1985-05-01,Female,South Jennifer,Spain,2024-05-12,Standard,Referral,2848,617,High,False,True
4925,Alan Hall,tturner@example.com,1949-06-11,Male,North Hugh,Tokelau,2024-03-29,Standard,Organic,4304,740,Medium,False,False
4926,Adam Kelly,harveyvalerie@example.org,2003-12-21,Non-Binary,West Ryan,Cameroon,2023-11-09,Premium,Facebook Ads,11190,698,Medium,False,False
4927,Duncan Williams,vsmith@example.com,1980-10-07,Male,Charlestown,Niue,2025-10-15,Business,Facebook Ads,25569,731,Medium,True,False
4928,Joanne Francis,holdenbrenda@example.org,2001-08-30,Female,Chandlerport,Northern Mariana Islands,2025-07-16,Premium,Referral,8359,715,Medium,True,False
4929,Christian Hill,lindseybradshaw@example.org,1995-07-11,Female,Lindseymouth,Turkey,2023-10-26,Standard,Referral,4660,595,High,True,False
4930,Liam Burke,hussainstanley@example.com,1962-10-18,Male,Port Jackberg,Guinea-Bissau,2024-10-12,Standard,LinkedIn,3994,642,High,True,False
4931,Ellie Thompson,wnorton@example.org,2002-09-02,Female,Fowlerton,Tokelau,2024-04-07,Premium,Organic,11417,714,Medium,True,False
4932,Hilary Gill-Jones,pattersonstewart@example.net,1997-04-26,Female,North Lucyport,Grenada,2023-07-03,Standard,Organic,2193,719,Medium,False,False
4933,Lindsey Chan-Yates,stanleywallis@example.net,1980-10-31,Female,Annfurt,Mozambique,2024-11-27,Premium,Referral,5959,665,Medium,True,False
4934,Diana Ward-Hutchinson,ystevenson@example.com,1981-01-10,Male,Patelside,Indonesia,2025-01-21,Standard,Organic,2304,797,Low,True,False
4935,Leon Jones,lroberts@example.com,1977-11-11,Female,Gemmaborough,Switzerland,2024-10-14,Standard,Facebook Ads,3243,737,Medium,True,False
4936,Dr Stewart Smith,coxbeverley@example.org,1979-08-12,Female,Port Jenna,Congo,2024-06-08,Standard,Facebook Ads,4964,738,Medium,True,False
4937,Mr Christopher Jones,akhtarjordan@example.net,1992-03-15,Male,Ballhaven,Turks and Caicos Islands,2023-12-01,Premium,Google Ads,7865,596,High,False,True
4938,Carol Thomas,karl27@example.org,2004-11-13,Male,North Mohammad,Timor-Leste,2025-10-16,Standard,Organic,4369,846,Low,False,False
4939,Kieran Swift,abdulcross@example.org,1954-07-18,Female,Angelatown,Senegal,2025-08-20,Standard,Organic,4050,665,Medium,True,False
4940,Emily Holden,ncarroll@example.net,1954-03-13,Female,South Jasmine,Tanzania,2025-08-01,Premium,Organic,5428,661,Medium,False,False
4941,Molly Henderson,gemma90@example.org,1968-08-20,Male,Masonberg,Sudan,2025-03-04,Premium,LinkedIn,6342,739,Medium,True,False
4942,Eileen Bell-Martin,brookscharles@example.net,1967-06-04,Male,Katherinemouth,Aruba,2023-11-11,Premium,Organic,11249,661,Medium,True,True
4943,Robert Lee,baxterbrandon@example.com,1998-01-16,Female,Scottshire,Palau,2024-08-04,Standard,Facebook Ads,3446,690,Medium,True,True
4944,Holly Farmer,andrearichards@example.org,1985-12-17,Female,Ianborough,Korea,2026-03-01,Standard,Organic,4346,611,High,True,True
4945,Miss Amanda Brown,glen26@example.com,1975-08-05,Male,Lake Terenceside,American Samoa,2024-07-16,Standard,Facebook Ads,3774,644,High,True,False
4946,Toby Bishop,wosborne@example.net,2004-07-13,Male,Georgetown,Guinea,2025-02-20,Premium,Organic,9683,748,Medium,True,False
4947,Miss Lynn Lee,stephanie02@example.org,1960-05-22,Male,Ellisland,South Georgia and the South Sandwich Islands,2025-09-10,Standard,Organic,2423,717,Medium,True,False
4948,Andrew Lawrence-Wood,dwhittaker@example.com,1998-03-04,Male,Noblestad,French Guiana,2025-01-11,Premium,Referral,11439,692,Medium,True,False
4949,Jeffrey Richardson,chelseadavies@example.org,1971-11-11,Male,Ryanville,Palau,2023-10-10,Premium,Google Ads,8843,808,Low,True,False
4950,Miss Lorraine Howells,wbentley@example.org,1963-12-20,Female,Juneburgh,Jamaica,2025-12-03,Standard,LinkedIn,2050,733,Medium,True,True
4951,Ms Pamela Lewis,pamelarice@example.net,1951-10-04,Female,Smithshire,Timor-Leste,2026-01-25,Standard,Google Ads,2998,613,High,True,False
4952,Jennifer Hall,twilliamson@example.com,1973-06-18,Female,East Jade,Iceland,2023-10-26,Standard,Organic,4902,678,Medium,True,False
4953,Gavin Holmes,mahmoodiain@example.com,1982-06-29,Female,Flynnton,Thailand,2023-12-08,Premium,Organic,9659,649,High,True,False
4954,Aaron Slater,neil04@example.com,1977-06-13,Male,East Katy,Bermuda,2025-11-14,Standard,Facebook Ads,2712,592,High,True,False
4955,Beth Reed,lawrencejemma@example.net,1993-12-19,Male,Wheelerville,Bahrain,2023-07-05,Standard,Google Ads,2836,795,Low,True,False
4956,Tony Thomas,christopher16@example.com,1996-10-14,Male,Sianhaven,South Georgia and the South Sandwich Islands,2025-04-09,Standard,Organic,2660,670,Medium,True,False
4957,Zoe Young,adam52@example.org,1962-04-23,Male,New Joanne,Saint Pierre and Miquelon,2023-12-23,Standard,Google Ads,4050,572,High,True,True
4958,Callum Smith,smithjoan@example.com,1963-12-25,Female,West Joshua,China,2025-05-03,Business,Organic,28692,704,Medium,True,True
4959,Ms Patricia Stewart,lyndamurray@example.org,1951-10-05,Female,Sharonfort,Saudi Arabia,2024-05-03,Standard,Facebook Ads,4725,542,High,True,False
4960,Mr Robin Wong,reece52@example.org,1956-01-01,Female,Lake Robertburgh,Belarus,2024-06-22,Premium,Referral,7652,621,High,True,True
4961,Sally Davey-Gill,tina36@example.net,1970-09-16,Male,Port Robin,Tunisia,2024-10-07,Standard,Referral,4544,588,High,True,False
4962,Danny Clarke,marie98@example.org,1960-11-29,Male,Alexanderside,Netherlands,2025-07-17,Standard,Facebook Ads,1926,589,High,True,True
4963,Mr Jonathan Brown,kimberley55@example.com,2003-09-04,Female,Port Billy,Kenya,2024-11-24,Premium,Referral,7125,698,Medium,True,False
4964,Mrs Linda Johnston,qdavies@example.org,1949-02-20,Female,South Danielport,Barbados,2025-07-23,Standard,Organic,2223,637,High,True,False
4965,Raymond Mitchell,brownemaria@example.com,1983-10-23,Male,Russellport,United States Minor Outlying Islands,2024-12-23,Standard,Google Ads,4092,597,High,True,False
4966,Clare Ball,malcolm01@example.com,1984-06-22,Male,Fletcherside,Brunei Darussalam,2024-11-29,Premium,Facebook Ads,11747,728,Medium,True,False
4967,Graham Lewis,henrymoss@example.org,2001-11-19,Male,Pearsontown,New Zealand,2024-02-20,Standard,Facebook Ads,3621,777,Low,True,False
4968,Aimee Long,georgerees@example.net,1979-01-06,Male,Deborahland,Romania,2024-08-20,Business,Google Ads,33284,712,Medium,True,False
4969,Albert James,ctaylor@example.com,1956-03-28,Female,East Wayne,Russian Federation,2024-03-15,Premium,Google Ads,10146,752,Low,True,False
4970,Pauline Elliott-Leonard,rebeccaedwards@example.net,1987-11-17,Male,East Adrianville,Germany,2025-08-28,Standard,Referral,3313,623,High,True,False
4971,Holly Parker,ellie56@example.net,1974-05-08,Female,Eileenfort,Kiribati,2025-07-18,Premium,Referral,7061,641,High,True,True
4972,Clive Lane,mckenzierosemary@example.com,1976-06-23,Male,Burrowsbury,Tajikistan,2025-08-28,Standard,LinkedIn,4128,676,Medium,True,False
4973,Kelly Marsden,harrisrosemary@example.net,1976-02-25,Male,Bethburgh,Ukraine,2025-04-16,Standard,Organic,2816,632,High,True,False
4974,Frank Taylor,gavindavies@example.com,1968-10-08,Female,Walshland,Greece,2024-07-02,Standard,Organic,4360,640,High,True,True
4975,Miss Marie Marshall,leonard77@example.org,1947-12-03,Male,Maxfort,Saint Barthelemy,2025-11-13,Standard,Referral,4401,736,Medium,True,False
4976,Beth Rowe,nmatthews@example.org,1997-07-11,Non-Binary,Marymouth,New Caledonia,2025-01-02,Premium,Google Ads,7731,765,Low,True,False
4977,Glenn Edwards,daleben@example.net,1966-10-22,Female,Markbury,French Guiana,2024-12-15,Premium,Organic,9479,624,High,True,False
4978,Stephanie Willis,jwood@example.org,1996-01-12,Female,West Matthew,Lao People's Democratic Republic,2025-09-10,Standard,Organic,2781,613,High,False,False
4979,Mr Paul Matthews,rebecca68@example.com,2001-12-27,Male,Hazelland,Cambodia,2023-12-28,Premium,Facebook Ads,10040,558,High,True,False
4980,Sara Johnson,williamshannah@example.com,1991-09-05,Female,West Richard,Nauru,2023-09-16,Standard,LinkedIn,4774,636,High,True,True
4981,Mr George Austin,holly92@example.com,1991-01-17,Female,Fordview,Marshall Islands,2024-10-30,Standard,Google Ads,2784,463,High,True,True
4982,Terence Burke,popeashleigh@example.org,1964-09-03,Male,Port Waynefurt,Japan,2025-08-04,Premium,Google Ads,9373,850,Low,True,False
4983,Ian Atkinson,debramorris@example.org,2001-02-07,Female,Port Liam,Uzbekistan,2025-12-20,Standard,Organic,3291,682,Medium,True,False
4984,Abbie Thompson,caroline86@example.org,1986-01-05,Male,Garyhaven,Northern Mariana Islands,2023-06-26,Standard,Referral,4863,774,Low,True,False
4985,Hayley Freeman-Holland,apatel@example.net,1999-10-19,Female,Riceton,United States Virgin Islands,2024-08-15,Standard,Referral,3691,700,Medium,True,False
4986,Rachael Palmer,boylehayley@example.net,1956-02-13,Female,Leechester,Libyan Arab Jamahiriya,2024-04-17,Premium,Organic,9991,789,Low,True,False
4987,Gary Barnett,pearcemichelle@example.org,1973-08-27,Female,Darrentown,Haiti,2024-05-17,Standard,Organic,3656,751,Low,True,False
4988,Denise Smith,gordon09@example.net,1982-11-21,Female,Graemeshire,San Marino,2025-01-24,Standard,Facebook Ads,2335,606,High,True,False
4989,Ms Teresa Stephenson,rarmstrong@example.com,1964-03-27,Female,Woodfurt,Cocos (Keeling) Islands,2025-04-10,Standard,Organic,2034,783,Low,False,False
4990,Ms Shirley Lees,whitedenise@example.net,1960-04-05,Female,New Garry,Hungary,2025-12-29,Standard,Organic,4257,696,Medium,True,False
4991,Edward Smith-Brown,charlene54@example.org,1995-05-09,Male,Shanemouth,Bouvet Island (Bouvetoya),2025-12-11,Standard,Referral,3200,651,Medium,True,False
4992,Jason Webb,katie66@example.com,1951-04-13,Female,Lawrenceside,Guinea-Bissau,2023-08-13,Standard,Referral,3950,694,Medium,True,False
4993,Dr Frank Nolan,apalmer@example.net,1978-08-01,Female,East Anthony,Djibouti,2025-03-14,Standard,Google Ads,4049,741,Medium,True,False
4994,Sam Taylor,cliffordwebb@example.org,1969-02-03,Female,Carterhaven,Malaysia,2025-09-30,Standard,Google Ads,4046,624,High,True,False
4995,Mr Phillip Roberts,hswift@example.org,1961-09-17,Male,Nicholsonmouth,Indonesia,2025-05-08,Standard,Google Ads,4898,653,Medium,False,False
4996,Emma Brown,beth24@example.com,1958-07-24,Female,Billymouth,Greenland,2026-02-24,Standard,Referral,4059,631,High,True,False
4997,Shirley Brooks,oneillfrances@example.com,1956-08-13,Non-Binary,Lake Ashleigh,Greenland,2025-11-15,Standard,Referral,2953,712,Medium,True,False
4998,Scott Jones,taylorlouise@example.org,1997-03-12,Male,Judithchester,Pakistan,2024-12-19,Premium,Facebook Ads,5028,697,Medium,True,False
4999,Miss Kelly Howard,margaret74@example.net,2000-09-28,Female,North Susan,Dominica,2024-05-13,Premium,Facebook Ads,9452,639,High,True,False
5000,Vincent Cooper,ysmith@example.net,1996-08-12,Female,North Benjaminmouth,Korea,2024-09-29,Premium,Facebook Ads,6139,664,Medium,True,False
