customer_id,total_transactions,total_volume,total_revenue,avg_transaction_value,fraud_transactions,anomaly_transactions,signup_date,customer_segment,acquisition_channel,churn_flag,customer_age_days,cac,ltv
1,18,8755.01,43.77,486.38944444444445,1,0,2025-09-11,Standard,Google Ads,False,274,80,43.77
2,17,2732.9,13.65,160.75882352941176,1,0,2025-08-30,Standard,Referral,True,286,20,13.65
3,22,3200.51,16.01,145.4777272727273,0,0,2025-06-21,Standard,Organic,True,356,0,16.01
4,26,4275.3,21.37,164.4346153846154,1,0,2024-08-22,Standard,Organic,False,659,0,21.37
5,13,2125.62,10.64,163.50923076923075,0,0,2026-05-20,Standard,Organic,False,23,0,10.64
6,30,10337.24,51.67,344.57466666666664,0,0,2024-01-09,Standard,Organic,True,885,0,51.67
7,17,85522.83,427.63,5030.754705882353,1,1,2025-06-04,Premium,Organic,False,373,0,427.63
8,23,17451.05,87.24,758.741304347826,2,0,2023-06-18,Premium,Facebook Ads,False,1090,60,87.24
9,26,4813.98,24.07,185.1530769230769,0,0,2025-07-20,Standard,Google Ads,False,327,80,24.07
10,17,3169.59,15.86,186.44647058823531,0,0,2024-03-15,Standard,Organic,False,819,0,15.86
11,19,3148.13,15.74,165.69105263157894,0,0,2023-09-30,Standard,Google Ads,False,986,80,15.74
12,18,2704.16,13.51,150.2311111111111,0,0,2026-06-09,Standard,Google Ads,False,3,80,13.51
13,21,3868.54,19.34,184.21619047619046,0,0,2023-11-04,Standard,Referral,False,951,20,19.34
14,17,14163.8,70.83,833.1647058823529,0,0,2023-08-07,Premium,Google Ads,False,1040,80,70.83
15,22,3460.95,17.32,157.3159090909091,0,0,2023-10-14,Standard,Organic,False,972,0,17.32
16,22,3266.34,16.31,148.47,0,0,2025-07-06,Standard,Organic,False,341,0,16.31
17,16,2845.29,14.22,177.830625,0,0,2024-01-31,Standard,Google Ads,False,863,80,14.22
18,14,11898.69,59.5,849.9064285714286,0,0,2024-04-10,Premium,Organic,False,793,0,59.5
19,19,3011.63,15.06,158.50684210526316,0,0,2024-03-11,Standard,Organic,False,823,0,15.06
20,21,3855.83,19.27,183.61095238095237,1,0,2023-11-08,Standard,LinkedIn,False,947,120,19.27
21,20,2976.26,14.87,148.81300000000002,0,0,2025-06-28,Standard,LinkedIn,False,349,120,14.87
22,16,2218.5,11.07,138.65625,1,0,2026-01-05,Standard,Referral,False,158,20,11.07
23,28,4216.73,21.1,150.5975,0,0,2024-09-06,Standard,LinkedIn,False,644,120,21.1
24,17,2048.75,10.25,120.51470588235294,1,0,2025-05-18,Standard,Google Ads,False,390,80,10.25
25,22,15972.34,79.88,726.0154545454545,1,1,2024-04-27,Standard,LinkedIn,False,776,120,79.88
26,18,2247.65,11.24,124.86944444444445,0,0,2026-01-04,Standard,Referral,False,159,20,11.24
27,15,11676.71,58.39,778.4473333333333,0,0,2023-12-09,Premium,Organic,False,916,0,58.39
28,19,2338.5,11.68,123.07894736842105,1,0,2024-03-17,Standard,Google Ads,False,817,80,11.68
29,17,13201.43,66.0,776.554705882353,0,0,2025-11-29,Premium,Referral,False,195,20,66.0
30,24,3905.56,19.53,162.73166666666665,1,0,2026-06-09,Standard,Organic,False,3,0,19.53
31,29,4320.57,21.6,148.9851724137931,0,0,2024-05-19,Standard,Google Ads,True,754,80,21.6
32,21,3270.8,16.34,155.75238095238097,0,0,2026-03-15,Standard,LinkedIn,False,89,120,16.34
33,30,8926.98,44.620000000000005,297.566,2,0,2024-04-13,Standard,LinkedIn,False,790,120,44.620000000000005
34,21,17105.53,85.50999999999999,814.5490476190475,0,0,2025-02-28,Premium,Organic,False,469,0,85.50999999999999
35,17,12848.099999999999,64.26,755.770588235294,0,1,2024-10-09,Standard,Facebook Ads,False,611,60,64.26
36,23,3911.79,19.53,170.07782608695652,0,0,2024-06-25,Standard,Organic,False,717,0,19.53
37,23,3950.88,19.74,171.77739130434784,2,0,2025-10-27,Standard,Facebook Ads,False,228,60,19.74
38,18,2294.96,11.46,127.49777777777778,0,0,2024-09-13,Standard,Google Ads,False,637,80,11.46
39,18,13374.67,66.86,743.0372222222222,0,0,2025-05-22,Premium,LinkedIn,False,386,120,66.86
40,22,3575.77,17.89,162.535,0,0,2024-04-09,Standard,Referral,False,794,20,17.89
41,23,16461.06,82.34,715.6982608695653,1,0,2026-04-22,Premium,Facebook Ads,False,51,60,82.34
42,14,11376.9,56.89,812.6357142857142,0,0,2023-10-04,Premium,Google Ads,True,982,80,56.89
43,30,4695.66,23.46,156.522,1,0,2025-05-27,Standard,Organic,False,381,0,23.46
44,23,3673.98,18.38,159.7382608695652,1,0,2023-10-20,Standard,Google Ads,False,966,80,18.38
45,14,2702.65,13.53,193.04642857142858,0,0,2025-06-14,Standard,Organic,True,363,0,13.53
46,25,3369.86,16.84,134.7944,0,0,2023-12-30,Standard,Organic,True,895,0,16.84
47,21,17295.88,86.47999999999999,823.6133333333333,1,1,2025-06-07,Standard,Organic,False,370,0,86.47999999999999
48,22,3585.69,17.95,162.9859090909091,0,0,2024-06-26,Standard,Organic,False,716,0,17.95
49,22,3213.5499999999997,16.08,146.07045454545454,1,0,2025-05-31,Standard,Organic,False,377,0,16.08
50,29,4681.52,23.42,161.43172413793104,0,0,2025-05-03,Standard,Organic,False,405,0,23.42
51,14,2202.5,11.01,157.32142857142858,0,0,2024-06-12,Standard,Facebook Ads,False,730,60,11.01
52,15,11344.34,56.73,756.2893333333334,0,0,2024-01-12,Premium,LinkedIn,False,882,120,56.73
53,16,2263.81,11.34,141.488125,0,0,2023-12-18,Standard,Organic,False,907,0,11.34
54,20,3366.08,16.84,168.304,1,0,2024-03-15,Standard,Google Ads,False,819,80,16.84
55,16,2795.8199999999997,13.99,174.73874999999998,0,0,2024-08-04,Standard,Facebook Ads,False,677,60,13.99
56,19,13340.03,66.7,702.1068421052632,0,0,2025-07-15,Premium,LinkedIn,False,332,120,66.7
57,20,3191.95,15.96,159.5975,1,0,2023-07-04,Standard,Facebook Ads,False,1074,60,15.96
58,20,7862.99,39.32,393.1495,1,0,2024-01-14,Standard,Google Ads,True,880,80,39.32
59,24,3896.88,19.49,162.37,0,0,2024-03-02,Standard,Organic,True,832,0,19.49
60,17,2554.74,12.780000000000001,150.27882352941174,0,0,2025-05-23,Standard,Organic,False,385,0,12.780000000000001
61,19,2925.21,14.600000000000001,153.9584210526316,0,0,2025-09-15,Standard,Organic,False,270,0,14.600000000000001
62,15,1975.6299999999999,9.89,131.70866666666666,0,0,2025-08-25,Standard,Google Ads,True,291,80,9.89
63,23,92519.14000000001,462.58,4022.5713043478268,0,1,2025-11-11,Premium,Referral,True,213,20,462.58
64,17,7785.51,38.92,457.97117647058826,0,0,2024-10-24,Standard,Organic,True,596,0,38.92
65,20,10775.11,53.86000000000001,538.7555,1,0,2023-10-21,Standard,Google Ads,False,965,80,53.86000000000001
66,24,15865.44,79.32,661.0600000000001,1,1,2023-08-21,Standard,Google Ads,False,1026,80,79.32
67,21,14867.26,74.33,707.9647619047619,0,1,2023-08-08,Standard,LinkedIn,True,1039,120,74.33
68,24,14361.21,71.79,598.38375,1,0,2024-07-10,Premium,Organic,False,702,0,71.79
69,20,3087.88,15.43,154.394,0,0,2025-01-09,Standard,Facebook Ads,True,519,60,15.43
70,18,2902.66,14.5,161.2588888888889,0,0,2025-07-04,Standard,Referral,False,343,20,14.5
71,22,3261.61,16.32,148.255,0,0,2025-10-05,Standard,Google Ads,False,250,80,16.32
72,20,3572.05,17.84,178.60250000000002,0,0,2025-07-10,Standard,Organic,True,337,0,17.84
73,21,3465.32,17.3,165.0152380952381,0,0,2024-03-04,Standard,Facebook Ads,False,830,60,17.3
74,16,10566.23,52.839999999999996,660.389375,0,0,2025-10-05,Premium,LinkedIn,False,250,120,52.839999999999996
75,16,2690.6800000000003,13.46,168.16750000000002,0,0,2025-05-13,Standard,Google Ads,False,395,80,13.46
76,14,115606.70000000001,578.04,8257.621428571429,1,4,2025-01-29,Business,Organic,True,499,0,578.04
77,26,3985.19,19.93,153.27653846153845,0,0,2024-12-25,Standard,Referral,False,534,20,19.93
78,23,19497.9,97.49,847.7347826086957,0,0,2023-08-13,Premium,Facebook Ads,False,1034,60,97.49
79,17,1706.3,8.53,100.37058823529412,0,0,2024-03-04,Standard,Google Ads,False,830,80,8.53
80,20,3176.04,15.879999999999999,158.802,0,0,2024-02-07,Standard,LinkedIn,False,856,120,15.879999999999999
81,16,16480.25,82.4,1030.015625,0,0,2025-10-09,Premium,Referral,False,246,20,82.4
82,21,16937.01,84.7,806.5242857142856,0,0,2024-10-22,Premium,LinkedIn,False,598,120,84.7
83,20,3692.36,18.45,184.618,0,0,2023-12-29,Standard,Facebook Ads,False,896,60,18.45
84,32,28484.04,142.41,890.12625,0,0,2024-11-05,Premium,Google Ads,False,584,80,142.41
85,18,142325.77,711.63,7906.987222222222,0,3,2026-05-29,Business,Google Ads,False,14,80,711.63
86,20,3148.31,15.73,157.4155,0,0,2026-05-15,Standard,Google Ads,False,28,80,15.73
87,22,18549.38,92.75,843.1536363636365,0,0,2023-10-18,Premium,Google Ads,False,968,80,92.75
88,28,8371.12,41.86,298.96857142857147,0,0,2024-03-09,Standard,Organic,True,825,0,41.86
89,22,2767.68,13.81,125.80363636363636,0,0,2024-01-03,Standard,Google Ads,False,891,80,13.81
90,24,3982.87,19.94,165.95291666666665,0,0,2023-08-19,Standard,Referral,True,1028,20,19.94
91,14,18358.17,91.77,1311.297857142857,0,1,2025-11-21,Standard,Referral,False,203,20,91.77
92,19,3226.8,16.15,169.83157894736843,0,0,2024-05-13,Standard,Google Ads,False,760,80,16.15
93,19,12901.660000000002,64.49,679.0347368421053,0,1,2025-05-14,Standard,Google Ads,False,394,80,64.49
94,20,3459.2,17.29,172.95999999999998,0,0,2025-12-27,Standard,Referral,False,167,20,17.29
95,21,14936.22,74.68,711.2485714285714,1,0,2026-01-17,Premium,LinkedIn,False,146,120,74.68
96,18,2287.69,11.450000000000001,127.0938888888889,2,0,2025-12-18,Standard,Google Ads,False,176,80,11.450000000000001
97,23,137813.74,689.04,5991.901739130434,0,1,2024-04-23,Business,Referral,False,780,20,689.04
98,18,2628.43,13.139999999999999,146.02388888888888,0,0,2024-10-07,Standard,Facebook Ads,False,613,60,13.139999999999999
99,31,5796.17,29.0,186.9732258064516,1,0,2025-10-03,Standard,LinkedIn,False,252,120,29.0
100,18,2203.9900000000002,11.01,122.4438888888889,0,0,2024-07-30,Standard,Referral,False,682,20,11.01
101,24,4970.48,24.84,207.10333333333332,1,0,2023-09-15,Standard,Organic,False,1001,0,24.84
102,17,2103.14,10.51,123.71411764705881,0,0,2023-06-14,Standard,Google Ads,False,1094,80,10.51
103,14,1969.53,9.84,140.6807142857143,0,0,2024-10-16,Standard,LinkedIn,False,604,120,9.84
104,20,2736.72,13.67,136.83599999999998,1,0,2023-09-19,Standard,Referral,True,997,20,13.67
105,18,2481.95,12.42,137.8861111111111,0,0,2024-11-04,Standard,LinkedIn,True,585,120,12.42
106,20,14563.800000000001,72.82,728.19,0,0,2025-07-28,Premium,Organic,False,319,0,72.82
107,17,14145.380000000001,70.73,832.0811764705883,0,0,2025-06-18,Premium,Google Ads,False,359,80,70.73
108,27,11666.789999999999,58.32,432.1033333333333,0,0,2023-08-01,Standard,Google Ads,False,1046,80,58.32
109,20,2698.85,13.5,134.9425,2,0,2024-04-04,Standard,Organic,False,799,0,13.5
110,23,19932.66,99.67,866.6373913043478,0,0,2023-07-21,Premium,Organic,False,1057,0,99.67
111,11,1728.6100000000001,8.63,157.14636363636365,0,0,2024-10-15,Standard,Referral,False,605,20,8.63
112,17,2145.14,10.73,126.18470588235293,0,0,2025-04-15,Standard,Google Ads,False,423,80,10.73
113,22,17945.03,89.7,815.6831818181818,1,0,2024-07-21,Premium,Google Ads,False,691,80,89.7
114,40,6113.27,30.6,152.83175,0,0,2026-05-19,Standard,Organic,False,24,0,30.6
115,25,10026.15,50.120000000000005,401.046,0,0,2025-02-16,Standard,Facebook Ads,True,481,60,50.120000000000005
116,18,2533.19,12.68,140.73277777777778,0,0,2024-04-17,Standard,Referral,True,786,20,12.68
117,21,2890.06,14.43,137.62190476190477,1,0,2025-11-14,Standard,Organic,False,210,0,14.43
118,21,95729.45,478.62,4558.545238095238,0,2,2024-01-03,Business,Google Ads,False,891,80,478.62
119,24,2972.74,14.87,123.86416666666666,0,0,2024-01-20,Standard,Google Ads,False,874,80,14.87
120,17,2308.01,11.55,135.76529411764707,0,0,2025-12-09,Standard,Google Ads,False,185,80,11.55
121,20,13048.91,65.24,652.4455,0,0,2024-08-15,Premium,Google Ads,False,666,80,65.24
122,22,17200.37,85.99,781.8349999999999,1,0,2024-05-11,Premium,Organic,True,762,0,85.99
123,30,5498.16,27.490000000000002,183.272,0,0,2024-01-15,Standard,Organic,False,879,0,27.490000000000002
124,26,21116.45,105.61,812.1711538461539,1,0,2026-04-12,Premium,Organic,False,61,0,105.61
125,28,4979.8,24.87,177.85,1,0,2024-11-03,Standard,Organic,False,586,0,24.87
126,13,2168.29,10.83,166.79153846153847,0,0,2023-12-20,Standard,Facebook Ads,False,905,60,10.83
127,16,2233.35,11.17,139.584375,0,0,2026-01-02,Standard,Google Ads,False,161,80,11.17
128,21,2960.5,14.82,140.97619047619048,0,0,2025-04-15,Standard,Organic,False,423,0,14.82
129,22,10686.93,53.44,485.7695454545455,1,0,2023-09-07,Standard,Organic,False,1009,0,53.44
130,15,2166.89,10.82,144.45933333333332,0,0,2023-12-19,Standard,Organic,True,906,0,10.82
131,22,3298.47,16.509999999999998,149.93045454545452,0,0,2025-02-21,Standard,Organic,False,476,0,16.509999999999998
132,16,4568.610000000001,22.84,285.53812500000004,0,0,2024-03-12,Standard,Referral,False,822,20,22.84
133,22,3560.74,17.8,161.85181818181817,0,0,2024-05-24,Standard,Google Ads,True,749,80,17.8
134,14,11617.23,58.07,829.8021428571428,0,0,2025-12-28,Premium,Referral,False,166,20,58.07
135,24,3764.83,18.830000000000002,156.86791666666667,0,0,2023-12-05,Standard,Organic,False,920,0,18.830000000000002
136,20,2601.2200000000003,13.0,130.061,0,0,2024-08-11,Standard,Google Ads,False,670,80,13.0
137,18,2199.7,11.01,122.20555555555555,1,0,2024-03-18,Standard,Facebook Ads,True,816,60,11.01
138,20,14555.85,72.78999999999999,727.7925,0,0,2025-04-25,Premium,LinkedIn,False,413,120,72.78999999999999
139,16,13686.08,68.41,855.38,0,0,2024-04-07,Premium,Organic,False,796,0,68.41
140,27,4736.24,23.68,175.41629629629628,0,0,2025-11-11,Standard,Facebook Ads,False,213,60,23.68
141,16,10814.19,54.08,675.886875,0,0,2023-12-26,Premium,Organic,False,899,0,54.08
142,19,3171.38,15.870000000000001,166.91473684210527,0,0,2025-04-08,Standard,Organic,False,430,0,15.870000000000001
143,22,3129.37,15.63,142.24409090909091,0,0,2024-11-20,Standard,Google Ads,False,569,80,15.63
144,17,13194.02,65.96000000000001,776.1188235294118,0,1,2024-08-07,Standard,Organic,False,674,0,65.96000000000001
145,18,2488.67,12.45,138.25944444444445,0,0,2025-12-12,Standard,Referral,False,182,20,12.45
146,18,3102.75,15.51,172.375,0,0,2024-04-01,Standard,LinkedIn,False,802,120,15.51
147,24,3366.12,16.81,140.255,1,0,2026-03-30,Standard,Organic,False,74,0,16.81
148,19,4779.3,23.900000000000002,251.5421052631579,0,0,2023-10-18,Standard,Referral,True,968,20,23.900000000000002
149,21,17224.28,86.12,820.2038095238095,0,0,2025-03-28,Premium,Organic,True,441,0,86.12
150,31,11240.769999999999,56.23,362.6054838709677,0,0,2025-11-21,Standard,Google Ads,False,203,80,56.23
151,14,2191.6,10.95,156.54285714285714,0,0,2025-09-12,Standard,Facebook Ads,False,273,60,10.95
152,28,4576.84,22.88,163.45857142857145,0,0,2024-06-23,Standard,Google Ads,True,719,80,22.88
153,15,10645.01,53.25,709.6673333333333,0,0,2025-01-16,Premium,Organic,False,512,0,53.25
154,8,1107.24,5.55,138.405,0,0,2026-01-17,Standard,Google Ads,False,146,80,5.55
155,14,1912.4,9.56,136.6,0,0,2024-02-09,Standard,Organic,False,854,0,9.56
156,29,4176.45,20.88,144.0155172413793,1,0,2026-03-31,Standard,Organic,False,73,0,20.88
157,22,3180.89,15.9,144.5859090909091,0,0,2025-10-24,Standard,Organic,False,231,0,15.9
158,20,3341.63,16.72,167.0815,1,0,2026-03-09,Standard,Organic,False,95,0,16.72
159,21,3695.62,18.48,175.98190476190476,1,0,2025-08-04,Standard,Google Ads,False,312,80,18.48
160,20,3195.42,15.98,159.77100000000002,0,0,2025-04-13,Standard,Referral,False,425,20,15.98
161,25,4838.84,24.18,193.55360000000002,2,0,2023-07-21,Standard,Facebook Ads,False,1057,60,24.18
162,22,15412.689999999999,77.07000000000001,700.5768181818181,0,1,2026-05-14,Standard,Google Ads,False,29,80,77.07000000000001
163,11,1837.4499999999998,9.19,167.04090909090908,0,0,2023-06-28,Standard,Facebook Ads,False,1080,60,9.19
164,27,297919.10000000003,1489.5900000000001,11034.040740740742,0,3,2026-05-11,Business,Referral,False,32,20,1489.5900000000001
165,14,1757.49,8.78,125.535,0,0,2024-02-16,Standard,Organic,False,847,0,8.78
166,19,2861.27,14.3,150.59315789473683,0,0,2024-04-21,Standard,Referral,False,782,20,14.3
167,24,21709.42,108.55,904.5591666666666,0,1,2025-07-01,Standard,Organic,False,346,0,108.55
168,18,13272.23,66.36,737.3461111111111,0,0,2024-10-07,Premium,Referral,False,613,20,66.36
169,16,2378.7799999999997,11.89,148.67374999999998,0,0,2025-06-14,Standard,Referral,False,363,20,11.89
170,20,2624.67,13.15,131.2335,0,0,2026-01-31,Standard,Google Ads,False,132,80,13.15
171,24,3710.52,18.57,154.605,0,0,2024-11-07,Standard,Organic,False,582,0,18.57
172,16,8742.5,43.71,546.40625,0,0,2023-09-02,Premium,Organic,False,1014,0,43.71
173,16,10774.41,53.88,673.400625,1,0,2023-10-29,Premium,Organic,False,957,0,53.88
174,16,12386.2,61.93,774.1375,0,0,2023-10-07,Premium,Organic,False,979,0,61.93
175,22,7641.8,38.22,347.3545454545455,0,0,2024-10-14,Standard,Organic,False,606,0,38.22
176,19,2761.17,13.79,145.32473684210527,0,0,2026-01-31,Standard,Facebook Ads,True,132,60,13.79
177,20,3079.39,15.4,153.96949999999998,2,0,2026-05-30,Standard,Facebook Ads,False,13,60,15.4
178,21,17482.1,87.41000000000001,832.4809523809523,0,0,2024-08-31,Standard,Referral,False,650,20,87.41000000000001
179,18,12306.95,61.559999999999995,683.7194444444444,1,1,2023-09-04,Standard,Organic,False,1012,0,61.559999999999995
180,15,6018.98,30.11,401.26533333333333,1,0,2024-01-15,Standard,Facebook Ads,False,879,60,30.11
181,18,98176.64,490.89,5454.257777777778,1,1,2023-07-16,Business,Google Ads,True,1062,80,490.89
182,19,2831.62,14.16,149.03263157894736,0,0,2025-03-20,Standard,LinkedIn,False,449,120,14.16
183,23,3267.99,16.34,142.08652173913043,0,0,2025-09-14,Standard,LinkedIn,False,271,120,16.34
184,22,13770.47,68.85,625.9304545454545,0,1,2023-07-16,Standard,Referral,False,1062,20,68.85
185,15,11031.26,55.16,735.4173333333333,0,0,2023-06-23,Premium,Organic,False,1085,0,55.16
186,19,3056.86,15.3,160.88736842105263,1,0,2023-08-07,Standard,Referral,False,1040,20,15.3
187,18,3154.92,15.75,175.27333333333334,2,0,2025-03-20,Standard,Organic,False,449,0,15.75
188,17,2874.2,14.37,169.0705882352941,0,0,2024-12-11,Standard,LinkedIn,False,548,120,14.37
189,21,3778.6,18.91,179.93333333333334,0,0,2025-07-05,Standard,Referral,False,342,20,18.91
190,18,2528.56,12.64,140.47555555555556,0,0,2023-06-17,Standard,Google Ads,False,1091,80,12.64
191,14,2601.05,13.0,185.78928571428574,0,0,2024-07-04,Standard,LinkedIn,False,708,120,13.0
192,23,19461.55,97.28,846.1543478260869,0,0,2025-11-12,Standard,Referral,False,212,20,97.28
193,15,2765.88,13.82,184.392,0,0,2024-05-01,Standard,Organic,False,772,0,13.82
194,25,3292.6,16.45,131.704,0,0,2025-06-04,Standard,Organic,False,373,0,16.45
195,16,100631.0,503.17,6289.4375,0,2,2025-08-20,Business,Google Ads,False,296,80,503.17
196,24,3489.98,17.45,145.41583333333332,0,0,2025-12-30,Standard,LinkedIn,False,164,120,17.45
197,28,22978.45,114.89,820.6589285714286,0,0,2025-11-20,Premium,LinkedIn,False,204,120,114.89
198,20,14741.92,73.71,737.096,0,0,2024-05-02,Premium,LinkedIn,False,771,120,73.71
199,16,2174.74,10.89,135.92125,1,0,2024-07-26,Standard,Google Ads,False,686,80,10.89
200,20,2721.31,13.6,136.0655,0,0,2023-09-18,Standard,Google Ads,True,998,80,13.6
201,18,1957.06,9.78,108.72555555555556,0,0,2023-06-20,Standard,Organic,False,1088,0,9.78
202,27,18627.62,93.18,689.9118518518518,0,0,2025-07-25,Premium,Referral,False,322,20,93.18
203,23,10115.88,50.589999999999996,439.8208695652174,0,0,2023-07-17,Standard,Referral,False,1061,20,50.589999999999996
204,27,13020.44,65.12,482.23851851851856,0,1,2025-10-27,Standard,Facebook Ads,False,228,60,65.12
205,15,2141.09,10.71,142.73933333333335,0,0,2023-12-05,Standard,Organic,False,920,0,10.71
206,9,1719.2,8.58,191.02222222222224,0,0,2024-10-13,Standard,LinkedIn,True,607,120,8.58
207,26,3861.3199999999997,19.3,148.51230769230767,1,0,2023-06-28,Standard,Referral,False,1080,20,19.3
208,18,2388.0299999999997,11.93,132.66833333333332,0,0,2025-08-26,Standard,Referral,True,290,20,11.93
209,20,3361.45,16.81,168.0725,1,0,2025-04-12,Standard,Referral,False,426,20,16.81
210,26,20547.18,102.72,790.2761538461539,2,0,2026-01-02,Premium,Facebook Ads,False,161,60,102.72
211,23,3866.6400000000003,19.34,168.11478260869566,1,0,2023-11-29,Standard,Referral,False,926,20,19.34
212,20,3107.83,15.52,155.3915,1,0,2025-01-17,Standard,Organic,False,511,0,15.52
213,13,85001.98,425.01,6538.613846153846,0,2,2023-09-30,Business,Facebook Ads,False,986,60,425.01
214,21,2686.02,13.41,127.90571428571428,1,0,2026-03-03,Standard,Organic,False,101,0,13.41
215,21,3338.74,16.68,158.98761904761903,0,0,2024-05-30,Standard,Google Ads,False,743,80,16.68
216,14,2311.59,11.57,165.11357142857145,2,0,2025-08-20,Standard,LinkedIn,True,296,120,11.57
217,23,2973.54,14.84,129.28434782608696,0,0,2023-07-06,Standard,Facebook Ads,False,1072,60,14.84
218,21,18567.05,92.86,884.145238095238,1,0,2024-07-21,Premium,Google Ads,False,691,80,92.86
219,22,3718.99,18.59,169.045,1,0,2024-06-13,Standard,Google Ads,False,729,80,18.59
220,19,14992.18,74.98,789.062105263158,1,0,2024-09-27,Premium,Organic,False,623,0,74.98
221,19,14750.88,73.75,776.3621052631579,1,0,2024-08-03,Premium,Facebook Ads,False,678,60,73.75
222,22,18581.25,92.92,844.6022727272727,1,1,2026-04-20,Standard,Organic,False,53,0,92.92
223,29,15625.68,78.11999999999999,538.816551724138,0,0,2023-08-05,Standard,Organic,False,1042,0,78.11999999999999
224,24,3954.71,19.76,164.77958333333333,1,0,2025-03-11,Standard,Referral,False,458,20,19.76
225,18,2929.97,14.66,162.7761111111111,0,0,2024-04-21,Standard,Organic,False,782,0,14.66
226,22,3366.7799999999997,16.83,153.03545454545454,0,0,2023-06-24,Standard,Referral,False,1084,20,16.83
227,20,3102.86,15.5,155.143,1,0,2026-05-19,Standard,Organic,False,24,0,15.5
228,17,13433.38,67.2,790.1988235294117,0,1,2023-08-09,Standard,Facebook Ads,False,1038,60,67.2
229,20,2916.93,14.59,145.8465,0,0,2024-09-17,Standard,LinkedIn,False,633,120,14.59
230,14,2053.03,10.27,146.645,0,0,2024-01-07,Standard,Google Ads,False,887,80,10.27
231,25,3831.98,19.17,153.2792,0,0,2025-04-20,Standard,Organic,False,418,0,19.17
232,19,17165.32,85.83,903.437894736842,0,0,2024-11-23,Premium,LinkedIn,False,566,120,85.83
233,19,3213.52,16.07,169.13263157894735,0,0,2026-01-28,Standard,Google Ads,False,135,80,16.07
234,21,10167.08,50.82000000000001,484.14666666666665,0,0,2025-08-11,Standard,Referral,False,305,20,50.82000000000001
235,17,2401.44,12.02,141.26117647058823,0,0,2023-11-22,Standard,Google Ads,False,933,80,12.02
236,29,4536.38,22.66,156.42689655172416,0,0,2024-10-13,Standard,Facebook Ads,True,607,60,22.66
237,20,3122.77,15.620000000000001,156.1385,0,0,2024-07-15,Standard,Referral,True,697,20,15.620000000000001
238,16,10817.88,54.08,676.1175,0,0,2023-11-10,Premium,Organic,False,945,0,54.08
239,15,2497.75,12.48,166.51666666666668,0,0,2024-02-10,Standard,Referral,True,853,20,12.48
240,22,2867.61,14.32,130.3459090909091,0,0,2024-03-19,Standard,Google Ads,False,815,80,14.32
241,21,117515.9,587.5699999999999,5595.995238095238,1,3,2023-11-07,Business,Referral,False,948,20,587.5699999999999
242,14,2262.59,11.309999999999999,161.61357142857145,0,0,2025-05-28,Standard,Organic,True,380,0,11.309999999999999
243,21,107532.76000000001,537.66,5120.60761904762,1,0,2025-09-16,Business,Google Ads,False,269,80,537.66
244,26,3553.63,17.75,136.67807692307693,1,0,2023-09-09,Standard,Referral,False,1007,20,17.75
245,17,2149.71,10.75,126.4535294117647,0,0,2023-10-09,Standard,Google Ads,False,977,80,10.75
246,24,3441.31,17.24,143.38791666666665,1,0,2023-09-22,Standard,Google Ads,True,994,80,17.24
247,21,2453.85,12.27,116.85,0,0,2025-09-17,Standard,Referral,False,268,20,12.27
248,15,74515.70999999999,372.57,4967.713999999999,0,3,2025-10-14,Business,Organic,False,241,0,372.57
249,24,3160.38,15.8,131.6825,0,0,2025-12-31,Standard,Organic,False,163,0,15.8
250,17,3311.56,16.56,194.79764705882351,0,0,2025-06-20,Standard,Google Ads,False,357,80,16.56
251,27,3856.73,19.27,142.84185185185186,0,0,2024-03-23,Standard,Organic,False,811,0,19.27
252,17,3019.66,15.1,177.6270588235294,0,0,2024-07-15,Standard,Organic,False,697,0,15.1
253,18,9652.810000000001,48.239999999999995,536.2672222222222,0,0,2024-06-19,Standard,Organic,False,723,0,48.239999999999995
254,26,3266.15,16.35,125.62115384615385,1,0,2023-10-31,Standard,Organic,False,955,0,16.35
255,25,3996.34,19.98,159.8536,0,0,2025-02-22,Standard,Facebook Ads,False,475,60,19.98
256,18,2759.6,13.8,153.3111111111111,0,0,2025-11-24,Standard,Google Ads,False,200,80,13.8
257,23,10921.03,54.629999999999995,474.8273913043478,2,0,2025-06-29,Standard,Referral,False,348,20,54.629999999999995
258,18,5499.32,27.5,305.5177777777778,0,0,2025-07-05,Standard,Organic,False,342,0,27.5
259,18,3227.29,16.14,179.2938888888889,1,0,2025-09-25,Standard,Referral,False,260,20,16.14
260,12,1600.65,8.01,133.38750000000002,0,0,2025-06-01,Standard,Organic,False,376,0,8.01
261,26,3124.69,15.61,120.18038461538461,2,0,2023-11-16,Standard,Google Ads,False,939,80,15.61
262,14,1845.63,9.23,131.8307142857143,0,0,2026-05-25,Standard,LinkedIn,True,18,120,9.23
263,21,3042.22,15.200000000000001,144.86761904761903,0,0,2026-03-16,Standard,Google Ads,False,88,80,15.200000000000001
264,23,4834.6,24.18,210.20000000000002,0,0,2025-04-20,Standard,Referral,False,418,20,24.18
265,24,18587.93,92.96,774.4970833333333,0,0,2025-02-11,Premium,Google Ads,False,486,80,92.96
266,20,3132.98,15.64,156.649,1,0,2026-01-27,Standard,Referral,True,136,20,15.64
267,16,1910.6599999999999,9.55,119.41624999999999,0,0,2026-02-26,Standard,Facebook Ads,False,106,60,9.55
268,14,2093.41,10.47,149.5292857142857,1,0,2026-04-26,Standard,Referral,False,47,20,10.47
269,19,2814.94,14.08,148.15473684210528,0,0,2025-05-01,Standard,Organic,False,407,0,14.08
270,20,3521.15,17.62,176.0575,0,0,2026-02-13,Standard,Referral,True,119,20,17.62
271,22,16167.36,80.85,734.88,0,0,2024-11-02,Premium,Organic,False,587,0,80.85
272,17,2462.52,12.31,144.8541176470588,0,0,2025-09-12,Standard,Organic,False,273,0,12.31
273,22,3697.54,18.48,168.07,0,0,2023-12-12,Standard,Google Ads,False,913,80,18.48
274,22,18223.89,91.1,828.3586363636364,1,0,2024-03-03,Premium,Referral,False,831,20,91.1
275,22,2936.5,14.7,133.47727272727272,0,0,2024-06-12,Standard,Referral,True,730,20,14.7
276,23,3783.38,18.9,164.49478260869566,0,0,2026-03-07,Standard,Organic,False,97,0,18.9
277,19,2653.01,13.280000000000001,139.6321052631579,0,0,2025-08-29,Standard,Referral,False,287,20,13.280000000000001
278,15,1974.28,9.879999999999999,131.61866666666666,0,0,2024-10-24,Standard,Google Ads,False,596,80,9.879999999999999
279,13,12357.960000000001,61.79,950.6123076923078,0,0,2023-11-24,Premium,LinkedIn,False,931,120,61.79
280,24,3912.47,19.55,163.01958333333332,1,0,2024-12-21,Standard,LinkedIn,True,538,120,19.55
281,24,17723.940000000002,88.61999999999999,738.4975000000001,0,1,2024-09-24,Standard,Google Ads,False,626,80,88.61999999999999
282,23,3199.73,16.01,139.11869565217393,0,0,2025-07-17,Standard,Organic,True,330,0,16.01
283,21,16197.58,80.98,771.3133333333333,0,0,2025-01-12,Premium,Google Ads,False,516,80,80.98
284,16,14458.2,72.29,903.6375,0,0,2024-10-03,Premium,LinkedIn,False,617,120,72.29
285,25,228230.99,1141.15,9129.239599999999,0,2,2025-07-21,Business,Organic,False,326,0,1141.15
286,28,4316.2,21.59,154.15,1,0,2023-11-22,Standard,Google Ads,False,933,80,21.59
287,21,3557.93,17.8,169.4252380952381,0,0,2023-12-21,Standard,Referral,False,904,20,17.8
288,18,2494.94,12.48,138.60777777777778,1,0,2024-11-05,Standard,Google Ads,False,584,80,12.48
289,22,3694.19,18.45,167.91772727272726,0,0,2024-09-12,Standard,Organic,False,638,0,18.45
290,14,2345.14,11.719999999999999,167.51,1,0,2025-04-01,Standard,Google Ads,False,437,80,11.719999999999999
291,14,2193.73,10.97,156.695,0,0,2025-11-06,Standard,Organic,False,218,0,10.97
292,22,6422.68,32.1,291.94,1,0,2023-11-26,Standard,Facebook Ads,False,929,60,32.1
293,10,1358.2,6.8,135.82,0,0,2023-08-30,Standard,Referral,False,1017,20,6.8
294,19,2604.41,13.03,137.0742105263158,0,0,2026-02-19,Standard,Google Ads,False,113,80,13.03
295,24,3201.84,16.03,133.41,0,0,2024-01-22,Standard,Organic,False,872,0,16.03
296,16,12645.720000000001,63.22,790.3575000000001,1,0,2025-09-25,Premium,Organic,False,260,0,63.22
297,20,3059.7000000000003,15.3,152.985,0,0,2024-11-21,Standard,Google Ads,False,568,80,15.3
298,23,3637.9,18.17,158.1695652173913,0,0,2025-12-09,Standard,Referral,False,185,20,18.17
299,14,2366.74,11.83,169.05285714285714,0,0,2025-10-09,Standard,Organic,False,246,0,11.83
300,22,4536.14,22.69,206.18818181818185,0,0,2023-10-07,Standard,Facebook Ads,False,979,60,22.69
301,17,12611.95,63.07,741.8794117647059,0,0,2026-03-21,Premium,Referral,True,83,20,63.07
302,28,3820.37,19.09,136.44178571428571,2,0,2025-03-18,Standard,Facebook Ads,False,451,60,19.09
303,28,4035.8199999999997,20.18,144.13642857142855,0,0,2025-04-29,Standard,Google Ads,False,409,80,20.18
304,20,15154.83,75.77,757.7415,0,0,2023-11-16,Premium,Organic,False,939,0,75.77
305,19,3170.34,15.82,166.86,0,0,2023-12-26,Standard,Organic,True,899,0,15.82
306,22,19186.4,95.94,872.1090909090909,0,0,2024-08-17,Premium,Facebook Ads,False,664,60,95.94
307,24,17739.71,88.73,739.1545833333333,0,0,2025-05-21,Premium,Referral,False,387,20,88.73
308,21,3095.28,15.5,147.39428571428573,0,0,2023-11-08,Standard,Organic,False,947,0,15.5
309,31,5282.1,26.41,170.39032258064518,1,0,2024-06-24,Standard,Organic,False,718,0,26.41
310,13,12710.07,63.550000000000004,977.6976923076923,0,0,2025-06-25,Premium,Facebook Ads,True,352,60,63.550000000000004
311,20,15809.02,79.04,790.451,0,0,2024-05-30,Premium,Organic,False,743,0,79.04
312,19,48847.39,244.22,2570.9152631578945,0,1,2025-03-29,Premium,Facebook Ads,False,440,60,244.22
313,17,11237.52,56.19,661.0305882352941,1,0,2024-03-19,Premium,Google Ads,False,815,80,56.19
314,24,138528.18,692.67,5772.0075,0,2,2024-12-16,Business,Google Ads,False,543,80,692.67
315,23,3452.67,17.259999999999998,150.11608695652174,0,0,2024-07-09,Standard,LinkedIn,False,703,120,17.259999999999998
316,21,19458.82,97.3,926.6104761904762,1,1,2023-09-01,Standard,Referral,False,1015,20,97.3
317,20,2827.15,14.13,141.35750000000002,1,0,2025-11-16,Standard,Facebook Ads,False,208,60,14.13
318,17,6136.09,30.67,360.9464705882353,0,0,2025-12-16,Standard,Organic,False,178,0,30.67
319,20,3656.29,18.27,182.8145,0,0,2025-08-19,Standard,Referral,False,297,20,18.27
320,12,10023.17,50.1,835.2641666666667,1,0,2024-07-11,Premium,Referral,False,701,20,50.1
321,20,2513.89,12.54,125.69449999999999,0,0,2025-01-27,Standard,Organic,True,501,0,12.54
322,12,9519.33,47.6,793.2775,0,0,2023-10-24,Premium,LinkedIn,False,962,120,47.6
323,19,2677.67,13.4,140.93,0,0,2023-11-02,Standard,Facebook Ads,False,953,60,13.4
324,21,16111.34,80.56,767.2066666666667,0,0,2025-09-11,Premium,Organic,False,274,0,80.56
325,31,27036.84,135.2,872.156129032258,0,0,2025-06-23,Premium,Organic,False,354,0,135.2
326,25,4508.79,22.56,180.3516,0,0,2025-11-25,Standard,Referral,False,199,20,22.56
327,13,8993.9,44.98,691.8384615384615,0,0,2024-05-18,Premium,Facebook Ads,True,755,60,44.98
328,21,2955.73,14.77,140.74904761904762,0,0,2024-11-05,Standard,Organic,False,584,0,14.77
329,25,3991.75,19.98,159.67,0,0,2026-03-14,Standard,LinkedIn,False,90,120,19.98
330,12,1382.46,6.91,115.205,0,0,2026-03-17,Standard,Organic,False,87,0,6.91
331,22,3202.62,16.02,145.57363636363635,0,0,2024-05-20,Standard,Organic,False,753,0,16.02
332,22,2895.68,14.49,131.62181818181818,0,0,2023-12-06,Standard,Referral,True,919,20,14.49
333,21,3258.0,16.31,155.14285714285714,0,0,2025-05-14,Standard,Google Ads,False,394,80,16.31
334,19,3434.25,17.169999999999998,180.75,0,0,2024-02-19,Standard,LinkedIn,False,844,120,17.169999999999998
335,19,3041.82,15.200000000000001,160.09578947368422,0,0,2025-12-28,Standard,Facebook Ads,False,166,60,15.200000000000001
336,27,21887.31,109.46,810.6411111111112,1,0,2025-06-14,Premium,Facebook Ads,True,363,60,109.46
337,27,19182.21,95.9,710.4522222222222,0,0,2026-05-13,Premium,Organic,False,30,0,95.9
338,22,2727.71,13.620000000000001,123.98681818181818,2,0,2025-11-30,Standard,Google Ads,True,194,80,13.620000000000001
339,21,17815.93,89.09,848.3776190476191,1,0,2023-08-25,Premium,Organic,False,1022,0,89.09
340,19,2981.79,14.92,156.9363157894737,0,0,2026-03-30,Standard,Google Ads,False,74,80,14.92
341,18,61103.93,305.52,3394.6627777777776,0,1,2024-12-20,Premium,Organic,False,539,0,305.52
342,18,6715.65,33.56,373.09166666666664,0,0,2026-03-28,Standard,Google Ads,False,76,80,33.56
343,26,22664.12,113.33,871.696923076923,0,0,2023-09-06,Premium,Referral,False,1010,20,113.33
344,21,80558.14,402.79,3836.1019047619047,1,1,2023-09-21,Premium,Facebook Ads,False,995,60,402.79
345,16,2996.24,14.99,187.265,0,0,2023-11-20,Standard,Organic,False,935,0,14.99
346,26,43168.38,215.83,1660.3223076923075,0,1,2025-03-10,Premium,Google Ads,False,459,80,215.83
347,26,3897.69,19.48,149.91115384615384,0,0,2024-01-07,Standard,Google Ads,False,887,80,19.48
348,15,2181.42,10.89,145.428,0,0,2025-06-19,Standard,Organic,True,358,0,10.89
349,14,72650.76,363.26,5189.339999999999,0,2,2023-09-18,Business,Organic,True,998,0,363.26
350,15,10031.06,50.17,668.7373333333333,0,0,2024-06-12,Premium,LinkedIn,False,730,120,50.17
351,21,18220.06,91.09,867.6219047619048,1,0,2026-01-17,Premium,Referral,True,146,20,91.09
352,18,81624.06,408.09999999999997,4534.67,0,1,2024-06-27,Business,Referral,False,715,20,408.09999999999997
353,19,7557.83,37.79,397.7805263157895,0,0,2025-11-25,Standard,Organic,False,199,0,37.79
354,16,10519.13,52.6,657.445625,1,0,2025-09-23,Premium,Google Ads,False,262,80,52.6
355,24,3411.38,17.04,142.14083333333335,1,0,2024-11-25,Standard,Referral,False,564,20,17.04
356,25,2849.71,14.24,113.9884,1,0,2023-11-03,Standard,Google Ads,True,952,80,14.24
357,23,2303.46,11.540000000000001,100.1504347826087,0,0,2023-12-30,Standard,Referral,False,895,20,11.540000000000001
358,10,1669.08,8.34,166.908,0,0,2024-04-01,Standard,Facebook Ads,False,802,60,8.34
359,21,19110.88,95.55,910.0419047619048,1,0,2023-09-27,Premium,Organic,False,989,0,95.55
360,19,3604.48,18.02,189.70947368421054,0,0,2024-10-28,Standard,Google Ads,False,592,80,18.02
361,25,19623.2,98.12,784.928,0,0,2025-03-23,Premium,Facebook Ads,False,446,60,98.12
362,20,3541.31,17.72,177.0655,0,0,2025-01-04,Standard,Facebook Ads,False,524,60,17.72
363,16,2832.22,14.16,177.01375,0,0,2024-12-19,Standard,Google Ads,False,540,80,14.16
364,16,3045.7,15.21,190.35625,0,0,2024-03-25,Standard,LinkedIn,False,809,120,15.21
365,22,17352.239999999998,86.76,788.7381818181817,0,0,2026-02-24,Premium,Referral,True,108,20,86.76
366,18,11965.11,59.83,664.7283333333334,0,0,2025-05-31,Premium,LinkedIn,True,377,120,59.83
367,23,3738.84,18.69,162.55826086956523,0,0,2024-03-22,Standard,LinkedIn,False,812,120,18.69
368,24,3863.95,19.33,160.99791666666667,1,0,2023-08-13,Standard,Organic,False,1034,0,19.33
369,14,1593.07,7.97,113.79071428571429,0,0,2026-03-11,Standard,Referral,False,93,20,7.97
370,13,2156.64,10.78,165.89538461538461,0,0,2025-06-13,Standard,Facebook Ads,False,364,60,10.78
371,16,3008.5,15.06,188.03125,0,0,2024-05-16,Standard,Organic,False,757,0,15.06
372,26,4519.7,22.6,173.83461538461538,1,0,2023-07-23,Standard,Referral,False,1055,20,22.6
373,25,3315.07,16.58,132.6028,0,0,2025-12-09,Standard,Referral,False,185,20,16.58
374,15,2028.8600000000001,10.14,135.25733333333335,0,0,2024-07-10,Standard,LinkedIn,False,702,120,10.14
375,13,1779.73,8.9,136.9023076923077,0,0,2024-02-25,Standard,LinkedIn,True,838,120,8.9
376,18,2875.04,14.38,159.72444444444443,0,0,2023-06-17,Standard,Referral,False,1091,20,14.38
377,25,18187.87,90.92999999999999,727.5147999999999,1,0,2023-07-24,Premium,Referral,True,1054,20,90.92999999999999
378,23,3718.71,18.57,161.68304347826088,1,0,2025-06-14,Standard,Google Ads,False,363,80,18.57
379,18,14486.08,72.41,804.7822222222222,0,0,2024-11-04,Premium,Referral,False,585,20,72.41
380,14,2068.0699999999997,10.34,147.7192857142857,0,0,2024-11-23,Standard,Organic,False,566,0,10.34
381,18,2430.3,12.15,135.01666666666668,0,0,2023-12-31,Standard,Organic,False,894,0,12.15
382,32,10803.12,54.02,337.5975,0,0,2026-02-16,Standard,Google Ads,False,116,80,54.02
383,21,3416.94,17.09,162.71142857142857,1,0,2024-05-10,Standard,Organic,False,763,0,17.09
384,30,27719.39,138.62,923.9796666666666,0,0,2025-01-31,Premium,Google Ads,False,497,80,138.62
385,24,36940.07,184.71,1539.1695833333333,0,1,2023-08-22,Premium,Organic,False,1025,0,184.71
386,18,2288.5,11.45,127.13888888888889,1,0,2026-03-13,Standard,Referral,False,91,20,11.45
387,20,2884.25,14.43,144.2125,0,0,2025-10-10,Standard,Google Ads,True,245,80,14.43
388,14,3291.12,16.46,235.07999999999998,0,0,2025-08-07,Standard,Referral,False,309,20,16.46
389,21,15841.68,79.19,754.3657142857143,1,0,2026-05-13,Premium,Organic,False,30,0,79.19
390,22,3027.35,15.11,137.60681818181817,0,0,2026-01-04,Standard,Google Ads,False,159,80,15.11
391,21,2343.33,11.7,111.58714285714285,1,0,2025-02-12,Standard,Referral,True,485,20,11.7
392,21,3536.7799999999997,17.669999999999998,168.41809523809522,0,0,2024-08-29,Standard,Google Ads,False,652,80,17.669999999999998
393,18,2870.06,14.34,159.4477777777778,0,0,2025-05-19,Standard,Google Ads,False,389,80,14.34
394,22,17632.41,88.17,801.4731818181818,1,0,2023-06-24,Premium,Google Ads,False,1084,80,88.17
395,16,2713.18,13.57,169.57375,0,0,2025-12-05,Standard,LinkedIn,True,189,120,13.57
396,17,92000.66,459.99,5411.803529411765,0,1,2024-11-30,Business,Facebook Ads,False,559,60,459.99
397,20,3172.59,15.879999999999999,158.6295,0,0,2024-05-11,Standard,Google Ads,False,762,80,15.879999999999999
398,18,2836.55,14.19,157.5861111111111,0,0,2026-03-09,Standard,Referral,False,95,20,14.19
399,12,1697.6699999999998,8.48,141.4725,0,0,2025-10-16,Standard,Referral,False,239,20,8.48
400,15,2465.63,12.32,164.37533333333334,0,0,2025-11-01,Standard,Google Ads,False,223,80,12.32
401,18,2732.43,13.67,151.80166666666665,2,0,2024-03-03,Standard,Referral,False,831,20,13.67
402,30,4165.98,20.82,138.86599999999999,1,0,2023-11-10,Standard,Google Ads,True,945,80,20.82
403,26,3810.48,19.03,146.55692307692308,0,0,2025-08-19,Standard,Facebook Ads,False,297,60,19.03
404,15,92200.55,461.01,6146.703333333334,0,1,2025-10-14,Business,Google Ads,False,241,80,461.01
405,21,3299.82,16.5,157.1342857142857,2,0,2024-08-04,Standard,Facebook Ads,False,677,60,16.5
406,20,2814.08,14.05,140.704,0,0,2025-11-18,Standard,LinkedIn,False,206,120,14.05
407,31,6249.91,31.259999999999998,201.60999999999999,1,0,2025-07-26,Standard,LinkedIn,False,321,120,31.259999999999998
408,23,16925.84,84.62,735.9060869565218,0,0,2024-01-18,Premium,Referral,False,876,20,84.62
409,19,2694.65,13.48,141.82368421052632,1,0,2026-04-17,Standard,Facebook Ads,False,56,60,13.48
410,16,80710.03,403.54,5044.376875,0,0,2026-04-23,Business,Google Ads,False,50,80,403.54
411,20,16971.68,84.85,848.5840000000001,0,0,2023-12-06,Premium,LinkedIn,False,919,120,84.85
412,20,3381.5,16.919999999999998,169.075,0,0,2023-08-17,Standard,Organic,False,1030,0,16.919999999999998
413,18,3087.66,15.44,171.53666666666666,0,0,2023-07-08,Standard,Google Ads,False,1070,80,15.44
414,28,10034.5,50.18,358.375,0,0,2024-07-07,Standard,Google Ads,False,705,80,50.18
415,20,13440.25,67.22,672.0125,1,0,2024-02-21,Premium,Organic,False,842,0,67.22
416,22,3146.09,15.75,143.0040909090909,0,0,2024-04-24,Standard,LinkedIn,False,779,120,15.75
417,17,2447.13,12.24,143.94882352941178,1,0,2024-04-17,Standard,Google Ads,False,786,80,12.24
418,24,3534.86,17.669999999999998,147.28583333333333,0,0,2025-09-28,Standard,Google Ads,False,257,80,17.669999999999998
419,16,2681.8199999999997,13.4,167.61374999999998,1,0,2024-02-24,Standard,Organic,False,839,0,13.4
420,14,2033.94,10.16,145.28142857142856,0,0,2024-09-06,Standard,Google Ads,False,644,80,10.16
421,20,19347.5,96.76,967.375,0,0,2026-02-22,Premium,Google Ads,False,110,80,96.76
422,20,2820.88,14.09,141.044,0,0,2026-02-05,Standard,Google Ads,True,127,80,14.09
423,20,102910.46,514.55,5145.523,0,2,2024-04-23,Business,Referral,False,780,20,514.55
424,13,1669.31,8.34,128.40846153846152,1,0,2025-08-26,Standard,Google Ads,True,290,80,8.34
425,15,2093.91,10.46,139.594,1,0,2025-01-23,Standard,Google Ads,False,505,80,10.46
426,20,2603.4500000000003,13.030000000000001,130.1725,0,0,2024-05-10,Standard,Organic,True,763,0,13.030000000000001
427,20,17228.49,86.12,861.4245000000001,0,0,2024-09-19,Premium,Organic,False,631,0,86.12
428,24,12402.609999999999,62.02,516.7754166666666,0,0,2025-05-02,Standard,Referral,False,406,20,62.02
429,24,4560.75,22.799999999999997,190.03125,1,0,2024-08-09,Standard,Referral,False,672,20,22.799999999999997
430,22,3615.75,18.09,164.35227272727272,0,0,2026-05-24,Standard,LinkedIn,False,19,120,18.09
431,15,12542.59,62.71,836.1726666666667,0,0,2023-07-05,Premium,Organic,False,1073,0,62.71
432,19,3078.48,15.4,162.02526315789473,0,0,2026-01-04,Standard,Referral,True,159,20,15.4
433,22,124703.65,623.54,5668.347727272727,0,2,2025-05-29,Business,Referral,False,379,20,623.54
434,22,3937.25,19.68,178.9659090909091,1,0,2023-10-23,Standard,Organic,False,963,0,19.68
435,25,3608.09,18.04,144.3236,0,0,2024-09-06,Standard,Facebook Ads,False,644,60,18.04
436,15,1907.02,9.54,127.13466666666666,0,0,2024-10-03,Standard,Referral,False,617,20,9.54
437,24,5912.18,29.55,246.34083333333334,0,0,2024-10-30,Standard,Organic,False,590,0,29.55
438,20,16711.28,83.58,835.564,0,0,2025-09-21,Premium,Organic,True,264,0,83.58
439,16,2336.75,11.67,146.046875,0,0,2025-10-31,Standard,Facebook Ads,True,224,60,11.67
440,16,2532.15,12.66,158.259375,1,0,2023-12-14,Standard,Google Ads,False,911,80,12.66
441,26,4419.45,22.09,169.97884615384615,0,0,2024-01-07,Standard,Organic,False,887,0,22.09
442,16,1963.43,9.81,122.714375,0,0,2023-10-04,Standard,Organic,False,982,0,9.81
443,16,2662.73,13.32,166.420625,1,0,2025-01-08,Standard,LinkedIn,False,520,120,13.32
444,23,3718.78,18.6,161.68608695652173,0,0,2026-03-24,Standard,Organic,False,80,0,18.6
445,19,8080.969999999999,40.38,425.3142105263158,0,0,2026-04-20,Standard,Google Ads,False,53,80,40.38
446,29,4847.47,24.22,167.15413793103448,0,0,2025-06-18,Standard,Organic,False,359,0,24.22
447,19,13457.960000000001,67.28999999999999,708.3136842105264,0,0,2024-01-04,Premium,Google Ads,True,890,80,67.28999999999999
448,23,25552.69,127.77,1110.9865217391305,2,1,2024-09-01,Standard,Google Ads,False,649,80,127.77
449,20,14857.68,74.29,742.884,0,0,2025-12-19,Premium,Organic,False,175,0,74.29
450,23,3271.56,16.34,142.24173913043478,1,0,2025-12-19,Standard,Google Ads,False,175,80,16.34
451,24,21315.98,106.57000000000001,888.1658333333334,0,1,2024-07-27,Standard,Facebook Ads,False,685,60,106.57000000000001
452,17,39449.94,197.25,2320.584705882353,1,1,2025-05-19,Premium,Referral,False,389,20,197.25
453,23,3686.68,18.439999999999998,160.29043478260868,0,0,2025-07-09,Standard,Facebook Ads,False,338,60,18.439999999999998
454,18,2649.92,13.23,147.21777777777777,0,0,2024-09-24,Standard,Referral,False,626,20,13.23
455,16,12085.57,60.43,755.348125,0,0,2024-09-01,Premium,Google Ads,False,649,80,60.43
456,22,3310.18,16.56,150.46272727272728,0,0,2025-10-14,Standard,Google Ads,False,241,80,16.56
457,18,3538.5,17.69,196.58333333333334,0,0,2024-07-24,Standard,Organic,True,688,0,17.69
458,22,73961.6,369.78999999999996,3361.890909090909,0,1,2024-11-25,Premium,Organic,False,564,0,369.78999999999996
459,20,2823.2,14.11,141.16,0,0,2023-10-04,Standard,Facebook Ads,False,982,60,14.11
460,25,4022.5,20.11,160.9,0,0,2025-02-22,Standard,Referral,False,475,20,20.11
461,17,17517.0,87.59,1030.4117647058824,0,0,2023-08-14,Premium,Organic,False,1033,0,87.59
462,19,2609.41,13.06,137.33736842105262,1,0,2026-03-22,Standard,Google Ads,False,82,80,13.06
463,24,3524.75,17.61,146.86458333333334,0,0,2024-06-27,Standard,Organic,False,715,0,17.61
464,15,2345.21,11.73,156.34733333333332,1,0,2023-06-26,Standard,Google Ads,False,1082,80,11.73
465,25,11324.939999999999,56.63,452.9975999999999,0,0,2025-10-07,Standard,Organic,False,248,0,56.63
466,22,2989.52,14.96,135.88727272727272,0,0,2024-10-12,Standard,LinkedIn,False,608,120,14.96
467,24,3677.24,18.36,153.21833333333333,0,0,2024-08-07,Standard,Organic,False,674,0,18.36
468,9,39630.35,198.15,4403.372222222222,0,0,2025-06-20,Business,Google Ads,False,357,80,198.15
469,22,3166.46,15.83,143.93,0,0,2026-03-16,Standard,Organic,False,88,0,15.83
470,28,26342.579999999998,131.7,940.8064285714285,0,0,2025-11-09,Premium,Organic,False,215,0,131.7
471,25,4175.22,20.86,167.0088,0,0,2024-08-12,Standard,Referral,False,669,20,20.86
472,19,2565.65,12.85,135.0342105263158,0,0,2025-05-12,Standard,LinkedIn,False,396,120,12.85
473,16,2078.9,10.4,129.93125,1,0,2024-07-05,Standard,Facebook Ads,False,707,60,10.4
474,23,3276.8199999999997,16.37,142.4704347826087,0,0,2024-03-01,Standard,Organic,False,833,0,16.37
475,16,12077.04,60.37,754.815,0,0,2025-01-04,Premium,Organic,False,524,0,60.37
476,30,6746.9,33.699999999999996,224.89666666666665,0,0,2025-01-12,Standard,Referral,False,516,20,33.699999999999996
477,25,3468.87,17.349999999999998,138.7548,0,0,2024-03-22,Standard,LinkedIn,False,812,120,17.349999999999998
478,18,3013.25,15.06,167.40277777777777,0,0,2024-03-20,Standard,Referral,False,814,20,15.06
479,23,3136.05,15.67,136.35,0,0,2025-07-27,Standard,Referral,False,320,20,15.67
480,24,4380.11,21.88,182.50458333333333,0,0,2025-08-26,Standard,Organic,False,290,0,21.88
481,16,10502.21,52.49,656.388125,1,0,2023-07-10,Premium,Organic,False,1068,0,52.49
482,19,2531.15,12.64,133.21842105263158,0,0,2025-02-01,Standard,Facebook Ads,False,496,60,12.64
483,21,67166.41,335.83,3198.400476190476,0,1,2025-11-04,Premium,Google Ads,False,220,80,335.83
484,13,11797.84,58.980000000000004,907.5261538461539,0,0,2024-01-01,Premium,Organic,False,893,0,58.980000000000004
485,17,16172.01,80.85,951.2947058823529,0,1,2024-07-16,Standard,LinkedIn,False,696,120,80.85
486,18,2988.8199999999997,14.93,166.04555555555555,0,0,2024-03-31,Standard,Google Ads,False,803,80,14.93
487,21,3750.0,18.75,178.57142857142858,0,0,2025-02-24,Standard,Organic,False,473,0,18.75
488,15,2616.74,13.08,174.44933333333333,0,0,2023-07-05,Standard,Referral,False,1073,20,13.08
489,22,38777.85,193.91,1762.6295454545455,1,1,2024-06-23,Premium,Organic,False,719,0,193.91
490,21,3172.38,15.84,151.06571428571428,0,0,2025-07-03,Standard,Referral,False,344,20,15.84
491,20,2531.9,12.7,126.595,1,0,2026-04-15,Standard,Organic,False,58,0,12.7
492,24,22682.5,113.42,945.1041666666666,0,0,2026-03-08,Premium,Facebook Ads,False,96,60,113.42
493,25,19888.51,99.45,795.5404,0,0,2024-03-02,Premium,Google Ads,False,832,80,99.45
494,20,3098.27,15.49,154.9135,0,0,2023-10-22,Standard,Organic,False,964,0,15.49
495,20,15920.24,79.63,796.012,1,1,2023-06-17,Standard,LinkedIn,True,1091,120,79.63
496,18,3062.01,15.31,170.11166666666668,0,0,2025-06-27,Standard,Organic,False,350,0,15.31
497,20,3046.17,15.23,152.3085,1,0,2025-07-17,Standard,Facebook Ads,False,330,60,15.23
498,15,12200.3,61.0,813.3533333333332,0,0,2024-02-21,Premium,Google Ads,False,842,80,61.0
499,17,2801.19,14.01,164.77588235294118,0,0,2024-10-07,Standard,Referral,False,613,20,14.01
500,12,1744.86,8.72,145.405,0,0,2025-10-29,Standard,Organic,False,226,0,8.72
501,26,3532.06,17.65,135.84846153846155,0,0,2024-04-07,Standard,Organic,False,796,0,17.65
502,22,16557.75,82.78,752.625,0,0,2026-05-16,Premium,Organic,False,27,0,82.78
503,21,18452.399999999998,92.25,878.6857142857142,0,1,2023-07-16,Standard,LinkedIn,False,1062,120,92.25
504,19,501421.44999999995,2507.1000000000004,26390.602631578946,0,2,2023-06-17,Business,Facebook Ads,False,1091,60,2507.1000000000004
505,19,2588.39,12.94,136.23105263157893,0,0,2023-11-27,Standard,LinkedIn,False,928,120,12.94
506,21,15953.630000000001,79.78,759.6966666666667,0,0,2024-12-10,Premium,Facebook Ads,False,549,60,79.78
507,17,2716.21,13.6,159.77705882352942,0,0,2025-04-16,Standard,Facebook Ads,False,422,60,13.6
508,19,2903.75,14.53,152.82894736842104,1,0,2026-02-09,Standard,Organic,False,123,0,14.53
509,14,5741.2,28.689999999999998,410.0857142857143,0,0,2025-11-10,Standard,Google Ads,False,214,80,28.689999999999998
510,24,2734.27,13.66,113.92791666666666,1,0,2024-05-29,Standard,Facebook Ads,False,744,60,13.66
511,6,826.47,4.12,137.745,0,0,2023-11-12,Standard,Organic,False,943,0,4.12
512,16,2850.67,14.27,178.166875,2,0,2024-07-30,Standard,Facebook Ads,False,682,60,14.27
513,21,3601.09,18.01,171.4804761904762,1,0,2026-02-11,Standard,Google Ads,False,121,80,18.01
514,21,3547.12,17.74,168.91047619047617,0,0,2024-06-08,Standard,Google Ads,False,734,80,17.74
515,24,3758.58,18.78,156.6075,0,0,2024-12-24,Standard,Referral,False,535,20,18.78
516,15,2697.27,13.5,179.818,0,0,2023-11-30,Standard,Google Ads,True,925,80,13.5
517,27,149873.63,749.36,5550.875185185186,2,3,2025-10-20,Business,Facebook Ads,False,235,60,749.36
518,9,1349.54,6.75,149.9488888888889,0,0,2026-03-26,Standard,Google Ads,False,78,80,6.75
519,16,16317.07,81.6,1019.816875,0,0,2026-05-17,Premium,Google Ads,False,26,80,81.6
520,21,14693.14,73.47,699.6733333333333,0,0,2024-03-15,Premium,LinkedIn,False,819,120,73.47
521,19,10419.18,52.08,548.3778947368421,1,0,2024-11-17,Standard,Organic,False,572,0,52.08
522,21,32172.920000000002,160.84,1532.0438095238096,0,1,2024-09-13,Premium,Referral,False,637,20,160.84
523,16,2494.82,12.46,155.92625,0,0,2025-01-15,Standard,Facebook Ads,False,513,60,12.46
524,19,14193.4,70.97,747.021052631579,0,0,2026-02-02,Premium,Facebook Ads,False,130,60,70.97
525,23,4003.08,20.04,174.04695652173913,1,0,2023-10-29,Standard,Facebook Ads,False,957,60,20.04
526,22,15175.26,75.89,689.7845454545454,1,0,2024-03-19,Premium,LinkedIn,False,815,120,75.89
527,16,2582.71,12.93,161.419375,0,0,2026-03-04,Standard,Organic,False,100,0,12.93
528,18,13948.3,69.73,774.9055555555556,0,0,2025-01-24,Premium,LinkedIn,False,504,120,69.73
529,17,76513.42,382.53999999999996,4500.789411764706,0,0,2025-02-15,Business,Organic,False,482,0,382.53999999999996
530,14,2353.07,11.780000000000001,168.07642857142858,0,0,2026-02-01,Standard,Google Ads,False,131,80,11.780000000000001
531,16,21451.379999999997,107.25999999999999,1340.7112499999998,0,1,2026-04-28,Standard,Referral,False,45,20,107.25999999999999
532,22,3054.07,15.27,138.82136363636366,1,0,2024-07-22,Standard,Organic,False,690,0,15.27
533,18,13611.039999999999,68.07,756.1688888888889,0,0,2024-06-12,Premium,Referral,False,730,20,68.07
534,17,3041.93,15.19,178.9370588235294,1,0,2026-01-15,Standard,Google Ads,False,148,80,15.19
535,11,1489.34,7.4399999999999995,135.39454545454544,0,0,2023-07-12,Standard,Organic,False,1066,0,7.4399999999999995
536,21,91003.22,455.01,4333.486666666667,0,1,2024-01-12,Business,Referral,False,882,20,455.01
537,20,2605.07,13.030000000000001,130.2535,1,0,2025-11-03,Standard,Referral,False,221,20,13.030000000000001
538,18,12333.58,61.66,685.1988888888889,1,0,2024-01-05,Premium,Organic,False,889,0,61.66
539,17,2460.09,12.29,144.71117647058824,2,0,2023-11-29,Standard,Google Ads,False,926,80,12.29
540,29,46839.65,234.2,1615.1603448275862,1,1,2025-02-01,Premium,Organic,True,496,0,234.2
541,25,3722.55,18.6,148.90200000000002,1,0,2025-01-14,Standard,Referral,False,514,20,18.6
542,22,14613.45,73.08,664.2477272727273,0,0,2026-04-16,Premium,Facebook Ads,True,57,60,73.08
543,29,20123.079999999998,100.6,693.8993103448275,0,0,2023-08-20,Premium,Facebook Ads,False,1027,60,100.6
544,19,19385.27,96.93,1020.2773684210526,0,0,2025-11-29,Premium,Referral,True,195,20,96.93
545,26,50676.62,253.4,1949.1007692307694,0,1,2023-08-27,Premium,Organic,False,1020,0,253.4
546,11,1898.71,9.5,172.61,0,0,2024-06-28,Standard,LinkedIn,False,714,120,9.5
547,21,16794.64,84.0,799.7447619047618,0,1,2024-07-10,Standard,Referral,False,702,20,84.0
548,17,3065.32,15.33,180.3129411764706,0,0,2025-12-08,Standard,Facebook Ads,False,186,60,15.33
549,23,3720.3,18.62,161.7521739130435,1,0,2024-02-15,Standard,Facebook Ads,False,848,60,18.62
550,24,3504.28,17.54,146.01166666666668,0,0,2023-10-20,Standard,LinkedIn,False,966,120,17.54
551,14,11221.92,56.1,801.5657142857143,0,0,2025-11-18,Premium,Organic,False,206,0,56.1
552,18,648450.7400000001,3242.2599999999998,36025.04111111112,0,3,2025-10-19,Business,Organic,True,236,0,3242.2599999999998
553,18,2817.7,14.07,156.5388888888889,0,0,2024-06-07,Standard,Referral,False,735,20,14.07
554,19,14291.16,71.46000000000001,752.1663157894736,0,0,2024-12-24,Premium,Organic,False,535,0,71.46000000000001
555,25,3929.36,19.65,157.1744,0,0,2026-06-01,Standard,Google Ads,False,11,80,19.65
556,28,24330.85,121.66,868.9589285714285,0,0,2024-12-20,Premium,Facebook Ads,False,539,60,121.66
557,24,3652.4300000000003,18.27,152.18458333333334,0,0,2025-06-10,Standard,Organic,False,367,0,18.27
558,22,3563.5,17.83,161.97727272727272,0,0,2025-01-01,Standard,Organic,False,527,0,17.83
559,25,3628.79,18.14,145.1516,1,0,2024-02-13,Standard,Organic,False,850,0,18.14
560,19,3264.4,16.32,171.81052631578947,1,0,2025-08-07,Standard,Google Ads,False,309,80,16.32
561,16,2696.4700000000003,13.49,168.52937500000002,0,0,2024-11-13,Standard,Organic,False,576,0,13.49
562,24,3248.23,16.23,135.34291666666667,1,0,2024-08-27,Standard,Google Ads,False,654,80,16.23
563,17,1839.22,9.200000000000001,108.18941176470588,0,0,2025-03-16,Standard,Google Ads,False,453,80,9.200000000000001
564,25,17385.88,86.94,695.4352,1,0,2025-01-31,Premium,LinkedIn,False,497,120,86.94
565,26,3606.47,18.04,138.7103846153846,1,0,2025-04-04,Standard,Facebook Ads,False,434,60,18.04
566,18,11916.16,59.58,662.0088888888889,0,0,2024-02-14,Standard,Google Ads,False,849,80,59.58
567,24,21138.8,105.68,880.7833333333333,0,0,2023-12-10,Premium,Organic,True,915,0,105.68
568,22,16806.19,84.05,763.9177272727272,0,0,2024-02-21,Premium,Facebook Ads,True,842,60,84.05
569,17,2465.23,12.32,145.0135294117647,0,0,2024-07-09,Standard,Google Ads,False,703,80,12.32
570,26,4561.46,22.81,175.44076923076923,0,0,2024-10-14,Standard,Referral,True,606,20,22.81
571,20,3646.98,18.22,182.349,0,0,2026-03-25,Standard,Google Ads,False,79,80,18.22
572,23,18351.7,91.76,797.9,0,0,2025-12-25,Premium,Referral,False,169,20,91.76
573,29,21941.66,109.73,756.6089655172414,1,0,2026-02-20,Premium,Google Ads,True,112,80,109.73
574,18,2406.34,12.02,133.68555555555557,0,0,2026-02-17,Standard,Organic,False,115,0,12.02
575,20,3120.93,15.6,156.04649999999998,0,0,2023-12-17,Standard,Referral,False,908,20,15.6
576,12,2040.42,10.219999999999999,170.035,0,0,2026-04-10,Standard,Facebook Ads,False,63,60,10.219999999999999
577,22,3553.06,17.77,161.50272727272727,0,0,2023-07-01,Standard,Organic,False,1077,0,17.77
578,17,2536.5499999999997,12.69,149.20882352941175,0,0,2026-02-12,Standard,Organic,False,120,0,12.69
579,42,33649.54,168.25,801.1795238095239,0,0,2024-03-21,Premium,Referral,False,813,20,168.25
580,18,14511.970000000001,72.58,806.2205555555556,0,0,2023-11-26,Premium,Google Ads,False,929,80,72.58
581,14,18744.46,93.74000000000001,1338.8899999999999,0,1,2024-08-07,Standard,Google Ads,False,674,80,93.74000000000001
582,25,3906.72,19.58,156.2688,0,0,2024-08-28,Standard,Google Ads,True,653,80,19.58
583,25,3619.17,18.11,144.7668,0,0,2024-05-31,Standard,LinkedIn,True,742,120,18.11
584,30,28968.57,144.83,965.619,0,0,2023-12-13,Premium,Google Ads,False,912,80,144.83
585,18,2603.9,13.03,144.66111111111113,1,0,2025-01-14,Standard,Google Ads,False,514,80,13.03
586,25,3579.8,17.9,143.192,0,0,2023-07-11,Standard,LinkedIn,False,1067,120,17.9
587,20,53296.07,266.47,2664.8035,0,1,2024-05-29,Premium,LinkedIn,False,744,120,266.47
588,22,3550.36,17.73,161.38,0,0,2024-10-04,Standard,Referral,False,616,20,17.73
589,23,3094.72,15.46,134.55304347826086,0,0,2025-12-18,Standard,Referral,False,176,20,15.46
590,29,22580.69,112.91,778.6444827586206,1,0,2023-11-07,Premium,Facebook Ads,True,948,60,112.91
591,17,12403.68,62.00000000000001,729.6282352941176,0,1,2026-01-24,Standard,Organic,False,139,0,62.00000000000001
592,23,3432.22,17.16,149.2269565217391,1,0,2024-12-12,Standard,Referral,False,547,20,17.16
593,20,3266.5,16.34,163.325,1,0,2026-03-07,Standard,Referral,True,97,20,16.34
594,18,14662.89,73.31,814.605,0,0,2026-04-12,Premium,Google Ads,False,61,80,73.31
595,19,2462.5,12.31,129.60526315789474,0,0,2024-05-14,Standard,Organic,False,759,0,12.31
596,14,2347.34,11.74,167.66714285714286,0,0,2025-11-25,Standard,Referral,False,199,20,11.74
597,14,2450.61,12.26,175.04357142857143,0,0,2024-08-08,Standard,Organic,False,673,0,12.26
598,19,13798.050000000001,68.98,726.2131578947369,0,0,2025-01-11,Premium,LinkedIn,False,517,120,68.98
599,16,13895.36,69.49,868.46,0,1,2025-10-02,Standard,Referral,False,253,20,69.49
600,20,14041.06,70.19,702.053,0,0,2023-09-03,Premium,Google Ads,False,1013,80,70.19
601,16,12960.46,64.82,810.02875,0,0,2023-08-12,Premium,Organic,False,1035,0,64.82
602,12,2008.57,10.03,167.38083333333333,0,0,2025-08-07,Standard,Google Ads,False,309,80,10.03
603,15,1977.25,9.86,131.81666666666666,0,0,2023-08-25,Standard,Organic,True,1022,0,9.86
604,15,2215.9300000000003,11.08,147.7286666666667,0,0,2023-11-10,Standard,Facebook Ads,False,945,60,11.08
605,15,2360.91,11.8,157.39399999999998,0,0,2025-10-24,Standard,LinkedIn,False,231,120,11.8
606,24,4292.96,21.47,178.87333333333333,0,0,2023-12-03,Standard,LinkedIn,False,922,120,21.47
607,26,4880.87,24.41,187.72576923076923,0,0,2024-09-24,Standard,Organic,False,626,0,24.41
608,19,18748.09,93.75999999999999,986.7415789473685,1,1,2026-05-13,Standard,Organic,False,30,0,93.75999999999999
609,17,1989.03,9.959999999999999,117.00176470588235,0,0,2025-09-01,Standard,Organic,False,284,0,9.959999999999999
610,24,3358.17,16.81,139.92375,2,0,2023-12-02,Standard,Organic,True,923,0,16.81
611,22,17167.51,85.83,780.3413636363636,0,0,2023-08-20,Premium,Facebook Ads,False,1027,60,85.83
612,23,14336.55,71.67,623.3282608695652,1,0,2025-05-08,Premium,Facebook Ads,False,400,60,71.67
613,16,147671.72,738.36,9229.4825,0,2,2024-05-30,Business,Facebook Ads,False,743,60,738.36
614,24,128301.44,641.5,5345.893333333333,0,1,2025-12-03,Business,Facebook Ads,False,191,60,641.5
615,25,7317.46,36.57,292.6984,0,0,2025-01-11,Standard,Facebook Ads,False,517,60,36.57
616,18,3782.89,18.92,210.16055555555556,0,0,2026-03-23,Standard,Organic,True,81,0,18.92
617,23,4270.29,21.37,185.66478260869565,0,0,2024-12-14,Standard,Google Ads,True,545,80,21.37
618,30,4665.96,23.28,155.532,2,0,2025-02-14,Standard,Google Ads,False,483,80,23.28
619,15,2686.39,13.42,179.09266666666664,0,0,2026-01-20,Standard,Organic,False,143,0,13.42
620,25,4667.9,23.35,186.71599999999998,0,0,2024-12-10,Standard,Organic,False,549,0,23.35
621,23,3944.3,19.71,171.4913043478261,0,0,2025-07-25,Standard,Organic,False,322,0,19.71
622,15,2218.94,11.1,147.92933333333335,0,0,2024-08-15,Standard,LinkedIn,True,666,120,11.1
623,21,2978.1,14.88,141.81428571428572,2,0,2024-12-27,Standard,Referral,False,532,20,14.88
624,14,13752.4,68.76,982.3142857142857,0,0,2025-02-08,Premium,Organic,True,489,0,68.76
625,16,14731.89,73.66,920.743125,0,0,2024-05-28,Premium,Google Ads,False,745,80,73.66
626,23,119217.27,596.09,5183.359565217392,0,1,2025-10-11,Business,Facebook Ads,False,244,60,596.09
627,23,3478.37,17.38,151.23347826086956,0,0,2024-10-22,Standard,Organic,False,598,0,17.38
628,14,1715.19,8.59,122.51357142857144,0,0,2025-06-27,Standard,Google Ads,False,350,80,8.59
629,12,1456.09,7.2700000000000005,121.34083333333332,0,0,2026-01-28,Standard,Organic,False,135,0,7.2700000000000005
630,20,15515.04,77.59,775.7520000000001,0,0,2023-07-23,Premium,Facebook Ads,False,1055,60,77.59
631,32,4546.12,22.71,142.06625,1,0,2024-04-17,Standard,Referral,True,786,20,22.71
632,15,11436.359999999999,57.18,762.4239999999999,0,0,2024-01-28,Premium,Organic,False,866,0,57.18
633,27,4215.88,21.09,156.14370370370372,0,0,2024-01-16,Standard,Facebook Ads,False,878,60,21.09
634,15,77530.13,387.65,5168.675333333334,0,2,2025-10-14,Business,Google Ads,False,241,80,387.65
635,12,1947.8899999999999,9.73,162.32416666666666,0,0,2023-10-21,Standard,Organic,False,965,0,9.73
636,19,15917.83,79.58,837.7805263157894,0,0,2024-04-29,Premium,LinkedIn,False,774,120,79.58
637,19,2689.4900000000002,13.43,141.5521052631579,0,0,2025-12-29,Standard,Referral,False,165,20,13.43
638,21,16282.83,81.42,775.3728571428571,0,0,2023-08-09,Premium,Referral,False,1038,20,81.42
639,20,14666.74,73.35,733.337,0,0,2025-05-12,Premium,Referral,False,396,20,73.35
640,29,5146.74,25.73,177.47379310344826,0,0,2025-09-15,Standard,Organic,False,270,0,25.73
641,22,512511.47,2562.57,23295.975909090906,0,2,2023-09-18,Business,Organic,False,998,0,2562.57
642,17,1979.66,9.89,116.45058823529412,0,0,2023-09-28,Standard,Facebook Ads,False,988,60,9.89
643,18,2569.3,12.83,142.7388888888889,1,0,2025-01-05,Standard,Facebook Ads,False,523,60,12.83
644,23,21655.44,108.28,941.5408695652173,0,0,2023-07-15,Premium,Organic,False,1063,0,108.28
645,22,19582.86,97.92,890.13,0,0,2026-01-03,Premium,Organic,False,160,0,97.92
646,23,3584.58,17.95,155.85130434782607,0,0,2023-12-02,Standard,Google Ads,False,923,80,17.95
647,21,4010.88,20.06,190.99428571428572,0,0,2024-12-30,Standard,Organic,False,529,0,20.06
648,18,13281.63,66.4,737.8683333333333,0,0,2024-12-30,Premium,Organic,False,529,0,66.4
649,20,22623.670000000002,113.12,1131.1835,0,1,2023-06-22,Standard,Organic,False,1086,0,113.12
650,15,2084.57,10.4,138.97133333333335,0,0,2026-01-29,Standard,Referral,False,134,20,10.4
651,27,14063.15,70.33,520.8574074074074,1,0,2026-03-20,Standard,Google Ads,False,84,80,70.33
652,17,2780.67,13.88,163.56882352941176,0,0,2026-04-01,Standard,Organic,False,72,0,13.88
653,20,3042.04,15.219999999999999,152.102,0,0,2023-09-28,Standard,Referral,False,988,20,15.219999999999999
654,21,3282.6,16.42,156.31428571428572,0,0,2025-12-06,Standard,Organic,True,188,0,16.42
655,25,3588.65,17.94,143.546,0,0,2026-05-13,Standard,Organic,False,30,0,17.94
656,11,9288.8,46.46,844.4363636363636,0,0,2026-01-15,Premium,Referral,False,148,20,46.46
657,16,2560.71,12.790000000000001,160.044375,0,0,2025-06-12,Standard,Google Ads,True,365,80,12.790000000000001
658,22,3098.87,15.51,140.85772727272726,0,0,2026-01-26,Standard,Organic,False,137,0,15.51
659,21,3614.84,18.09,172.1352380952381,0,0,2025-05-06,Standard,LinkedIn,True,402,120,18.09
660,10,2009.46,10.04,200.946,0,0,2024-08-08,Standard,Organic,False,673,0,10.04
661,20,3396.44,17.0,169.822,0,0,2024-11-18,Standard,Facebook Ads,False,571,60,17.0
662,16,14984.7,74.92,936.54375,0,0,2025-01-02,Premium,Organic,False,526,0,74.92
663,23,3350.57,16.75,145.67695652173913,0,0,2026-05-04,Standard,Organic,False,39,0,16.75
664,24,18456.32,92.28,769.0133333333333,0,0,2025-03-18,Premium,LinkedIn,False,451,120,92.28
665,26,65185.84,325.93,2507.147692307692,0,1,2025-08-04,Premium,Google Ads,True,312,80,325.93
666,25,3535.74,17.68,141.4296,0,0,2024-10-08,Standard,Organic,False,612,0,17.68
667,22,7537.25,37.7,342.60227272727275,0,0,2024-09-30,Standard,Organic,False,620,0,37.7
668,20,2932.7000000000003,14.66,146.63500000000002,1,0,2025-08-04,Standard,Google Ads,False,312,80,14.66
669,29,21342.11,106.73,735.9348275862069,1,0,2024-01-11,Premium,Organic,False,883,0,106.73
670,23,2920.9300000000003,14.6,126.99695652173914,0,0,2023-09-12,Standard,Facebook Ads,False,1004,60,14.6
671,26,24074.26,120.35,925.9330769230769,1,0,2025-08-10,Premium,Organic,False,306,0,120.35
672,22,3702.32,18.51,168.28727272727272,1,0,2025-04-01,Standard,Facebook Ads,False,437,60,18.51
673,18,13725.99,68.64,762.555,1,1,2025-09-27,Standard,LinkedIn,False,258,120,68.64
674,21,2984.7200000000003,14.92,142.12952380952382,0,0,2024-04-08,Standard,Facebook Ads,False,795,60,14.92
675,28,132184.69,660.9,4720.881785714286,1,3,2023-11-08,Business,Organic,False,947,0,660.9
676,14,9532.66,47.67,680.9042857142857,0,0,2023-07-13,Premium,Facebook Ads,False,1065,60,47.67
677,22,16944.739999999998,84.72,770.2154545454545,1,0,2023-07-30,Premium,Organic,False,1048,0,84.72
678,14,2585.85,12.93,184.70357142857142,0,0,2025-08-26,Standard,Facebook Ads,False,290,60,12.93
679,14,1872.87,9.35,133.77642857142857,0,0,2025-01-17,Standard,Facebook Ads,False,511,60,9.35
680,16,13775.949999999999,68.89,860.9968749999999,0,0,2024-08-18,Premium,Google Ads,False,663,80,68.89
681,22,3069.86,15.35,139.5390909090909,0,0,2024-10-04,Standard,Google Ads,False,616,80,15.35
682,22,3819.0,19.12,173.5909090909091,0,0,2024-02-24,Standard,Google Ads,False,839,80,19.12
683,24,20269.43,101.34,844.5595833333333,0,0,2025-05-06,Premium,Referral,True,402,20,101.34
684,13,12603.38,63.0,969.4907692307692,0,0,2026-01-20,Premium,Google Ads,False,143,80,63.0
685,14,1920.93,9.62,137.20928571428573,1,0,2026-03-03,Standard,Organic,False,101,0,9.62
686,20,62718.03,313.6,3135.9015,0,1,2024-04-29,Premium,Facebook Ads,True,774,60,313.6
687,20,3264.97,16.35,163.24849999999998,0,0,2024-10-01,Standard,Organic,False,619,0,16.35
688,24,18075.63,90.38,753.15125,0,0,2025-11-15,Premium,Organic,True,209,0,90.38
689,19,2563.76,12.81,134.93473684210528,0,0,2025-12-25,Standard,Referral,False,169,20,12.81
690,18,2620.25,13.11,145.56944444444446,0,0,2024-10-01,Standard,Google Ads,False,619,80,13.11
691,22,122797.62,613.99,5581.71,0,0,2026-01-03,Business,Referral,False,160,20,613.99
692,20,14601.24,73.0,730.062,0,1,2023-09-27,Standard,Organic,False,989,0,73.0
693,20,17608.71,88.05,880.4354999999999,0,0,2023-12-04,Premium,Organic,True,921,0,88.05
694,16,2302.76,11.51,143.9225,0,0,2025-08-22,Standard,Referral,False,294,20,11.51
695,35,5320.23,26.59,152.00657142857142,0,0,2025-09-16,Standard,Organic,True,269,0,26.59
696,19,3113.91,15.59,163.89,0,0,2026-01-26,Standard,Referral,False,137,20,15.59
697,22,3939.92,19.7,179.08727272727273,0,0,2024-05-24,Standard,Google Ads,True,749,80,19.7
698,15,2497.5,12.49,166.5,0,0,2025-04-04,Standard,Referral,False,434,20,12.49
699,25,63774.62,318.88,2550.9848,0,1,2025-07-26,Premium,Google Ads,False,321,80,318.88
700,18,2670.21,13.35,148.345,0,0,2025-11-16,Standard,Referral,False,208,20,13.35
701,16,13209.25,66.05,825.578125,0,0,2025-11-27,Premium,Organic,False,197,0,66.05
702,24,7017.12,35.07,292.38,1,0,2025-11-10,Standard,Referral,False,214,20,35.07
703,29,109993.06999999999,549.99,3792.8644827586204,1,1,2024-04-23,Premium,Google Ads,False,780,80,549.99
704,16,2315.91,11.57,144.744375,0,0,2023-08-01,Standard,Referral,False,1046,20,11.57
705,23,18632.03,93.16,810.0882608695651,0,0,2023-08-26,Premium,LinkedIn,False,1021,120,93.16
706,20,14195.49,70.95,709.7745,0,0,2024-05-28,Premium,Referral,False,745,20,70.95
707,17,2396.32,11.99,140.96,0,0,2026-04-29,Standard,Google Ads,False,44,80,11.99
708,19,34741.630000000005,173.71,1828.5068421052633,1,1,2024-09-14,Standard,Referral,False,636,20,173.71
709,21,2573.5099999999998,12.85,122.54809523809523,1,0,2024-02-08,Standard,Organic,False,855,0,12.85
710,14,2793.43,13.95,199.53071428571428,0,0,2024-10-22,Standard,Organic,True,598,0,13.95
711,19,18498.88,92.52000000000001,973.6252631578948,0,1,2024-06-10,Standard,Referral,False,732,20,92.52000000000001
712,21,3704.17,18.53,176.38904761904763,0,0,2025-10-27,Standard,Referral,False,228,20,18.53
713,22,3632.98,18.17,165.13545454545454,1,0,2024-04-12,Standard,Referral,False,791,20,18.17
714,21,23687.420000000002,118.43,1127.972380952381,0,1,2024-05-18,Standard,Organic,False,755,0,118.43
715,20,17552.43,87.75,877.6215,1,0,2025-05-13,Premium,Google Ads,False,395,80,87.75
716,18,3312.8900000000003,16.53,184.04944444444448,0,0,2025-11-04,Standard,Google Ads,False,220,80,16.53
717,21,18533.65,92.68,882.554761904762,1,0,2024-08-12,Premium,Referral,False,669,20,92.68
718,20,3148.42,15.73,157.421,0,0,2025-06-09,Standard,Google Ads,False,368,80,15.73
719,13,2066.08,10.32,158.92923076923077,0,0,2024-12-28,Standard,Organic,False,531,0,10.32
720,21,3138.93,15.7,149.47285714285712,0,0,2024-10-29,Standard,Google Ads,False,591,80,15.7
721,23,3144.0099999999998,15.72,136.69608695652173,0,0,2025-11-13,Standard,Google Ads,False,211,80,15.72
722,10,1561.1399999999999,7.8,156.11399999999998,0,0,2025-11-18,Standard,Referral,False,206,20,7.8
723,19,32147.329999999998,160.73999999999998,1691.9647368421051,0,1,2024-03-12,Premium,Facebook Ads,False,822,60,160.73999999999998
724,18,2577.42,12.87,143.19,0,0,2025-05-07,Standard,Organic,False,401,0,12.87
725,26,22079.79,110.41000000000001,849.2226923076923,1,1,2024-04-08,Standard,Google Ads,False,795,80,110.41000000000001
726,23,22151.79,110.77,963.1213043478261,0,0,2025-09-30,Premium,Organic,False,255,0,110.77
727,14,10320.1,51.6,737.15,0,0,2025-01-01,Premium,Organic,False,527,0,51.6
728,20,2926.17,14.64,146.3085,0,0,2024-06-29,Standard,Facebook Ads,False,713,60,14.64
729,24,18365.11,91.83,765.2129166666667,0,0,2024-06-26,Premium,Google Ads,False,716,80,91.83
730,19,3046.06,15.23,160.31894736842105,0,0,2025-09-14,Standard,Facebook Ads,False,271,60,15.23
731,13,7966.26,39.82,612.7892307692308,0,0,2023-08-01,Premium,Organic,False,1046,0,39.82
732,27,7128.46,35.61,264.017037037037,0,0,2026-05-28,Standard,Organic,False,15,0,35.61
733,15,9908.75,49.56,660.5833333333334,0,0,2024-08-21,Premium,Referral,False,660,20,49.56
734,25,4036.4700000000003,20.2,161.4588,0,0,2025-11-30,Standard,Google Ads,False,194,80,20.2
735,27,20644.38,103.22999999999999,764.6066666666667,0,0,2024-06-20,Premium,LinkedIn,True,722,120,103.22999999999999
736,17,2639.2599999999998,13.21,155.25058823529412,0,0,2025-12-21,Standard,LinkedIn,False,173,120,13.21
737,27,21126.23,105.66000000000001,782.4529629629629,0,1,2023-07-03,Standard,Organic,False,1075,0,105.66000000000001
738,22,3521.3199999999997,17.61,160.05999999999997,0,0,2025-10-08,Standard,Organic,True,247,0,17.61
739,19,3409.63,17.05,179.4542105263158,0,0,2025-03-24,Standard,Organic,False,445,0,17.05
740,19,2852.6,14.27,150.13684210526316,1,0,2025-06-24,Standard,LinkedIn,False,353,120,14.27
741,12,2075.17,10.379999999999999,172.93083333333334,0,0,2023-11-07,Standard,Facebook Ads,False,948,60,10.379999999999999
742,19,3289.5299999999997,16.46,173.13315789473683,0,0,2025-12-04,Standard,LinkedIn,False,190,120,16.46
743,21,3798.9900000000002,19.0,180.90428571428572,0,0,2025-12-03,Standard,Google Ads,False,191,80,19.0
744,21,14870.52,74.35,708.12,0,0,2026-05-26,Premium,Organic,False,17,0,74.35
745,17,2300.38,11.5,135.3164705882353,0,0,2025-05-22,Standard,LinkedIn,False,386,120,11.5
746,19,2474.77,12.37,130.25105263157894,0,0,2025-02-25,Standard,Organic,False,472,0,12.37
747,17,14786.77,73.94,869.8100000000001,0,0,2024-02-19,Premium,Organic,False,844,0,73.94
748,19,6200.2,31.0,326.32631578947365,0,0,2025-11-07,Standard,Organic,False,217,0,31.0
749,20,3815.1,19.08,190.755,1,0,2023-11-23,Standard,Google Ads,False,932,80,19.08
750,15,2395.35,11.99,159.69,1,0,2026-02-02,Standard,Organic,False,130,0,11.99
751,15,23983.59,119.93,1598.906,1,1,2024-03-25,Premium,Google Ads,True,809,80,119.93
752,16,2369.13,11.86,148.070625,1,0,2024-12-22,Standard,Organic,False,537,0,11.86
753,20,111253.55,556.26,5562.6775,1,1,2025-11-13,Business,Referral,True,211,20,556.26
754,24,17867.59,89.34,744.4829166666667,0,0,2024-09-05,Premium,Google Ads,True,645,80,89.34
755,22,4408.63,22.04,200.39227272727274,0,0,2024-06-07,Standard,Facebook Ads,False,735,60,22.04
756,16,2708.14,13.530000000000001,169.25875,1,0,2025-05-05,Standard,Referral,False,403,20,13.530000000000001
757,23,3233.63,16.18,140.5926086956522,0,0,2024-05-30,Standard,Referral,False,743,20,16.18
758,21,3856.42,19.28,183.63904761904763,1,0,2024-10-15,Standard,Referral,True,605,20,19.28
759,17,17762.91,88.8,1044.8770588235293,1,1,2024-09-02,Standard,Referral,False,648,20,88.8
760,12,1659.74,8.28,138.31166666666667,0,0,2025-11-15,Standard,Facebook Ads,False,209,60,8.28
761,20,2841.65,14.23,142.0825,1,0,2023-12-22,Standard,Facebook Ads,False,903,60,14.23
762,22,19579.04,97.92,889.9563636363637,0,0,2024-10-23,Premium,Facebook Ads,False,597,60,97.92
763,18,3341.3,16.71,185.6277777777778,0,0,2025-02-28,Standard,Organic,False,469,0,16.71
764,27,126088.36,630.45,4669.939259259259,0,1,2024-09-22,Premium,Google Ads,False,628,80,630.45
765,26,3703.33,18.51,142.43576923076924,0,0,2026-03-29,Standard,Referral,True,75,20,18.51
766,18,2806.4100000000003,14.02,155.9116666666667,0,0,2024-09-03,Standard,Referral,False,647,20,14.02
767,16,2347.2799999999997,11.75,146.70499999999998,0,0,2026-01-21,Standard,Facebook Ads,False,142,60,11.75
768,28,4094.0,20.47,146.21428571428572,0,0,2024-03-03,Standard,Referral,False,831,20,20.47
769,25,3359.95,16.77,134.398,0,0,2025-10-13,Standard,Organic,False,242,0,16.77
770,21,17054.63,85.27,812.1252380952382,1,0,2024-07-17,Premium,Facebook Ads,False,695,60,85.27
771,24,10122.77,50.62,421.78208333333333,0,0,2025-09-02,Standard,Google Ads,False,283,80,50.62
772,20,8964.630000000001,44.82,448.23150000000004,2,0,2024-06-30,Standard,Facebook Ads,False,712,60,44.82
773,22,14517.9,72.61,659.9045454545454,0,0,2024-12-16,Premium,Google Ads,False,543,80,72.61
774,20,2960.24,14.8,148.012,0,0,2026-01-24,Standard,Facebook Ads,True,139,60,14.8
775,25,18871.55,94.35,754.862,1,0,2023-12-15,Premium,Referral,False,910,20,94.35
776,18,2737.92,13.7,152.10666666666668,0,0,2024-02-07,Standard,Google Ads,False,856,80,13.7
777,18,7492.160000000001,37.449999999999996,416.23111111111115,0,0,2024-06-05,Standard,Facebook Ads,False,737,60,37.449999999999996
778,26,41051.42,205.26,1578.9007692307691,0,1,2024-04-12,Premium,Organic,True,791,0,205.26
779,20,7055.41,35.28,352.77049999999997,1,0,2025-02-10,Standard,Google Ads,False,487,80,35.28
780,24,21143.77,105.72,880.9904166666666,1,0,2024-09-11,Premium,Google Ads,False,639,80,105.72
781,21,62560.899999999994,312.8,2979.090476190476,0,1,2024-05-31,Premium,Google Ads,True,742,80,312.8
782,29,5027.07,25.14,173.34724137931033,1,0,2025-03-06,Standard,Organic,False,463,0,25.14
783,23,3860.66,19.29,167.85478260869564,0,0,2026-01-30,Standard,Facebook Ads,False,133,60,19.29
784,28,4465.17,22.34,159.47035714285715,0,0,2024-03-11,Standard,Referral,False,823,20,22.34
785,31,64048.95,320.24,2066.0951612903223,0,1,2023-08-20,Premium,Referral,False,1027,20,320.24
786,22,15505.27,77.52000000000001,704.785,0,1,2023-12-31,Standard,Organic,True,894,0,77.52000000000001
787,26,23382.05,116.92,899.3096153846153,0,0,2024-07-09,Premium,LinkedIn,False,703,120,116.92
788,21,767853.3999999999,3839.27,36564.44761904761,0,2,2024-10-09,Business,Google Ads,True,611,80,3839.27
789,23,3730.02,18.64,162.17478260869566,0,0,2026-05-30,Standard,Referral,False,13,20,18.64
790,22,3884.52,19.41,176.5690909090909,0,0,2025-06-01,Standard,Organic,True,376,0,19.41
791,19,3618.26,18.08,190.43473684210528,0,0,2025-03-30,Standard,Organic,True,439,0,18.08
792,19,17185.43,85.93,904.4963157894737,0,0,2023-11-28,Premium,Google Ads,True,927,80,85.93
793,23,117395.7,586.99,5104.160869565218,0,0,2024-11-07,Business,Organic,False,582,0,586.99
794,28,4193.61,20.97,149.7717857142857,1,0,2023-06-12,Standard,Referral,False,1096,20,20.97
795,20,3620.4,18.09,181.02,0,0,2023-10-22,Standard,Organic,False,964,0,18.09
796,23,69335.84,346.7,3014.6017391304345,0,1,2025-04-10,Premium,Facebook Ads,False,428,60,346.7
797,14,2035.42,10.16,145.38714285714286,0,0,2025-06-01,Standard,LinkedIn,False,376,120,10.16
798,25,4331.88,21.66,173.2752,0,0,2024-09-29,Standard,Google Ads,False,621,80,21.66
799,20,15496.22,77.48,774.8109999999999,1,0,2024-07-10,Premium,Referral,False,702,20,77.48
800,23,3922.21,19.6,170.5308695652174,0,0,2025-12-08,Standard,Facebook Ads,True,186,60,19.6
801,27,22159.91,110.81,820.7374074074074,1,0,2023-12-09,Premium,Organic,False,916,0,110.81
802,19,3012.89,15.06,158.57315789473682,0,0,2025-06-11,Standard,Organic,False,366,0,15.06
803,18,20220.07,101.11,1123.3372222222222,0,1,2025-10-15,Standard,Facebook Ads,False,240,60,101.11
804,21,3501.6,17.52,166.74285714285713,0,0,2024-07-26,Standard,Google Ads,False,686,80,17.52
805,19,5425.51,27.12,285.55315789473684,0,0,2024-06-29,Standard,Google Ads,False,713,80,27.12
806,21,14782.21,73.89,703.9147619047619,0,1,2025-08-12,Standard,Google Ads,False,304,80,73.89
807,18,14969.58,74.85,831.6433333333333,0,0,2024-07-11,Premium,LinkedIn,False,701,120,74.85
808,19,2347.27,11.72,123.54052631578948,0,0,2024-04-27,Standard,Referral,False,776,20,11.72
809,20,135564.32,677.81,6778.216,0,3,2025-08-25,Business,Referral,False,291,20,677.81
810,11,1931.25,9.65,175.5681818181818,0,0,2023-06-20,Standard,Referral,False,1088,20,9.65
811,19,56123.94,280.61,2953.8915789473685,0,1,2024-01-21,Premium,Organic,False,873,0,280.61
812,19,2909.16,14.549999999999999,153.11368421052632,0,0,2025-04-15,Standard,Google Ads,False,423,80,14.549999999999999
813,21,14786.35,73.94,704.1119047619047,0,0,2024-12-30,Premium,Referral,False,529,20,73.94
814,25,17460.0,87.27,698.4,0,0,2024-07-18,Premium,Organic,False,694,0,87.27
815,14,2076.68,10.39,148.3342857142857,0,0,2024-12-24,Standard,Organic,False,535,0,10.39
816,20,3128.84,15.66,156.442,1,0,2024-10-12,Standard,Organic,True,608,0,15.66
817,22,3263.65,16.32,148.34772727272727,0,0,2023-08-09,Standard,LinkedIn,False,1038,120,16.32
818,22,3239.7599999999998,16.21,147.26181818181817,0,0,2024-06-06,Standard,Organic,False,736,0,16.21
819,20,3270.49,16.37,163.5245,0,0,2023-07-27,Standard,Referral,True,1051,20,16.37
820,25,3787.0,18.94,151.48,0,0,2024-11-19,Standard,Google Ads,False,570,80,18.94
821,24,3986.84,19.96,166.11833333333334,1,0,2024-11-12,Standard,Organic,False,577,0,19.96
822,28,6402.09,32.0,228.64607142857145,2,0,2023-11-12,Standard,Google Ads,False,943,80,32.0
823,23,4278.35,21.38,186.01521739130436,2,0,2026-04-04,Standard,Referral,False,69,20,21.38
824,12,12053.26,60.269999999999996,1004.4383333333334,0,1,2024-08-12,Standard,Organic,False,669,0,60.269999999999996
825,24,3374.52,16.89,140.605,0,0,2025-09-24,Standard,Organic,False,261,0,16.89
826,19,2795.17,13.98,147.1142105263158,0,0,2023-12-09,Standard,Google Ads,True,916,80,13.98
827,19,14912.74,74.57,784.8810526315789,0,0,2024-07-07,Premium,Referral,False,705,20,74.57
828,19,3070.77,15.37,161.61947368421053,0,0,2026-02-24,Standard,Organic,False,108,0,15.37
829,18,2464.24,12.34,136.9022222222222,0,0,2025-02-01,Standard,Organic,True,496,0,12.34
830,15,1923.6200000000001,9.61,128.24133333333333,0,0,2025-11-14,Standard,Google Ads,False,210,80,9.61
831,24,3641.68,18.22,151.73666666666665,1,0,2023-09-09,Standard,Referral,True,1007,20,18.22
832,22,3405.71,17.03,154.805,0,0,2024-06-21,Standard,Organic,False,721,0,17.03
833,18,2559.7599999999998,12.82,142.20888888888888,0,0,2026-04-12,Standard,Organic,False,61,0,12.82
834,23,3780.96,18.91,164.3895652173913,0,0,2025-12-13,Standard,Referral,False,181,20,18.91
835,23,107088.1,535.45,4656.004347826087,1,2,2025-01-22,Business,Organic,False,506,0,535.45
836,22,3647.07,18.24,165.7759090909091,0,0,2025-11-18,Standard,Google Ads,False,206,80,18.24
837,18,3036.87,15.17,168.715,0,0,2024-08-03,Standard,Organic,False,678,0,15.17
838,19,2639.02,13.19,138.8957894736842,0,0,2026-06-05,Standard,Organic,False,7,0,13.19
839,22,3349.7200000000003,16.77,152.26000000000002,0,0,2025-08-01,Standard,Referral,False,315,20,16.77
840,20,3313.85,16.58,165.6925,1,0,2023-10-20,Standard,Facebook Ads,True,966,60,16.58
841,25,3865.78,19.32,154.6312,1,0,2024-02-18,Standard,Referral,False,845,20,19.32
842,18,9208.939999999999,46.05,511.6077777777777,0,0,2026-05-21,Standard,Google Ads,True,22,80,46.05
843,21,3373.13,16.86,160.6252380952381,2,0,2025-03-13,Standard,LinkedIn,False,456,120,16.86
844,19,10175.78,50.879999999999995,535.5673684210527,0,0,2023-11-13,Standard,Organic,False,942,0,50.879999999999995
845,23,3655.46,18.29,158.93304347826088,0,0,2023-11-13,Standard,Google Ads,False,942,80,18.29
846,27,21646.46,108.23,801.7207407407407,0,0,2026-02-23,Premium,Google Ads,False,109,80,108.23
847,21,19241.940000000002,96.22,916.2828571428572,0,1,2024-05-26,Standard,Referral,False,747,20,96.22
848,30,14896.730000000001,74.48,496.5576666666667,1,1,2024-03-26,Standard,Facebook Ads,False,808,60,74.48
849,12,1933.69,9.67,161.14083333333335,0,0,2025-12-06,Standard,Google Ads,False,188,80,9.67
850,23,3657.31,18.29,159.01347826086956,0,0,2024-11-13,Standard,Google Ads,False,576,80,18.29
851,15,2459.43,12.280000000000001,163.962,1,0,2024-09-17,Standard,Referral,True,633,20,12.280000000000001
852,16,2575.54,12.86,160.97125,1,0,2025-03-29,Standard,Organic,False,440,0,12.86
853,14,1789.72,8.96,127.83714285714287,1,0,2023-09-12,Standard,Referral,False,1004,20,8.96
854,16,1922.3899999999999,9.61,120.14937499999999,1,0,2026-02-02,Standard,Referral,True,130,20,9.61
855,21,2849.37,14.24,135.68428571428572,1,0,2024-10-15,Standard,Referral,False,605,20,14.24
856,19,3221.7799999999997,16.11,169.5673684210526,0,0,2024-10-14,Standard,Organic,True,606,0,16.11
857,17,14880.22,74.41,875.3070588235294,0,0,2024-04-14,Premium,Organic,False,789,0,74.41
858,26,23302.44,116.51,896.2476923076922,0,0,2025-08-11,Premium,Organic,False,305,0,116.51
859,18,2544.25,12.71,141.34722222222223,0,0,2025-04-24,Standard,LinkedIn,False,414,120,12.71
860,21,15844.89,79.21,754.5185714285714,0,0,2025-10-17,Premium,Organic,True,238,0,79.21
861,15,13559.1,67.78,903.94,0,0,2025-02-09,Premium,Organic,True,488,0,67.78
862,20,15549.63,77.76,777.4815,0,1,2026-01-23,Standard,Organic,False,140,0,77.76
863,24,3378.33,16.89,140.76375,1,0,2023-09-13,Standard,Organic,False,1003,0,16.89
864,18,98527.57,492.64,5473.753888888889,2,0,2024-04-21,Business,Referral,False,782,20,492.64
865,30,4636.89,23.17,154.56300000000002,0,0,2024-07-17,Standard,Google Ads,False,695,80,23.17
866,19,14561.71,72.83,766.4057894736842,0,0,2025-02-18,Premium,Referral,True,479,20,72.83
867,22,3578.2200000000003,17.9,162.64636363636365,0,0,2024-09-13,Standard,Facebook Ads,False,637,60,17.9
868,20,2852.95,14.26,142.64749999999998,0,0,2024-12-15,Standard,Google Ads,False,544,80,14.26
869,26,140291.06,701.45,5395.8099999999995,0,2,2025-01-19,Business,Organic,False,509,0,701.45
870,18,3242.9,16.22,180.16111111111113,0,0,2023-12-04,Standard,Organic,False,921,0,16.22
871,17,14786.220000000001,73.93,869.7776470588236,0,0,2023-06-30,Premium,LinkedIn,True,1078,120,73.93
872,23,3649.34,18.26,158.66695652173914,0,0,2024-07-22,Standard,Organic,False,690,0,18.26
873,22,15440.820000000002,77.2,701.8554545454546,0,1,2023-11-30,Standard,Google Ads,True,925,80,77.2
874,19,15964.310000000001,79.8,840.2268421052632,1,1,2023-09-24,Standard,Facebook Ads,True,992,60,79.8
875,28,117810.73,589.07,4207.526071428571,0,1,2025-04-02,Premium,Organic,False,436,0,589.07
876,22,3730.55,18.64,169.57045454545457,0,0,2024-04-27,Standard,Google Ads,False,776,80,18.64
877,23,3730.49,18.65,162.19521739130434,0,0,2023-09-28,Standard,Organic,False,988,0,18.65
878,15,2591.94,12.96,172.796,0,0,2025-08-05,Standard,Google Ads,False,311,80,12.96
879,19,3287.36,16.47,173.01894736842107,0,0,2026-01-17,Standard,Referral,False,146,20,16.47
880,18,2525.23,12.62,140.29055555555556,0,0,2025-02-19,Standard,Facebook Ads,False,478,60,12.62
881,17,3117.78,15.58,183.39882352941177,0,0,2025-06-20,Standard,Organic,False,357,0,15.58
882,21,3419.0099999999998,17.08,162.81,0,0,2025-05-31,Standard,Organic,False,377,0,17.08
883,17,2881.81,14.41,169.51823529411763,0,0,2026-04-16,Standard,Referral,False,57,20,14.41
884,23,3784.43,18.919999999999998,164.54043478260868,1,0,2023-07-25,Standard,Google Ads,False,1053,80,18.919999999999998
885,23,2921.03,14.61,127.00130434782609,0,0,2025-04-15,Standard,Organic,False,423,0,14.61
886,16,17171.89,85.85,1073.243125,0,0,2023-07-21,Premium,Organic,False,1057,0,85.85
887,23,2711.93,13.59,117.91,0,0,2023-12-26,Standard,Referral,False,899,20,13.59
888,19,97194.27,485.98,5115.4878947368425,0,3,2024-03-07,Business,Organic,False,827,0,485.98
889,15,2394.14,11.97,159.60933333333332,0,0,2026-03-29,Standard,Google Ads,False,75,80,11.97
890,22,19328.94,96.64,878.5881818181817,0,0,2024-03-21,Premium,LinkedIn,False,813,120,96.64
891,26,4168.72,20.86,160.3353846153846,0,0,2023-07-29,Standard,Referral,True,1049,20,20.86
892,12,1523.12,7.619999999999999,126.92666666666666,0,0,2026-05-05,Standard,Organic,False,38,0,7.619999999999999
893,20,3243.44,16.21,162.172,1,0,2023-10-15,Standard,Facebook Ads,False,971,60,16.21
894,28,9731.21,48.65,347.54321428571427,0,0,2026-02-10,Standard,Google Ads,False,122,80,48.65
895,20,12838.86,64.17,641.943,0,1,2024-10-20,Standard,Google Ads,False,600,80,64.17
896,22,3251.46,16.28,147.79363636363635,0,0,2026-01-18,Standard,LinkedIn,False,145,120,16.28
897,16,2336.35,11.7,146.021875,0,0,2023-12-26,Standard,Google Ads,False,899,80,11.7
898,19,2799.2400000000002,14.02,147.3284210526316,1,0,2025-07-22,Standard,Organic,True,325,0,14.02
899,18,3282.6,16.41,182.36666666666667,0,0,2024-10-13,Standard,Google Ads,False,607,80,16.41
900,12,1509.79,7.55,125.81583333333333,0,0,2026-01-20,Standard,Organic,False,143,0,7.55
901,24,18342.73,91.7,764.2804166666666,0,0,2024-11-06,Premium,Referral,False,583,20,91.7
902,18,12638.57,63.2,702.1427777777777,0,0,2026-03-26,Premium,Organic,True,78,0,63.2
903,23,238929.1,1194.64,10388.221739130435,0,3,2025-09-19,Business,Google Ads,True,266,80,1194.64
904,15,463316.49,2316.58,30887.766,0,2,2025-11-27,Business,Facebook Ads,False,197,60,2316.58
905,19,41622.23,208.13,2190.6436842105263,0,1,2026-03-10,Premium,Organic,False,94,0,208.13
906,19,14925.599999999999,74.62,785.5578947368421,0,1,2024-03-01,Standard,Google Ads,False,833,80,74.62
907,18,3197.1,15.959999999999999,177.61666666666667,0,0,2024-03-01,Standard,Facebook Ads,False,833,60,15.959999999999999
908,20,3072.34,15.37,153.61700000000002,0,0,2026-05-17,Standard,Google Ads,False,26,80,15.37
909,19,94198.81999999999,470.96,4957.832631578947,0,1,2024-03-16,Business,Google Ads,False,818,80,470.96
910,16,11930.130000000001,59.66,745.6331250000001,0,0,2024-08-27,Premium,Referral,False,654,20,59.66
911,15,2290.43,11.46,152.6953333333333,0,0,2023-10-29,Standard,Organic,False,957,0,11.46
912,24,4033.0299999999997,20.15,168.04291666666666,1,0,2024-02-16,Standard,Google Ads,False,847,80,20.15
913,25,131525.4,657.61,5261.016,2,2,2026-04-11,Business,Referral,False,62,20,657.61
914,14,2414.05,12.07,172.43214285714288,0,0,2025-12-16,Standard,Google Ads,False,178,80,12.07
915,19,2636.94,13.18,138.7863157894737,0,0,2024-09-23,Standard,Organic,False,627,0,13.18
916,17,13780.279999999999,68.9,810.6047058823528,1,0,2026-05-15,Premium,Referral,False,28,20,68.9
917,18,14302.18,71.5,794.5655555555555,0,0,2025-07-29,Premium,Google Ads,True,318,80,71.5
918,20,3346.95,16.73,167.3475,0,0,2024-06-08,Standard,Organic,False,734,0,16.73
919,9,1640.17,8.2,182.2411111111111,1,0,2026-05-13,Standard,Organic,False,30,0,8.2
920,18,2679.62,13.4,148.86777777777777,0,0,2025-11-12,Standard,Organic,False,212,0,13.4
921,17,97182.95,485.93,5716.644117647059,1,0,2024-07-07,Business,Google Ads,False,705,80,485.93
922,25,3727.83,18.66,149.1132,0,0,2024-09-13,Standard,Facebook Ads,False,637,60,18.66
923,17,2487.69,12.46,146.33470588235295,1,0,2023-08-09,Standard,Referral,False,1038,20,12.46
924,22,3533.21,17.650000000000002,160.60045454545454,0,0,2023-08-20,Standard,Google Ads,False,1027,80,17.650000000000002
925,23,19736.27,98.68,858.0986956521739,1,0,2024-12-19,Premium,Google Ads,True,540,80,98.68
926,18,2692.85,13.46,149.60277777777776,0,0,2026-04-11,Standard,Organic,False,62,0,13.46
927,21,2852.75,14.28,135.8452380952381,0,0,2026-01-15,Standard,Google Ads,False,148,80,14.28
928,16,10359.25,51.8,647.453125,0,0,2025-07-24,Premium,Facebook Ads,False,323,60,51.8
929,25,12928.38,64.64,517.1351999999999,2,0,2025-02-22,Standard,Google Ads,False,475,80,64.64
930,27,22274.51,111.36,824.9818518518518,0,0,2023-09-09,Premium,Referral,False,1007,20,111.36
931,28,44754.31,223.78,1598.3682142857142,0,1,2026-04-06,Premium,Google Ads,True,67,80,223.78
932,17,2228.45,11.129999999999999,131.08529411764704,3,0,2026-04-28,Standard,Organic,False,45,0,11.129999999999999
933,17,14114.73,70.56,830.2782352941176,0,0,2024-02-14,Premium,Organic,False,849,0,70.56
934,19,3266.09,16.33,171.89947368421053,1,0,2024-03-07,Standard,Referral,False,827,20,16.33
935,28,4395.17,21.97,156.97035714285715,1,0,2024-09-29,Standard,Referral,True,621,20,21.97
936,19,98104.99,490.55,5163.42052631579,0,2,2025-09-29,Business,LinkedIn,False,256,120,490.55
937,20,3372.7799999999997,16.86,168.63899999999998,0,0,2023-06-30,Standard,Facebook Ads,False,1078,60,16.86
938,31,43065.509999999995,215.32999999999998,1389.2099999999998,0,1,2025-01-24,Premium,Referral,False,504,20,215.32999999999998
939,23,17999.9,90.02,782.6043478260871,1,0,2025-10-30,Premium,Google Ads,False,225,80,90.02
940,18,9807.49,49.04,544.8605555555555,1,0,2025-06-25,Standard,Google Ads,False,352,80,49.04
941,18,2365.97,11.84,131.44277777777776,0,0,2024-04-24,Standard,Google Ads,False,779,80,11.84
942,29,23936.71,119.7,825.4037931034483,0,0,2023-07-11,Premium,Organic,False,1067,0,119.7
943,21,5485.33,27.419999999999998,261.2061904761905,0,0,2023-12-11,Standard,Facebook Ads,True,914,60,27.419999999999998
944,24,3439.98,17.2,143.3325,0,0,2023-12-16,Standard,LinkedIn,False,909,120,17.2
945,26,23907.57,119.55,919.521923076923,0,0,2024-07-14,Premium,Facebook Ads,True,698,60,119.55
946,17,3329.02,16.65,195.82470588235293,0,0,2025-08-14,Standard,Facebook Ads,False,302,60,16.65
947,9,5944.17,29.72,660.4633333333334,0,0,2026-03-09,Premium,Facebook Ads,False,95,60,29.72
948,26,12181.92,60.88999999999999,468.5353846153846,0,0,2024-02-26,Standard,LinkedIn,False,837,120,60.88999999999999
949,21,3110.01,15.56,148.0957142857143,0,0,2023-07-21,Standard,Organic,False,1057,0,15.56
950,18,2372.34,11.85,131.79666666666668,0,0,2025-05-11,Standard,Facebook Ads,False,397,60,11.85
951,22,3459.55,17.31,157.25227272727273,0,0,2025-11-21,Standard,Organic,True,203,0,17.31
952,17,2781.15,13.9,163.5970588235294,0,0,2025-01-11,Standard,Organic,False,517,0,13.9
953,16,2400.7,12.0,150.04375,0,0,2024-12-29,Standard,Facebook Ads,False,530,60,12.0
954,19,13455.14,67.28,708.1652631578947,0,0,2026-02-14,Premium,Google Ads,False,118,80,67.28
955,17,12598.68,62.99,741.0988235294118,0,0,2025-01-27,Premium,Facebook Ads,False,501,60,62.99
956,16,13708.81,68.53,856.800625,1,0,2026-04-04,Premium,Facebook Ads,True,69,60,68.53
957,15,2661.54,13.31,177.436,0,0,2025-02-09,Standard,Referral,False,488,20,13.31
958,25,3752.6,18.75,150.10399999999998,1,0,2024-07-27,Standard,Organic,False,685,0,18.75
959,22,16201.47,81.0,736.4304545454545,0,0,2026-05-31,Premium,Referral,False,12,20,81.0
960,18,15561.44,77.8,864.5244444444445,0,0,2026-04-17,Premium,Referral,False,56,20,77.8
961,18,2619.18,13.08,145.51,1,0,2024-01-26,Standard,Organic,False,868,0,13.08
962,23,13353.91,66.75,580.6047826086957,1,1,2023-12-29,Standard,Referral,True,896,20,66.75
963,29,52488.57,262.44,1809.9506896551725,0,1,2023-11-24,Premium,Organic,False,931,0,262.44
964,17,14446.65,72.23,849.8029411764705,0,0,2023-09-20,Premium,Organic,False,996,0,72.23
965,32,23716.02,118.55999999999999,741.125625,0,1,2023-07-20,Standard,Google Ads,False,1058,80,118.55999999999999
966,15,15116.17,75.56,1007.7446666666667,0,0,2025-12-18,Premium,Google Ads,False,176,80,75.56
967,14,9801.92,49.01,700.1371428571429,0,0,2024-10-04,Premium,Referral,False,616,20,49.01
968,16,2289.19,11.42,143.074375,0,0,2024-05-28,Standard,Google Ads,False,745,80,11.42
969,20,3166.12,15.84,158.30599999999998,0,0,2024-07-22,Standard,Google Ads,True,690,80,15.84
970,15,1885.28,9.43,125.68533333333333,0,0,2024-04-19,Standard,Organic,False,784,0,9.43
971,21,2889.16,14.43,137.5790476190476,0,0,2026-04-02,Standard,LinkedIn,False,71,120,14.43
972,21,17992.15,89.94,856.7690476190477,1,0,2024-07-01,Premium,Referral,False,711,20,89.94
973,26,3983.17,19.9,153.19884615384615,1,0,2026-04-15,Standard,Referral,False,58,20,19.9
974,24,20654.23,103.27,860.5929166666666,1,0,2023-08-05,Premium,Google Ads,False,1042,80,103.27
975,24,4348.49,21.76,181.18708333333333,0,0,2025-10-02,Standard,Facebook Ads,False,253,60,21.76
976,18,15740.539999999999,78.72,874.4744444444444,0,0,2025-12-25,Premium,Organic,False,169,0,78.72
977,21,3055.41,15.27,145.49571428571429,0,0,2025-07-01,Standard,Referral,False,346,20,15.27
978,20,3134.93,15.66,156.7465,1,0,2025-03-12,Standard,Google Ads,True,457,80,15.66
979,24,4023.27,20.11,167.63625,0,0,2025-03-04,Standard,Facebook Ads,False,465,60,20.11
980,24,3592.56,17.96,149.69,0,0,2024-02-24,Standard,Google Ads,False,839,80,17.96
981,11,1868.04,9.35,169.82181818181817,0,0,2024-03-12,Standard,LinkedIn,True,822,120,9.35
982,26,3934.7,19.68,151.33461538461538,0,0,2023-12-21,Standard,Referral,False,904,20,19.68
983,23,16360.3,81.8,711.3173913043478,1,0,2024-06-30,Premium,Referral,True,712,20,81.8
984,21,3283.05,16.41,156.3357142857143,0,0,2023-07-07,Standard,Google Ads,False,1071,80,16.41
985,17,10950.130000000001,54.75000000000001,644.1252941176472,0,0,2024-08-06,Standard,Referral,False,675,20,54.75000000000001
986,24,3844.23,19.22,160.17625,1,0,2025-08-24,Standard,Referral,True,292,20,19.22
987,27,3530.61,17.64,130.76333333333335,0,0,2024-03-13,Standard,Organic,False,821,0,17.64
988,23,58151.670000000006,290.77,2528.33347826087,0,1,2026-01-04,Premium,Facebook Ads,False,159,60,290.77
989,23,3558.5,17.81,154.7173913043478,0,0,2023-12-31,Standard,Referral,False,894,20,17.81
990,25,3655.77,18.28,146.2308,1,0,2024-07-27,Standard,Organic,False,685,0,18.28
991,17,14980.58,74.91,881.2105882352942,0,0,2024-08-02,Premium,Google Ads,False,679,80,74.91
992,20,2932.75,14.66,146.6375,0,0,2024-09-26,Standard,LinkedIn,True,624,120,14.66
993,20,2959.37,14.79,147.9685,0,0,2025-06-16,Standard,Organic,False,361,0,14.79
994,27,3490.73,17.47,129.28629629629629,0,0,2024-04-18,Standard,Facebook Ads,False,785,60,17.47
995,20,2728.11,13.64,136.40550000000002,0,0,2025-03-09,Standard,Organic,True,460,0,13.64
996,26,3168.27,15.86,121.85653846153846,0,0,2024-08-03,Standard,Google Ads,False,678,80,15.86
997,21,3301.66,16.47,157.22190476190477,0,0,2025-08-31,Standard,Referral,False,285,20,16.47
998,27,8827.49,44.129999999999995,326.9440740740741,0,0,2025-01-24,Standard,Google Ads,True,504,80,44.129999999999995
999,16,2558.77,12.79,159.923125,0,0,2025-12-31,Standard,Organic,False,163,0,12.79
1000,25,95054.0,475.27000000000004,3802.16,1,1,2025-12-22,Premium,Organic,False,172,0,475.27000000000004
1001,21,3457.48,17.29,164.64190476190475,0,0,2025-08-26,Standard,Facebook Ads,False,290,60,17.29
1002,31,5013.1,25.08,161.71290322580646,0,0,2023-08-12,Standard,Referral,False,1035,20,25.08
1003,21,3456.99,17.27,164.6185714285714,0,0,2025-04-08,Standard,Organic,False,430,0,17.27
1004,21,3108.61,15.540000000000001,148.02904761904762,0,0,2025-09-09,Standard,Google Ads,False,276,80,15.540000000000001
1005,16,13872.380000000001,69.36,867.0237500000001,2,0,2025-09-27,Premium,Organic,False,258,0,69.36
1006,23,22610.4,113.06,983.0608695652174,0,0,2024-11-29,Premium,Google Ads,False,560,80,113.06
1007,11,1139.42,5.69,103.58363636363637,0,0,2026-05-07,Standard,Google Ads,False,36,80,5.69
1008,22,2925.0099999999998,14.64,132.95499999999998,0,0,2023-09-30,Standard,Organic,False,986,0,14.64
1009,27,21197.75,105.98,785.1018518518518,0,0,2024-03-21,Premium,LinkedIn,True,813,120,105.98
1010,24,20415.37,102.07,850.6404166666666,0,0,2024-04-29,Premium,Referral,False,774,20,102.07
1011,20,2551.06,12.76,127.553,0,0,2026-05-04,Standard,Facebook Ads,False,39,60,12.76
1012,17,2393.74,11.95,140.80823529411762,0,0,2025-02-02,Standard,Organic,True,495,0,11.95
1013,24,17112.12,85.54,713.005,0,1,2023-09-08,Standard,Referral,False,1008,20,85.54
1014,21,3608.58,18.05,171.83714285714285,0,0,2023-09-26,Standard,Google Ads,False,990,80,18.05
1015,17,2548.89,12.73,149.93470588235294,0,0,2024-06-25,Standard,Referral,True,717,20,12.73
1016,19,3647.36,18.24,191.9663157894737,0,0,2024-09-21,Standard,Organic,False,629,0,18.24
1017,17,39472.19,197.37,2321.893529411765,0,1,2026-05-31,Premium,Organic,False,12,0,197.37
1018,28,4224.09,21.13,150.86035714285714,1,0,2025-12-15,Standard,Referral,False,179,20,21.13
1019,24,3311.51,16.55,137.97958333333335,0,0,2025-01-23,Standard,Organic,True,505,0,16.55
1020,26,4369.44,21.83,168.0553846153846,1,0,2023-08-09,Standard,Facebook Ads,True,1038,60,21.83
1021,13,1842.54,9.21,141.73384615384614,0,0,2023-12-19,Standard,Facebook Ads,False,906,60,9.21
1022,23,96060.33,480.29999999999995,4176.536086956522,0,1,2025-07-29,Premium,LinkedIn,True,318,120,480.29999999999995
1023,17,3080.35,15.379999999999999,181.1970588235294,0,0,2026-01-12,Standard,LinkedIn,False,151,120,15.379999999999999
1024,11,16284.33,81.43,1480.3936363636365,1,1,2025-01-20,Standard,Facebook Ads,True,508,60,81.43
1025,25,4213.42,21.06,168.5368,0,0,2024-05-01,Standard,Organic,False,772,0,21.06
1026,20,2744.61,13.73,137.2305,0,0,2024-08-19,Standard,Google Ads,True,662,80,13.73
1027,22,17845.71,89.23,811.1686363636363,0,0,2024-04-06,Premium,Organic,False,797,0,89.23
1028,23,16429.87,82.14,714.3421739130434,0,0,2023-08-12,Premium,Organic,False,1035,0,82.14
1029,18,3250.69,16.26,180.5938888888889,0,0,2025-11-10,Standard,Organic,False,214,0,16.26
1030,16,2447.91,12.25,152.994375,0,0,2025-08-23,Standard,Referral,False,293,20,12.25
1031,19,2640.07,13.21,138.95105263157896,0,0,2024-10-15,Standard,Organic,False,605,0,13.21
1032,16,1847.6100000000001,9.24,115.47562500000001,0,0,2026-03-12,Standard,Referral,True,92,20,9.24
1033,20,2524.63,12.620000000000001,126.23150000000001,0,0,2025-07-04,Standard,Facebook Ads,False,343,60,12.620000000000001
1034,22,3121.09,15.59,141.86772727272728,0,0,2025-02-27,Standard,LinkedIn,True,470,120,15.59
1035,19,14564.11,72.82,766.532105263158,0,0,2026-04-30,Premium,Facebook Ads,False,43,60,72.82
1036,20,2746.12,13.71,137.30599999999998,0,0,2024-04-27,Standard,Organic,False,776,0,13.71
1037,15,11865.07,59.32,791.0046666666666,0,0,2024-09-07,Premium,Facebook Ads,False,643,60,59.32
1038,19,2563.5099999999998,12.82,134.9215789473684,0,0,2024-07-14,Standard,Google Ads,False,698,80,12.82
1039,19,16656.19,83.28,876.6415789473683,0,0,2025-10-08,Premium,Google Ads,False,247,80,83.28
1040,16,24121.42,120.62,1507.58875,0,1,2025-07-13,Standard,Google Ads,False,334,80,120.62
1041,24,3425.38,17.13,142.72416666666666,0,0,2024-07-24,Standard,Google Ads,False,688,80,17.13
1042,25,3833.33,19.16,153.3332,2,0,2023-06-18,Standard,Google Ads,True,1090,80,19.16
1043,21,3291.89,16.46,156.75666666666666,0,0,2024-08-27,Standard,Google Ads,False,654,80,16.46
1044,20,2629.73,13.17,131.4865,0,0,2024-07-28,Standard,Organic,False,684,0,13.17
1045,15,2192.81,10.96,146.18733333333333,1,0,2023-07-20,Standard,Organic,True,1058,0,10.96
1046,15,2403.42,12.01,160.228,0,0,2025-08-11,Standard,Facebook Ads,False,305,60,12.01
1047,21,68430.99,342.16999999999996,3258.6185714285716,0,1,2023-07-10,Premium,Google Ads,False,1068,80,342.16999999999996
1048,17,2356.4,11.790000000000001,138.61176470588236,0,0,2023-11-07,Standard,Referral,False,948,20,11.790000000000001
1049,21,122996.78,615.01,5856.989523809524,0,7,2026-02-27,Business,Organic,False,105,0,615.01
1050,21,16855.9,84.28,802.6619047619048,2,0,2024-02-08,Premium,LinkedIn,False,855,120,84.28
1051,27,4096.87,20.48,151.73592592592593,1,0,2025-08-06,Standard,Referral,False,310,20,20.48
1052,15,13846.01,69.22,923.0673333333333,0,1,2025-11-23,Standard,Facebook Ads,False,201,60,69.22
1053,23,3927.84,19.62,170.77565217391304,0,0,2023-07-28,Standard,Organic,False,1050,0,19.62
1054,17,12428.9,62.14,731.1117647058824,1,0,2025-02-06,Premium,Facebook Ads,True,491,60,62.14
1055,20,6971.82,34.839999999999996,348.591,1,0,2024-12-18,Standard,Referral,False,541,20,34.839999999999996
1056,16,2463.57,12.309999999999999,153.973125,0,0,2024-07-31,Standard,Facebook Ads,False,681,60,12.309999999999999
1057,25,13217.380000000001,66.09,528.6952,1,1,2024-08-04,Standard,Organic,False,677,0,66.09
1058,21,48597.45,243.0,2314.1642857142856,1,1,2024-02-24,Premium,Referral,False,839,20,243.0
1059,19,9674.99,48.37,509.21,0,0,2024-06-22,Standard,LinkedIn,False,720,120,48.37
1060,18,3043.68,15.23,169.09333333333333,0,0,2025-04-30,Standard,Organic,False,408,0,15.23
1061,9,1690.28,8.45,187.80888888888887,1,0,2026-02-13,Standard,Referral,True,119,20,8.45
1062,20,3544.23,17.72,177.2115,0,0,2025-08-15,Standard,Google Ads,False,301,80,17.72
1063,15,2253.04,11.26,150.20266666666666,0,0,2026-03-07,Standard,Organic,False,97,0,11.26
1064,19,3225.39,16.16,169.75736842105263,1,0,2023-07-23,Standard,Referral,False,1055,20,16.16
1065,15,74075.83,370.37,4938.388666666667,0,1,2024-02-27,Premium,Google Ads,False,836,80,370.37
1066,23,3793.94,18.96,164.95391304347825,0,0,2025-02-23,Standard,Google Ads,False,474,80,18.96
1067,20,8474.289999999999,42.379999999999995,423.71449999999993,0,0,2024-12-23,Standard,LinkedIn,False,536,120,42.379999999999995
1068,18,2431.43,12.15,135.07944444444445,0,0,2025-09-17,Standard,LinkedIn,False,268,120,12.15
1069,22,3252.58,16.259999999999998,147.84454545454545,0,0,2025-02-01,Standard,Google Ads,True,496,80,16.259999999999998
1070,23,16050.119999999999,80.27,697.8313043478261,0,1,2023-07-10,Standard,Referral,True,1068,20,80.27
1071,20,4574.27,22.88,228.7135,0,0,2024-05-04,Standard,Referral,False,769,20,22.88
1072,22,108112.41,540.55,4914.200454545455,0,1,2024-08-15,Business,Google Ads,False,666,80,540.55
1073,21,3589.77,17.96,170.94142857142856,0,0,2026-04-07,Standard,LinkedIn,False,66,120,17.96
1074,25,4614.54,23.06,184.5816,0,0,2024-10-03,Standard,Google Ads,False,617,80,23.06
1075,23,3658.88,18.3,159.08173913043478,0,0,2024-01-23,Standard,Referral,False,871,20,18.3
1076,18,2763.2200000000003,13.809999999999999,153.51222222222225,0,0,2024-04-23,Standard,LinkedIn,False,780,120,13.809999999999999
1077,34,5914.58,29.580000000000002,173.95823529411766,0,0,2025-10-17,Standard,Organic,False,238,0,29.580000000000002
1078,22,17247.28,86.24,783.9672727272726,0,0,2025-04-20,Premium,Facebook Ads,False,418,60,86.24
1079,18,2808.31,14.03,156.01722222222222,1,0,2025-06-14,Standard,Google Ads,False,363,80,14.03
1080,15,2728.95,13.63,181.92999999999998,0,0,2026-06-01,Standard,Referral,False,11,20,13.63
1081,13,1922.3,9.6,147.86923076923077,1,0,2025-03-25,Standard,Facebook Ads,False,444,60,9.6
1082,24,3879.16,19.36,161.63166666666666,0,0,2024-12-27,Standard,Referral,False,532,20,19.36
1083,15,22161.91,110.79,1477.4606666666666,1,1,2025-02-23,Standard,Google Ads,False,474,80,110.79
1084,19,3588.83,17.97,188.8857894736842,0,0,2026-01-22,Standard,Google Ads,False,141,80,17.97
1085,30,26943.31,134.74,898.1103333333334,1,0,2025-01-13,Premium,Organic,False,515,0,134.74
1086,16,4431.0199999999995,22.14,276.93874999999997,0,0,2024-11-24,Standard,Referral,False,565,20,22.14
1087,25,111968.59,559.85,4478.7436,0,2,2023-10-07,Business,Google Ads,False,979,80,559.85
1088,24,17472.23,87.35,728.0095833333334,0,0,2023-11-12,Premium,LinkedIn,False,943,120,87.35
1089,11,1869.31,9.36,169.93727272727273,0,0,2024-03-21,Standard,Organic,False,813,0,9.36
1090,19,3119.07,15.58,164.16157894736844,0,0,2026-05-01,Standard,Google Ads,False,42,80,15.58
1091,19,3055.46,15.3,160.8136842105263,0,0,2023-12-16,Standard,Google Ads,False,909,80,15.3
1092,23,3273.64,16.36,142.33217391304348,0,0,2024-02-29,Standard,Google Ads,False,834,80,16.36
1093,15,2561.06,12.81,170.73733333333334,0,0,2025-10-11,Standard,LinkedIn,False,244,120,12.81
1094,21,15715.8,78.59,748.3714285714285,0,0,2024-05-16,Premium,Google Ads,True,757,80,78.59
1095,24,18111.82,90.58,754.6591666666667,0,0,2025-01-04,Premium,LinkedIn,True,524,120,90.58
1096,14,10056.58,50.28,718.3271428571428,0,0,2025-07-05,Premium,Referral,False,342,20,50.28
1097,21,17989.07,89.96,856.6223809523809,0,0,2024-06-19,Premium,Google Ads,False,723,80,89.96
1098,14,2273.54,11.35,162.3957142857143,0,0,2024-10-29,Standard,Organic,False,591,0,11.35
1099,20,71262.77,356.31,3563.1385,1,1,2025-07-27,Premium,Google Ads,False,320,80,356.31
1100,21,3297.64,16.47,157.03047619047618,1,0,2023-06-20,Standard,Referral,False,1088,20,16.47
1101,22,3546.1,17.72,161.18636363636364,0,0,2023-08-31,Standard,Referral,False,1016,20,17.72
1102,25,4055.52,20.3,162.2208,0,0,2023-10-14,Standard,Facebook Ads,True,972,60,20.3
1103,26,3189.54,15.94,122.67461538461538,1,0,2026-05-30,Standard,Facebook Ads,False,13,60,15.94
1104,16,2058.0099999999998,10.28,128.62562499999999,0,0,2023-07-12,Standard,Google Ads,False,1066,80,10.28
1105,12,7747.4400000000005,38.74,645.62,0,0,2025-08-02,Premium,Organic,True,314,0,38.74
1106,17,14442.35,72.2,849.5500000000001,0,0,2024-01-31,Premium,Referral,False,863,20,72.2
1107,24,3019.07,15.1,125.79458333333334,0,0,2025-12-14,Standard,LinkedIn,False,180,120,15.1
1108,24,3218.51,16.07,134.10458333333335,0,0,2025-06-02,Standard,Referral,False,375,20,16.07
1109,17,5826.32,29.13,342.7247058823529,0,0,2024-09-15,Standard,Facebook Ads,False,635,60,29.13
1110,18,2844.15,14.22,158.00833333333333,0,0,2025-10-07,Standard,Organic,False,248,0,14.22
1111,24,3939.45,19.72,164.14374999999998,2,0,2024-06-03,Standard,Referral,False,739,20,19.72
1112,21,15384.53,76.92,732.5966666666667,0,0,2024-09-03,Premium,Referral,False,647,20,76.92
1113,21,2857.46,14.28,136.06952380952382,0,0,2023-11-29,Standard,Google Ads,False,926,80,14.28
1114,19,2984.77,14.92,157.09315789473683,1,0,2024-10-10,Standard,Referral,True,610,20,14.92
1115,19,14650.41,73.23,771.0742105263158,0,0,2024-09-11,Premium,Google Ads,False,639,80,73.23
1116,20,2415.49,12.07,120.77449999999999,1,0,2023-07-08,Standard,Referral,True,1070,20,12.07
1117,19,2298.54,11.48,120.9757894736842,0,0,2024-10-01,Standard,Organic,False,619,0,11.48
1118,22,3564.02,17.83,162.0009090909091,0,0,2024-11-18,Standard,Organic,False,571,0,17.83
1119,27,4970.86,24.85,184.1059259259259,0,0,2025-08-10,Standard,LinkedIn,False,306,120,24.85
1120,28,4125.06,20.65,147.32357142857146,0,0,2026-04-09,Standard,Google Ads,False,64,80,20.65
1121,27,7630.61,38.16,282.61518518518517,1,0,2023-10-09,Standard,Referral,False,977,20,38.16
1122,23,115762.58,578.82,5033.155652173913,0,2,2026-02-06,Business,Organic,False,126,0,578.82
1123,15,2651.51,13.27,176.76733333333334,1,0,2023-09-27,Standard,Google Ads,False,989,80,13.27
1124,15,51714.659999999996,258.58,3447.644,0,1,2023-11-15,Premium,Google Ads,False,940,80,258.58
1125,20,17176.35,85.89,858.8174999999999,2,0,2025-06-16,Premium,Organic,False,361,0,85.89
1126,17,2216.84,11.08,130.40235294117647,0,0,2024-01-06,Standard,LinkedIn,False,888,120,11.08
1127,18,2790.18,13.95,155.01,0,0,2025-03-28,Standard,Facebook Ads,False,441,60,13.95
1128,20,3611.43,18.04,180.5715,3,0,2025-05-11,Standard,Facebook Ads,True,397,60,18.04
1129,20,2982.84,14.94,149.142,0,0,2024-12-09,Standard,Organic,False,550,0,14.94
1130,24,2708.41,13.55,112.85041666666666,0,0,2026-03-27,Standard,LinkedIn,False,77,120,13.55
1131,10,1376.41,6.890000000000001,137.64100000000002,0,0,2025-04-11,Standard,Referral,False,427,20,6.890000000000001
1132,17,2219.38,11.09,130.55176470588236,0,0,2025-04-29,Standard,Google Ads,False,409,80,11.09
1133,18,4142.95,20.71,230.1638888888889,0,0,2024-07-20,Standard,LinkedIn,True,692,120,20.71
1134,14,2220.13,11.1,158.5807142857143,0,0,2025-06-24,Standard,Referral,False,353,20,11.1
1135,17,2265.9,11.32,133.28823529411764,0,0,2025-02-09,Standard,Google Ads,False,488,80,11.32
1136,22,3970.5,19.86,180.47727272727272,0,0,2023-07-20,Standard,LinkedIn,False,1058,120,19.86
1137,14,2025.1,10.11,144.65,0,0,2023-11-08,Standard,LinkedIn,False,947,120,10.11
1138,26,3809.5299999999997,19.05,146.52038461538461,0,0,2025-01-15,Standard,Organic,False,513,0,19.05
1139,14,2295.9700000000003,11.47,163.99785714285716,1,0,2023-06-27,Standard,LinkedIn,False,1081,120,11.47
1140,20,3055.19,15.27,152.7595,0,0,2026-05-08,Standard,LinkedIn,False,35,120,15.27
1141,21,2969.85,14.83,141.42142857142858,3,0,2023-11-28,Standard,Google Ads,False,927,80,14.83
1142,21,15922.52,79.61,758.2152380952381,1,0,2024-12-01,Premium,Google Ads,False,558,80,79.61
1143,20,2856.93,14.290000000000001,142.8465,0,0,2026-01-07,Standard,Google Ads,False,156,80,14.290000000000001
1144,14,2319.39,11.6,165.67071428571427,0,0,2025-11-13,Standard,Google Ads,False,211,80,11.6
1145,23,3408.79,17.04,148.2082608695652,0,0,2024-04-30,Standard,LinkedIn,False,773,120,17.04
1146,17,2947.44,14.75,173.37882352941176,0,0,2023-11-24,Standard,Facebook Ads,False,931,60,14.75
1147,27,3705.85,18.55,137.2537037037037,2,0,2025-06-20,Standard,Google Ads,True,357,80,18.55
1148,16,387360.49,1936.7900000000002,24210.030625,0,4,2023-09-27,Business,Facebook Ads,True,989,60,1936.7900000000002
1149,25,19341.02,96.71,773.6408,0,0,2025-03-16,Premium,Facebook Ads,False,453,60,96.71
1150,19,102973.65,514.86,5419.665789473684,0,3,2026-01-31,Business,Organic,False,132,0,514.86
1151,15,2061.31,10.31,137.42066666666668,0,0,2023-06-24,Standard,Organic,False,1084,0,10.31
1152,20,19018.77,95.12,950.9385,0,0,2025-02-03,Premium,Organic,False,494,0,95.12
1153,19,2967.93,14.84,156.20684210526315,0,0,2024-04-08,Standard,Organic,False,795,0,14.84
1154,16,12387.11,61.93,774.194375,0,0,2026-05-11,Premium,Organic,False,32,0,61.93
1155,19,2898.85,14.52,152.57105263157894,1,0,2026-05-02,Standard,Referral,False,41,20,14.52
1156,29,19996.31,99.98,689.5279310344828,0,0,2024-08-29,Premium,Referral,False,652,20,99.98
1157,13,11827.25,59.14,909.7884615384615,0,0,2025-02-25,Premium,Facebook Ads,True,472,60,59.14
1158,25,4074.52,20.39,162.9808,0,0,2023-12-20,Standard,Organic,False,905,0,20.39
1159,24,11222.050000000001,56.11,467.58541666666673,1,0,2026-05-24,Standard,Google Ads,False,19,80,56.11
1160,22,3124.43,15.62,142.01954545454544,0,0,2024-06-20,Standard,Facebook Ads,False,722,60,15.62
1161,18,2725.3,13.64,151.40555555555557,0,0,2023-10-10,Standard,Organic,False,976,0,13.64
1162,27,21674.18,108.37,802.7474074074074,0,0,2025-04-25,Premium,Referral,False,413,20,108.37
1163,19,14925.28,74.62,785.541052631579,2,0,2024-02-11,Premium,Facebook Ads,False,852,60,74.62
1164,23,3950.12,19.77,171.74434782608697,1,0,2025-11-04,Standard,Referral,True,220,20,19.77
1165,15,2304.08,11.54,153.60533333333333,0,0,2024-07-21,Standard,Google Ads,False,691,80,11.54
1166,15,3630.4999999999995,18.16,242.0333333333333,2,0,2025-01-29,Standard,Organic,False,499,0,18.16
1167,14,2194.13,10.99,156.72357142857143,0,0,2026-03-07,Standard,Google Ads,False,97,80,10.99
1168,15,2510.29,12.55,167.35266666666666,0,0,2024-10-30,Standard,LinkedIn,False,590,120,12.55
1169,21,16813.91,84.07,800.662380952381,1,0,2026-05-02,Premium,Organic,True,41,0,84.07
1170,18,2468.86,12.31,137.1588888888889,1,0,2025-05-26,Standard,Facebook Ads,False,382,60,12.31
1171,11,9602.92,48.01,872.9927272727273,0,0,2026-02-12,Premium,Google Ads,False,120,80,48.01
1172,30,22321.09,111.61,744.0363333333333,1,0,2026-02-12,Premium,Organic,False,120,0,111.61
1173,25,19051.37,95.26,762.0548,0,0,2023-12-24,Premium,Organic,False,901,0,95.26
1174,18,14139.57,70.7,785.5316666666666,1,0,2026-04-13,Premium,Referral,False,60,20,70.7
1175,23,4289.67,21.47,186.50739130434783,0,0,2024-08-04,Standard,Organic,False,677,0,21.47
1176,24,3302.7200000000003,16.51,137.61333333333334,0,0,2024-08-25,Standard,Referral,False,656,20,16.51
1177,25,15408.630000000001,77.06,616.3452000000001,0,1,2023-07-05,Standard,Google Ads,False,1073,80,77.06
1178,19,2872.52,14.34,151.18526315789472,1,0,2025-12-08,Standard,Facebook Ads,True,186,60,14.34
1179,15,2404.98,12.040000000000001,160.332,0,0,2025-10-19,Standard,Referral,False,236,20,12.040000000000001
1180,18,3134.67,15.68,174.14833333333334,1,0,2023-09-07,Standard,Facebook Ads,False,1009,60,15.68
1181,21,3729.03,18.66,177.57285714285715,0,0,2026-05-23,Standard,Organic,True,20,0,18.66
1182,13,64201.45,321.0,4938.573076923077,0,1,2025-01-29,Business,Organic,False,499,0,321.0
1183,23,3485.77,17.43,151.55521739130435,0,0,2026-06-08,Standard,Facebook Ads,False,4,60,17.43
1184,29,4737.31,23.68,163.35551724137932,1,0,2024-08-10,Standard,Facebook Ads,False,671,60,23.68
1185,11,1853.31,9.26,168.48272727272726,0,0,2025-04-19,Standard,LinkedIn,False,419,120,9.26
1186,25,3404.84,17.02,136.1936,0,0,2024-09-22,Standard,Google Ads,False,628,80,17.02
1187,29,24542.53,122.7,846.2941379310345,0,0,2024-03-02,Premium,LinkedIn,False,832,120,122.7
1188,22,3365.32,16.83,152.9690909090909,0,0,2024-12-08,Standard,Referral,False,551,20,16.83
1189,23,19397.45,96.98,843.3673913043478,0,0,2025-01-21,Premium,LinkedIn,False,507,120,96.98
1190,22,3784.5499999999997,18.92,172.02499999999998,0,0,2023-11-02,Standard,Organic,False,953,0,18.92
1191,18,2230.08,11.16,123.89333333333333,0,0,2023-08-01,Standard,Google Ads,False,1046,80,11.16
1192,17,3147.6099999999997,15.73,185.15352941176468,0,0,2025-11-04,Standard,Organic,False,220,0,15.73
1193,21,3005.09,15.02,143.09952380952382,0,0,2024-07-16,Standard,Google Ads,False,696,80,15.02
1194,24,16217.81,81.1,675.7420833333333,0,0,2025-03-26,Premium,Google Ads,True,443,80,81.1
1195,9,1283.6,6.42,142.6222222222222,0,0,2025-09-28,Standard,Organic,False,257,0,6.42
1196,21,3423.83,17.1,163.0395238095238,0,0,2023-12-08,Standard,Facebook Ads,True,917,60,17.1
1197,22,24957.23,124.8,1134.4195454545454,1,1,2023-08-08,Premium,Google Ads,True,1039,80,124.8
1198,22,97015.05,485.09,4409.775000000001,1,0,2026-04-04,Business,Referral,True,69,20,485.09
1199,14,10129.76,50.65,723.5542857142857,0,0,2024-02-27,Premium,Organic,False,836,0,50.65
1200,23,3430.59,17.17,149.15608695652173,0,0,2024-04-30,Standard,Google Ads,False,773,80,17.17
1201,16,2230.27,11.16,139.391875,0,0,2025-06-10,Standard,Organic,False,367,0,11.16
1202,21,3448.82,17.240000000000002,164.2295238095238,0,0,2025-07-29,Standard,Referral,False,318,20,17.240000000000002
1203,16,2398.62,11.99,149.91375,0,0,2025-07-11,Standard,Organic,False,336,0,11.99
1204,22,4113.26,20.53,186.96636363636364,0,0,2026-02-07,Standard,Google Ads,False,125,80,20.53
1205,20,14805.14,74.03,740.257,1,0,2025-01-07,Premium,Referral,False,521,20,74.03
1206,17,2841.54,14.21,167.1494117647059,0,0,2025-01-23,Standard,Google Ads,False,505,80,14.21
1207,18,2906.06,14.53,161.4477777777778,1,0,2024-06-24,Standard,Google Ads,False,718,80,14.53
1208,18,2435.15,12.19,135.28611111111113,0,0,2025-06-08,Standard,Google Ads,False,369,80,12.19
1209,10,1383.44,6.92,138.344,0,0,2025-05-04,Standard,Referral,False,404,20,6.92
1210,24,18518.12,92.59,771.5883333333333,0,0,2025-06-02,Premium,Organic,False,375,0,92.59
1211,17,2963.14,14.79,174.30235294117645,0,0,2024-05-15,Standard,Referral,False,758,20,14.79
1212,22,3085.71,15.41,140.25954545454545,0,0,2026-03-08,Standard,Google Ads,False,96,80,15.41
1213,19,12551.14,62.76,660.5863157894737,0,0,2024-04-12,Premium,Google Ads,True,791,80,62.76
1214,15,2388.39,11.93,159.226,2,0,2024-11-17,Standard,Organic,False,572,0,11.93
1215,18,2509.21,12.56,139.40055555555557,2,0,2025-01-15,Standard,Organic,False,513,0,12.56
1216,20,3416.1,17.08,170.805,0,0,2024-11-02,Standard,Organic,False,587,0,17.08
1217,21,15077.51,75.41,717.9766666666667,0,0,2025-04-25,Premium,Organic,False,413,0,75.41
1218,29,3830.08,19.13,132.07172413793103,0,0,2025-01-30,Standard,Referral,False,498,20,19.13
1219,20,3919.46,19.59,195.973,1,0,2024-02-09,Standard,Organic,False,854,0,19.59
1220,16,12964.32,64.81,810.27,1,0,2025-07-22,Premium,Facebook Ads,False,325,60,64.81
1221,20,16423.62,82.13,821.1809999999999,0,0,2025-05-25,Premium,Facebook Ads,False,383,60,82.13
1222,20,3613.2,18.08,180.66,0,0,2025-11-22,Standard,Google Ads,False,202,80,18.08
1223,15,2533.36,12.66,168.89066666666668,1,0,2023-08-14,Standard,Organic,False,1033,0,12.66
1224,17,2391.5099999999998,11.96,140.6770588235294,0,0,2023-08-24,Standard,Organic,False,1023,0,11.96
1225,23,2882.61,14.42,125.3308695652174,0,0,2024-01-07,Standard,Organic,False,887,0,14.42
1226,24,18568.57,92.83,773.6904166666667,0,0,2025-07-24,Premium,Google Ads,False,323,80,92.83
1227,24,14778.7,73.91,615.7791666666667,0,1,2023-09-02,Standard,Facebook Ads,False,1014,60,73.91
1228,19,3962.94,19.82,208.5757894736842,0,0,2025-02-12,Standard,Facebook Ads,True,485,60,19.82
1229,24,20785.79,103.92,866.0745833333334,0,0,2023-08-11,Premium,Facebook Ads,False,1036,60,103.92
1230,21,16477.39,82.39,784.6376190476191,0,0,2024-06-14,Premium,Referral,False,728,20,82.39
1231,28,4516.11,22.59,161.28964285714284,2,0,2024-09-28,Standard,LinkedIn,False,622,120,22.59
1232,18,14458.369999999999,72.27,803.2427777777777,0,0,2026-02-23,Premium,Google Ads,False,109,80,72.27
1233,18,18493.68,92.49000000000001,1027.4266666666667,0,1,2025-05-24,Standard,Google Ads,False,384,80,92.49000000000001
1234,24,18666.08,93.35000000000001,777.7533333333334,1,0,2023-10-08,Premium,Facebook Ads,True,978,60,93.35000000000001
1235,14,2093.71,10.459999999999999,149.5507142857143,0,0,2026-02-05,Standard,Referral,False,127,20,10.459999999999999
1236,19,2892.92,14.48,152.25894736842105,0,0,2024-05-08,Standard,Organic,False,765,0,14.48
1237,26,3395.01,16.98,130.5773076923077,0,0,2024-03-27,Standard,Organic,False,807,0,16.98
1238,25,4305.81,21.53,172.2324,0,0,2026-04-23,Standard,Google Ads,False,50,80,21.53
1239,18,2553.7,12.77,141.8722222222222,0,0,2024-11-11,Standard,Facebook Ads,False,578,60,12.77
1240,19,13702.220000000001,68.54,721.1694736842106,0,0,2024-09-20,Premium,Referral,False,630,20,68.54
1241,25,20363.32,101.80999999999999,814.5328,0,1,2025-03-23,Standard,Referral,False,446,20,101.80999999999999
1242,19,3061.25,15.32,161.1184210526316,0,0,2024-06-19,Standard,Google Ads,False,723,80,15.32
1243,18,4899.88,24.5,272.21555555555557,0,0,2024-09-30,Standard,LinkedIn,False,620,120,24.5
1244,20,18278.63,91.41,913.9315,0,0,2024-09-03,Premium,Organic,False,647,0,91.41
1245,18,2387.67,11.93,132.64833333333334,0,0,2023-08-18,Standard,Referral,False,1029,20,11.93
1246,37,6422.15,32.13,173.5716216216216,0,0,2024-10-23,Standard,Organic,False,597,0,32.13
1247,17,3766.54,18.85,221.56117647058824,2,0,2023-09-02,Standard,Google Ads,False,1014,80,18.85
1248,14,16552.92,82.75999999999999,1182.3514285714284,1,1,2026-04-01,Standard,Google Ads,False,72,80,82.75999999999999
1249,13,9659.81,48.3,743.0623076923076,0,0,2023-12-09,Standard,Organic,False,916,0,48.3
1250,25,4065.16,20.35,162.6064,1,0,2026-04-28,Standard,Facebook Ads,True,45,60,20.35
1251,15,1848.83,9.24,123.25533333333333,0,0,2024-12-21,Standard,Google Ads,False,538,80,9.24
1252,19,3835.42,19.18,201.8642105263158,0,0,2024-02-25,Standard,Google Ads,True,838,80,19.18
1253,17,2464.2799999999997,12.3,144.9576470588235,2,0,2024-07-21,Standard,Google Ads,False,691,80,12.3
1254,20,3066.82,15.33,153.341,1,0,2026-01-11,Standard,Organic,False,152,0,15.33
1255,24,3904.2400000000002,19.5,162.67666666666668,0,0,2023-06-23,Standard,Referral,False,1085,20,19.5
1256,21,4553.33,22.76,216.8252380952381,0,0,2024-05-20,Standard,Facebook Ads,False,753,60,22.76
1257,24,23476.65,117.37,978.19375,1,1,2023-06-12,Standard,Facebook Ads,False,1096,60,117.37
1258,17,14836.59,74.21000000000001,872.7405882352941,0,0,2025-04-01,Premium,Referral,False,437,20,74.21000000000001
1259,22,3996.05,19.97,181.63863636363638,0,0,2025-06-22,Standard,Organic,False,355,0,19.97
1260,30,10111.91,50.59,337.0636666666667,0,0,2023-08-25,Standard,Google Ads,False,1022,80,50.59
1261,18,5976.58,29.869999999999997,332.03222222222223,0,0,2024-08-16,Standard,Organic,False,665,0,29.869999999999997
1262,21,3319.55,16.59,158.07380952380953,1,0,2023-06-19,Standard,Organic,False,1089,0,16.59
1263,22,3494.21,17.46,158.8277272727273,0,0,2024-04-26,Standard,Referral,False,777,20,17.46
1264,22,2926.7799999999997,14.620000000000001,133.03545454545454,1,0,2024-03-21,Standard,Google Ads,False,813,80,14.620000000000001
1265,20,3162.48,15.809999999999999,158.124,0,0,2024-05-10,Standard,Organic,False,763,0,15.809999999999999
1266,20,19919.54,99.61,995.9770000000001,0,1,2024-01-18,Standard,LinkedIn,False,876,120,99.61
1267,18,2908.41,14.53,161.57833333333332,0,0,2024-02-13,Standard,Google Ads,False,850,80,14.53
1268,15,1709.19,8.56,113.946,0,0,2024-12-06,Standard,Organic,True,553,0,8.56
1269,26,3814.05,19.1,146.69423076923078,0,0,2024-06-03,Standard,Google Ads,False,739,80,19.1
1270,23,4074.63,20.39,177.15782608695653,0,0,2025-05-12,Standard,Organic,False,396,0,20.39
1271,21,3409.02,17.04,162.33428571428573,0,0,2023-10-21,Standard,LinkedIn,True,965,120,17.04
1272,25,4620.05,23.1,184.80200000000002,0,0,2024-06-05,Standard,LinkedIn,False,737,120,23.1
1273,19,2688.66,13.42,141.50842105263158,0,0,2024-05-15,Standard,Referral,False,758,20,13.42
1274,27,18435.2,92.17999999999999,682.7851851851852,1,1,2025-01-06,Standard,Organic,False,522,0,92.17999999999999
1275,24,3660.9700000000003,18.3,152.5404166666667,0,0,2026-01-27,Standard,Referral,False,136,20,18.3
1276,31,4553.9,22.81,146.89999999999998,2,0,2024-07-10,Standard,Organic,False,702,0,22.81
1277,16,11428.91,57.14,714.306875,0,0,2026-05-04,Premium,Google Ads,True,39,80,57.14
1278,26,8770.939999999999,43.839999999999996,337.34384615384613,0,0,2025-08-25,Standard,Organic,True,291,0,43.839999999999996
1279,12,1766.44,8.83,147.20333333333335,0,0,2023-08-27,Standard,Referral,False,1020,20,8.83
1280,19,17234.39,86.16,907.0731578947368,0,0,2024-10-02,Premium,Facebook Ads,False,618,60,86.16
1281,12,2084.66,10.44,173.72166666666666,0,0,2025-05-28,Standard,Referral,False,380,20,10.44
1282,16,12244.98,61.23,765.31125,0,0,2025-01-26,Premium,Referral,False,502,20,61.23
1283,12,10755.38,53.78,896.2816666666666,0,0,2024-03-12,Premium,Referral,False,822,20,53.78
1284,26,15942.27,79.71000000000001,613.1642307692308,0,1,2024-12-11,Standard,Organic,False,548,0,79.71000000000001
1285,27,44051.01,220.26,1631.518888888889,0,1,2026-03-12,Premium,LinkedIn,False,92,120,220.26
1286,16,2521.06,12.62,157.56625,0,0,2026-03-20,Standard,Referral,False,84,20,12.62
1287,22,16762.96,83.82,761.9527272727272,1,0,2023-08-25,Standard,Google Ads,False,1022,80,83.82
1288,15,19392.899999999998,96.98,1292.86,1,1,2025-11-16,Standard,Organic,False,208,0,96.98
1289,20,3177.1,15.88,158.855,0,0,2024-06-06,Standard,LinkedIn,False,736,120,15.88
1290,25,3771.22,18.86,150.84879999999998,0,0,2025-04-10,Standard,Google Ads,False,428,80,18.86
1291,17,129360.25,646.81,7609.426470588235,1,1,2026-04-11,Premium,LinkedIn,False,62,120,646.81
1292,23,15583.93,77.92,677.5621739130435,0,1,2025-11-27,Standard,Google Ads,True,197,80,77.92
1293,23,15678.470000000001,78.37,681.6726086956522,2,1,2023-12-14,Standard,LinkedIn,False,911,120,78.37
1294,16,2674.88,13.379999999999999,167.18,0,0,2024-11-01,Standard,LinkedIn,False,588,120,13.379999999999999
1295,17,2999.91,15.0,176.46529411764706,1,0,2026-03-02,Standard,Google Ads,False,102,80,15.0
1296,17,41475.25,207.38,2439.720588235294,0,1,2024-05-14,Premium,Referral,False,759,20,207.38
1297,22,3632.5699999999997,18.19,165.11681818181816,0,0,2023-10-21,Standard,Organic,False,965,0,18.19
1298,22,3272.89,16.36,148.76772727272726,1,0,2025-07-08,Standard,Facebook Ads,False,339,60,16.36
1299,17,13469.289999999999,67.36,792.3111764705882,1,0,2023-12-18,Premium,Facebook Ads,False,907,60,67.36
1300,22,4115.68,20.57,187.07636363636365,0,0,2026-05-17,Standard,LinkedIn,False,26,120,20.57
1301,23,4085.67,20.43,177.63782608695652,0,0,2025-04-29,Standard,LinkedIn,False,409,120,20.43
1302,23,16029.42,80.16000000000001,696.9313043478261,0,1,2025-10-12,Standard,Google Ads,False,243,80,80.16000000000001
1303,26,3973.45,19.85,152.825,0,0,2025-12-11,Standard,Google Ads,False,183,80,19.85
1304,23,19716.010000000002,98.56,857.2178260869566,1,0,2026-02-01,Premium,Google Ads,True,131,80,98.56
1305,13,2438.46,12.19,187.57384615384615,1,0,2025-05-06,Standard,Organic,False,402,0,12.19
1306,16,2157.57,10.77,134.848125,0,0,2024-08-04,Standard,Facebook Ads,False,677,60,10.77
1307,23,57734.11000000001,288.68,2510.178695652174,0,1,2023-08-03,Premium,Facebook Ads,False,1044,60,288.68
1308,25,4333.96,21.67,173.3584,0,0,2026-05-03,Standard,Referral,False,40,20,21.67
1309,20,8822.03,44.1,441.10150000000004,0,0,2023-09-29,Standard,Facebook Ads,False,987,60,44.1
1310,19,5108.43,25.54,268.8647368421053,0,0,2024-09-11,Standard,Referral,False,639,20,25.54
1311,20,14749.0,73.75999999999999,737.45,0,0,2023-11-22,Premium,Referral,False,933,20,73.75999999999999
1312,23,3644.12,18.23,158.44,0,0,2026-03-18,Standard,Google Ads,False,86,80,18.23
1313,18,9800.810000000001,49.0,544.4894444444445,0,0,2023-12-30,Standard,Referral,False,895,20,49.0
1314,13,2153.8,10.77,165.6769230769231,0,0,2024-07-03,Standard,Referral,False,709,20,10.77
1315,20,13094.78,65.5,654.739,0,1,2025-09-17,Standard,Organic,False,268,0,65.5
1316,21,14731.59,73.66,701.5042857142857,1,1,2023-11-30,Standard,LinkedIn,False,925,120,73.66
1317,26,3550.47,17.75,136.55653846153845,2,0,2026-04-21,Standard,Google Ads,False,52,80,17.75
1318,12,1170.28,5.87,97.52333333333333,0,0,2024-04-18,Standard,Referral,False,785,20,5.87
1319,20,3559.27,17.8,177.9635,0,0,2024-12-30,Standard,LinkedIn,False,529,120,17.8
1320,16,2449.2799999999997,12.25,153.07999999999998,0,0,2025-03-14,Standard,LinkedIn,True,455,120,12.25
1321,23,4070.39,20.37,176.97347826086957,0,0,2024-11-02,Standard,Organic,False,587,0,20.37
1322,22,3092.13,15.46,140.55136363636365,1,0,2024-02-29,Standard,Google Ads,False,834,80,15.46
1323,21,12121.150000000001,60.620000000000005,577.1976190476191,1,0,2026-03-27,Standard,Referral,False,77,20,60.620000000000005
1324,19,16234.369999999999,81.14,854.4405263157894,0,0,2024-12-06,Premium,Google Ads,False,553,80,81.14
1325,21,3691.08,18.45,175.7657142857143,0,0,2024-10-28,Standard,LinkedIn,False,592,120,18.45
1326,21,2999.9900000000002,15.02,142.85666666666668,1,0,2023-09-22,Standard,Referral,False,994,20,15.02
1327,15,18985.739999999998,94.92,1265.716,0,0,2024-09-22,Standard,Google Ads,False,628,80,94.92
1328,17,13222.54,66.12,777.7964705882354,0,0,2025-07-29,Premium,Google Ads,False,318,80,66.12
1329,19,2290.16,11.44,120.53473684210526,0,0,2026-04-16,Standard,Referral,False,57,20,11.44
1330,18,2734.5099999999998,13.68,151.91722222222222,0,0,2024-07-04,Standard,Referral,False,708,20,13.68
1331,31,16896.89,84.5,545.0609677419354,1,1,2025-02-10,Standard,Organic,False,487,0,84.5
1332,21,16562.49,82.79,788.69,0,0,2025-08-12,Premium,LinkedIn,False,304,120,82.79
1333,23,3715.12,18.58,161.52695652173912,0,0,2024-04-04,Standard,Google Ads,False,799,80,18.58
1334,27,22429.09,112.13,830.707037037037,0,0,2025-06-02,Premium,Google Ads,False,375,80,112.13
1335,22,18142.44,90.71,824.6563636363636,1,0,2024-10-05,Premium,Referral,False,615,20,90.71
1336,20,3234.52,16.16,161.726,0,0,2026-05-04,Standard,Organic,False,39,0,16.16
1337,26,59551.76,297.75,2290.452307692308,0,1,2025-12-06,Premium,Google Ads,True,188,80,297.75
1338,22,2685.08,13.44,122.0490909090909,1,0,2024-08-14,Standard,Google Ads,False,667,80,13.44
1339,20,3863.34,19.32,193.167,0,0,2026-03-02,Standard,LinkedIn,False,102,120,19.32
1340,22,19515.72,97.57,887.0781818181819,0,0,2025-05-03,Premium,LinkedIn,False,405,120,97.57
1341,23,12424.070000000002,62.12,540.1769565217392,1,1,2024-06-19,Standard,Referral,False,723,20,62.12
1342,20,3514.67,17.57,175.7335,0,0,2025-11-14,Standard,Organic,False,210,0,17.57
1343,18,2591.22,12.95,143.95666666666665,1,0,2025-05-01,Standard,Google Ads,True,407,80,12.95
1344,17,2508.56,12.52,147.56235294117647,0,0,2025-04-02,Standard,Facebook Ads,False,436,60,12.52
1345,17,2217.05,11.08,130.41470588235296,1,0,2024-12-26,Standard,Google Ads,False,533,80,11.08
1346,17,12452.61,62.269999999999996,732.5064705882353,0,0,2024-12-23,Premium,LinkedIn,False,536,120,62.269999999999996
1347,20,2978.42,14.91,148.921,0,0,2023-06-22,Standard,Facebook Ads,False,1086,60,14.91
1348,19,16161.53,80.8,850.6068421052632,0,0,2025-03-18,Premium,LinkedIn,False,451,120,80.8
1349,31,5607.7,28.01,180.89354838709676,0,0,2025-11-09,Standard,Referral,False,215,20,28.01
1350,19,9024.08,45.11,474.95157894736843,0,0,2024-06-08,Standard,Referral,True,734,20,45.11
1351,16,4258.56,21.28,266.16,0,0,2025-02-16,Standard,Organic,False,481,0,21.28
1352,18,2128.39,10.67,118.24388888888888,0,0,2026-04-03,Standard,Organic,False,70,0,10.67
1353,11,2062.09,10.3,187.46272727272728,0,0,2024-11-08,Standard,Organic,False,581,0,10.3
1354,18,17661.54,88.32,981.1966666666667,2,1,2025-01-11,Standard,Organic,False,517,0,88.32
1355,32,9384.75,46.92,293.2734375,0,0,2024-05-27,Standard,LinkedIn,False,746,120,46.92
1356,22,4008.28,20.05,182.19454545454548,0,0,2024-03-12,Standard,Organic,True,822,0,20.05
1357,15,2736.24,13.68,182.416,0,0,2024-03-08,Standard,Organic,True,826,0,13.68
1358,23,3303.91,16.509999999999998,143.6482608695652,0,0,2025-06-15,Standard,Organic,False,362,0,16.509999999999998
1359,15,2232.29,11.15,148.81933333333333,0,0,2025-04-09,Standard,Google Ads,False,429,80,11.15
1360,26,19822.42,99.13,762.4007692307691,0,0,2025-05-01,Premium,Facebook Ads,False,407,60,99.13
1361,20,2728.07,13.61,136.4035,1,0,2025-02-10,Standard,Organic,False,487,0,13.61
1362,21,3213.09,16.05,153.00428571428571,0,0,2025-06-01,Standard,LinkedIn,True,376,120,16.05
1363,13,6607.110000000001,33.03,508.2392307692308,0,0,2025-07-12,Standard,Organic,False,335,0,33.03
1364,12,1908.73,9.55,159.06083333333333,0,0,2026-03-24,Standard,Referral,False,80,20,9.55
1365,16,2833.13,14.17,177.070625,1,0,2024-10-22,Standard,Organic,False,598,0,14.17
1366,18,13897.1,69.5,772.0611111111111,0,0,2025-08-01,Premium,Organic,False,315,0,69.5
1367,19,12785.43,63.92,672.9173684210526,1,0,2024-11-24,Premium,Referral,False,565,20,63.92
1368,29,4705.7,23.53,162.2655172413793,0,0,2024-01-30,Standard,Organic,False,864,0,23.53
1369,21,3375.14,16.88,160.72095238095238,1,0,2023-12-13,Standard,Referral,False,912,20,16.88
1370,17,20297.850000000002,101.49000000000001,1193.9911764705885,0,1,2023-07-12,Standard,LinkedIn,True,1066,120,101.49000000000001
1371,12,2186.95,10.93,182.2458333333333,1,0,2023-12-14,Standard,LinkedIn,False,911,120,10.93
1372,21,3682.63,18.39,175.36333333333334,0,0,2025-05-02,Standard,Google Ads,False,406,80,18.39
1373,17,14133.94,70.7,831.4082352941177,1,0,2026-04-17,Premium,Google Ads,False,56,80,70.7
1374,16,156486.85,782.4200000000001,9780.428125,0,3,2024-10-29,Business,Facebook Ads,True,591,60,782.4200000000001
1375,26,4681.58,23.41,180.06076923076924,0,0,2025-05-21,Standard,Organic,False,387,0,23.41
1376,16,1994.4,9.96,124.65,0,0,2023-07-13,Standard,LinkedIn,False,1065,120,9.96
1377,20,2815.27,14.06,140.7635,0,0,2025-10-14,Standard,Google Ads,True,241,80,14.06
1378,17,2480.0499999999997,12.4,145.88529411764705,0,0,2025-06-03,Standard,Referral,True,374,20,12.4
1379,30,9745.81,48.74,324.8603333333333,1,0,2026-01-23,Standard,Facebook Ads,False,140,60,48.74
1380,20,16522.4,82.62,826.1200000000001,0,0,2024-10-22,Premium,Google Ads,False,598,80,82.62
1381,22,16950.3,84.76,770.4681818181817,0,1,2024-07-14,Standard,Organic,False,698,0,84.76
1382,23,3095.81,15.5,134.6004347826087,0,0,2024-07-19,Standard,Organic,False,693,0,15.5
1383,23,132394.59,661.98,5756.28652173913,0,3,2025-02-13,Business,Organic,False,484,0,661.98
1384,21,3361.03,16.81,160.04904761904763,0,0,2025-02-06,Standard,Organic,False,491,0,16.81
1385,24,19482.45,97.43,811.7687500000001,1,0,2024-06-05,Premium,Google Ads,False,737,80,97.43
1386,18,2854.49,14.26,158.58277777777778,0,0,2026-04-22,Standard,Google Ads,True,51,80,14.26
1387,21,16098.65,80.51,766.6023809523809,1,0,2024-06-03,Premium,Facebook Ads,False,739,60,80.51
1388,18,2162.46,10.81,120.13666666666667,1,0,2023-06-26,Standard,Organic,False,1082,0,10.81
1389,19,15886.19,79.42,836.1152631578948,0,0,2023-12-25,Premium,Google Ads,False,900,80,79.42
1390,27,3664.86,18.3,135.73555555555555,0,0,2025-06-12,Standard,Referral,False,365,20,18.3
1391,15,2311.83,11.57,154.12199999999999,0,0,2024-05-21,Standard,Google Ads,False,752,80,11.57
1392,23,3470.44,17.35,150.8886956521739,0,0,2024-12-20,Standard,Google Ads,False,539,80,17.35
1393,22,12612.6,63.09,573.3000000000001,0,1,2023-08-04,Standard,Organic,False,1043,0,63.09
1394,22,14451.720000000001,72.25,656.8963636363637,0,1,2024-09-14,Standard,Facebook Ads,False,636,60,72.25
1395,21,17518.14,87.6,834.1971428571428,0,0,2025-11-18,Premium,Referral,True,206,20,87.6
1396,20,2893.06,14.48,144.653,0,0,2024-02-27,Standard,Google Ads,False,836,80,14.48
1397,32,11478.68,57.36000000000001,358.70875,1,0,2024-12-28,Standard,Google Ads,False,531,80,57.36000000000001
1398,19,2682.66,13.44,141.19263157894736,0,0,2024-01-17,Standard,Organic,True,877,0,13.44
1399,15,62786.369999999995,313.93,4185.758,0,1,2026-05-28,Business,Referral,True,15,20,313.93
1400,16,1836.2,9.16,114.7625,0,0,2024-08-20,Standard,Organic,False,661,0,9.16
1401,20,5252.35,26.26,262.6175,0,0,2026-03-07,Standard,Organic,False,97,0,26.26
1402,13,2131.36,10.66,163.95076923076925,0,0,2025-10-06,Standard,Organic,False,249,0,10.66
1403,23,2764.1,13.85,120.17826086956521,0,0,2024-04-12,Standard,Organic,False,791,0,13.85
1404,14,11035.33,55.17,788.2378571428571,1,0,2023-12-06,Premium,Organic,False,919,0,55.17
1405,22,3698.27,18.49,168.1031818181818,1,0,2024-07-23,Standard,Referral,True,689,20,18.49
1406,29,4919.85,24.6,169.65,0,0,2025-11-06,Standard,Organic,False,218,0,24.6
1407,14,7675.95,38.38,548.2821428571428,0,0,2025-02-28,Standard,Referral,False,469,20,38.38
1408,14,2208.28,11.04,157.73428571428573,1,0,2024-03-16,Standard,Google Ads,True,818,80,11.04
1409,20,3864.77,19.33,193.2385,0,0,2023-08-13,Standard,Organic,False,1034,0,19.33
1410,26,2683.11,13.41,103.19653846153847,0,0,2026-03-04,Standard,Facebook Ads,False,100,60,13.41
1411,22,49380.11,246.9,2244.5504545454546,1,1,2023-08-25,Premium,Organic,False,1022,0,246.9
1412,18,3243.41,16.21,180.18944444444443,0,0,2025-06-02,Standard,Google Ads,False,375,80,16.21
1413,9,1385.8,6.92,153.97777777777776,0,0,2023-09-19,Standard,Organic,False,997,0,6.92
1414,17,2922.93,14.61,171.9370588235294,0,0,2024-10-20,Standard,Organic,False,600,0,14.61
1415,26,4596.91,22.95,176.80423076923077,0,0,2023-10-18,Standard,Google Ads,False,968,80,22.95
1416,21,3299.55,16.490000000000002,157.12142857142857,1,0,2024-01-22,Standard,Google Ads,False,872,80,16.490000000000002
1417,24,3869.51,19.34,161.22958333333335,0,0,2025-08-10,Standard,Google Ads,False,306,80,19.34
1418,27,4578.02,22.88,169.55629629629632,0,0,2023-08-01,Standard,Google Ads,False,1046,80,22.88
1419,21,119685.91,598.4300000000001,5699.329047619048,0,5,2023-11-11,Business,Facebook Ads,False,944,60,598.4300000000001
1420,17,2812.37,14.059999999999999,165.4335294117647,0,0,2024-01-12,Standard,Referral,True,882,20,14.059999999999999
1421,13,1864.09,9.34,143.39153846153846,0,0,2024-07-31,Standard,Organic,False,681,0,9.34
1422,14,2108.88,10.530000000000001,150.6342857142857,1,0,2026-02-06,Standard,Organic,False,126,0,10.530000000000001
1423,21,15329.37,76.64,729.97,0,0,2025-11-02,Premium,LinkedIn,False,222,120,76.64
1424,23,3529.7,17.65,153.46521739130435,1,0,2025-12-28,Standard,Referral,False,166,20,17.65
1425,19,153998.66,770.0,8105.192631578948,0,2,2024-04-03,Business,LinkedIn,False,800,120,770.0
1426,18,9392.19,46.96,521.7883333333334,0,0,2025-12-12,Standard,LinkedIn,False,182,120,46.96
1427,17,12780.62,63.88,751.8011764705883,1,0,2024-01-20,Premium,Organic,True,874,0,63.88
1428,18,2040.73,10.21,113.37388888888889,0,0,2025-04-21,Standard,Facebook Ads,False,417,60,10.21
1429,15,2649.52,13.25,176.63466666666667,0,0,2024-06-14,Standard,Google Ads,False,728,80,13.25
1430,18,14539.58,72.68,807.7544444444444,0,0,2024-06-07,Premium,Organic,False,735,0,72.68
1431,24,3966.57,19.83,165.27375,0,0,2025-02-11,Standard,Facebook Ads,False,486,60,19.83
1432,18,4401.62,22.02,244.53444444444443,0,0,2024-11-01,Standard,Google Ads,False,588,80,22.02
1433,20,3084.38,15.41,154.219,0,0,2025-11-11,Standard,Google Ads,False,213,80,15.41
1434,21,3713.31,18.57,176.8242857142857,0,0,2024-03-06,Standard,Organic,False,828,0,18.57
1435,20,13178.49,65.91,658.9245,0,0,2023-11-25,Premium,Google Ads,True,930,80,65.91
1436,20,3469.99,17.36,173.49949999999998,0,0,2024-07-03,Standard,Google Ads,False,709,80,17.36
1437,12,15165.119999999999,75.82000000000001,1263.76,1,1,2024-12-27,Standard,Google Ads,False,532,80,75.82000000000001
1438,24,8420.61,42.089999999999996,350.85875000000004,0,0,2023-10-23,Standard,Google Ads,False,963,80,42.089999999999996
1439,9,1606.2400000000002,8.03,178.47111111111113,0,0,2024-05-03,Standard,LinkedIn,False,770,120,8.03
1440,18,17850.79,89.25,991.7105555555556,0,0,2024-06-30,Standard,LinkedIn,False,712,120,89.25
1441,10,16044.41,80.23,1604.441,0,1,2023-10-20,Standard,Organic,False,966,0,80.23
1442,16,67599.06999999999,338.0,4224.9418749999995,0,1,2025-03-11,Premium,Referral,False,458,20,338.0
1443,18,14251.15,71.27,791.7305555555555,0,0,2025-12-30,Premium,LinkedIn,False,164,120,71.27
1444,21,17806.16,89.03,847.912380952381,2,0,2026-01-11,Premium,Google Ads,False,152,80,89.03
1445,15,2248.27,11.27,149.88466666666667,0,0,2024-06-27,Standard,Facebook Ads,False,715,60,11.27
1446,14,2245.81,11.22,160.415,0,0,2024-09-23,Standard,LinkedIn,False,627,120,11.22
1447,24,4491.87,22.47,187.16125,1,0,2024-11-25,Standard,Organic,True,564,0,22.47
1448,18,14715.5,73.58,817.5277777777778,0,0,2025-10-21,Premium,Google Ads,False,234,80,73.58
1449,25,3873.88,19.37,154.9552,0,0,2023-07-18,Standard,Google Ads,False,1060,80,19.37
1450,15,14145.970000000001,70.73,943.0646666666668,0,0,2023-11-20,Premium,Organic,False,935,0,70.73
1451,28,4574.77,22.9,163.38464285714286,1,0,2026-02-07,Standard,Referral,False,125,20,22.9
1452,17,88126.8,440.65,5183.929411764706,0,2,2025-08-22,Business,Organic,False,294,0,440.65
1453,23,3909.52,19.56,169.9791304347826,1,0,2023-09-23,Standard,Referral,True,993,20,19.56
1454,19,15103.45,75.52,794.9184210526316,2,0,2023-09-19,Premium,Organic,False,997,0,75.52
1455,14,2036.72,10.18,145.48,0,0,2023-06-28,Standard,LinkedIn,False,1080,120,10.18
1456,22,17835.12,89.16,810.6872727272727,0,0,2024-02-20,Premium,Google Ads,False,843,80,89.16
1457,15,2388.71,11.92,159.24733333333333,0,0,2024-02-07,Standard,Organic,False,856,0,11.92
1458,24,15733.309999999998,78.66,655.5545833333332,0,1,2025-01-18,Standard,Organic,False,510,0,78.66
1459,18,2585.6,12.91,143.64444444444445,0,0,2023-09-16,Standard,Referral,False,1000,20,12.91
1460,22,3161.58,15.780000000000001,143.70818181818183,1,0,2025-01-18,Standard,LinkedIn,False,510,120,15.780000000000001
1461,21,3096.1800000000003,15.47,147.43714285714287,0,0,2024-11-29,Standard,Google Ads,False,560,80,15.47
1462,26,3323.87,16.62,127.84115384615384,0,0,2025-10-26,Standard,Referral,False,229,20,16.62
1463,19,80877.98,404.41,4256.735789473684,1,1,2025-06-28,Premium,Google Ads,False,349,80,404.41
1464,28,4676.46,23.38,167.01642857142858,1,0,2024-07-07,Standard,Facebook Ads,False,705,60,23.38
1465,16,11662.3,58.3,728.89375,1,0,2024-07-28,Premium,Referral,False,684,20,58.3
1466,23,3631.25,18.15,157.8804347826087,0,0,2023-11-03,Standard,Organic,False,952,0,18.15
1467,25,12419.41,62.1,496.77639999999997,1,0,2023-07-15,Standard,Google Ads,False,1063,80,62.1
1468,22,12565.29,62.83,571.1495454545455,0,1,2023-09-10,Standard,LinkedIn,False,1006,120,62.83
1469,15,2798.72,14.0,186.58133333333333,0,0,2024-02-09,Standard,Organic,False,854,0,14.0
1470,23,3315.84,16.56,144.16695652173914,0,0,2024-11-06,Standard,Organic,False,583,0,16.56
1471,17,3022.81,15.1,177.81235294117647,0,0,2024-01-14,Standard,LinkedIn,False,880,120,15.1
1472,20,12111.23,60.59,605.5615,1,0,2023-07-11,Premium,Organic,False,1067,0,60.59
1473,17,2025.54,10.13,119.14941176470587,0,0,2025-09-13,Standard,Organic,True,272,0,10.13
1474,21,16239.140000000001,81.18,773.292380952381,0,0,2024-04-15,Premium,Referral,False,788,20,81.18
1475,21,2990.59,14.940000000000001,142.4090476190476,0,0,2026-01-06,Standard,Facebook Ads,False,157,60,14.940000000000001
1476,20,3153.67,15.780000000000001,157.6835,0,0,2025-03-14,Standard,Google Ads,False,455,80,15.780000000000001
1477,27,4072.7400000000002,20.39,150.84222222222223,0,0,2026-02-03,Standard,Organic,False,129,0,20.39
1478,21,15134.35,75.69,720.6833333333334,0,0,2026-01-23,Premium,Google Ads,True,140,80,75.69
1479,18,13519.85,67.6,751.1027777777778,0,0,2024-02-12,Premium,Google Ads,False,851,80,67.6
1480,23,3504.22,17.51,152.35739130434783,0,0,2023-08-02,Standard,Google Ads,False,1045,80,17.51
1481,20,2666.97,13.34,133.3485,1,0,2025-09-26,Standard,Facebook Ads,False,259,60,13.34
1482,27,13539.480000000001,67.68,501.4622222222223,0,1,2026-02-02,Standard,LinkedIn,False,130,120,67.68
1483,19,77701.9,388.5,4089.573684210526,0,1,2023-12-27,Business,Organic,True,898,0,388.5
1484,16,2565.36,12.83,160.335,0,0,2024-12-27,Standard,Google Ads,False,532,80,12.83
1485,22,3732.03,18.65,169.6377272727273,1,0,2025-03-12,Standard,Referral,False,457,20,18.65
1486,27,7876.84,39.370000000000005,291.7348148148148,0,0,2026-01-15,Standard,Facebook Ads,False,148,60,39.370000000000005
1487,19,17799.79,89.00999999999999,936.831052631579,0,1,2024-11-25,Standard,Referral,False,564,20,89.00999999999999
1488,22,3038.33,15.19,138.10590909090908,0,0,2023-12-04,Standard,Referral,False,921,20,15.19
1489,20,80261.18,401.33,4013.0589999999997,0,1,2023-12-28,Business,LinkedIn,False,897,120,401.33
1490,13,1795.72,8.98,138.1323076923077,0,0,2026-01-06,Standard,Facebook Ads,True,157,60,8.98
1491,18,12839.74,64.18,713.3188888888889,0,0,2025-11-12,Premium,Google Ads,False,212,80,64.18
1492,29,57623.149999999994,288.12,1987.005172413793,0,1,2024-05-02,Premium,Organic,False,771,0,288.12
1493,21,15699.8,78.49,747.6095238095238,0,0,2025-04-06,Premium,LinkedIn,False,432,120,78.49
1494,19,14106.69,70.53,742.4573684210527,0,0,2025-12-07,Premium,Google Ads,False,187,80,70.53
1495,23,3319.85,16.6,144.34130434782608,0,0,2024-05-17,Standard,Organic,False,756,0,16.6
1496,28,3845.06,19.240000000000002,137.32357142857143,1,0,2024-08-20,Standard,Referral,False,661,20,19.240000000000002
1497,18,14396.34,71.99,799.7966666666666,0,0,2023-10-19,Premium,Organic,False,967,0,71.99
1498,18,92053.15,460.26,5114.063888888889,0,1,2025-09-15,Business,Google Ads,False,270,80,460.26
1499,16,12948.77,64.73,809.298125,1,0,2025-06-16,Premium,Organic,False,361,0,64.73
1500,16,2551.5,12.75,159.46875,0,0,2026-06-06,Standard,Referral,False,6,20,12.75
1501,15,7415.41,37.07,494.36066666666665,0,0,2026-02-25,Standard,Organic,False,107,0,37.07
1502,16,32303.899999999998,161.51,2018.9937499999999,0,1,2025-11-19,Premium,LinkedIn,False,205,120,161.51
1503,21,2954.38,14.790000000000001,140.6847619047619,0,0,2023-10-20,Standard,Referral,False,966,20,14.790000000000001
1504,27,84189.61,420.96,3118.1337037037038,0,1,2025-02-04,Premium,Referral,False,493,20,420.96
1505,20,102710.02,513.55,5135.501,0,3,2026-01-17,Business,Referral,False,146,20,513.55
1506,24,18570.5,92.83,773.7708333333334,1,0,2026-05-20,Premium,Organic,True,23,0,92.83
1507,21,3488.79,17.45,166.13285714285715,0,0,2024-04-21,Standard,Facebook Ads,False,782,60,17.45
1508,15,20131.46,100.65,1342.0973333333334,0,0,2025-08-10,Premium,Organic,True,306,0,100.65
1509,19,2580.49,12.93,135.81526315789472,0,0,2023-10-11,Standard,Google Ads,False,975,80,12.93
1510,24,18914.899999999998,94.56,788.1208333333333,0,1,2024-04-19,Standard,Referral,False,784,20,94.56
1511,23,3932.57,19.66,170.9813043478261,1,0,2025-05-02,Standard,Google Ads,True,406,80,19.66
1512,16,2154.07,10.77,134.629375,0,0,2024-05-28,Standard,LinkedIn,False,745,120,10.77
1513,20,3474.45,17.35,173.7225,1,0,2023-08-19,Standard,Organic,False,1028,0,17.35
1514,19,2397.78,11.99,126.19894736842106,0,0,2025-01-04,Standard,LinkedIn,False,524,120,11.99
1515,24,22311.83,111.57000000000001,929.6595833333334,1,0,2023-09-23,Premium,Referral,False,993,20,111.57000000000001
1516,20,2791.6,13.98,139.57999999999998,0,0,2026-05-15,Standard,Referral,True,28,20,13.98
1517,21,3603.31,18.02,171.58619047619047,1,0,2025-01-31,Standard,Referral,False,497,20,18.02
1518,20,17401.63,87.01,870.0815,0,0,2024-04-23,Premium,Google Ads,False,780,80,87.01
1519,23,18384.61,91.92,799.3308695652174,1,0,2024-11-12,Premium,Referral,False,577,20,91.92
1520,19,2980.51,14.93,156.86894736842106,0,0,2023-12-07,Standard,Organic,False,918,0,14.93
1521,23,3864.92,19.33,168.04,0,0,2026-03-31,Standard,Organic,False,73,0,19.33
1522,18,2816.2200000000003,14.09,156.45666666666668,0,0,2025-08-21,Standard,Referral,False,295,20,14.09
1523,11,1518.25,7.6,138.02272727272728,0,0,2024-09-02,Standard,Google Ads,True,648,80,7.6
1524,20,97818.68,489.1,4890.933999999999,1,1,2024-05-03,Business,Organic,False,770,0,489.1
1525,19,3419.58,17.12,179.9778947368421,0,0,2026-04-20,Standard,Facebook Ads,False,53,60,17.12
1526,21,16277.75,81.4,775.1309523809524,0,1,2024-04-18,Standard,LinkedIn,False,785,120,81.4
1527,19,3174.43,15.86,167.07526315789474,1,0,2026-04-15,Standard,LinkedIn,False,58,120,15.86
1528,25,12311.53,61.58,492.4612,0,0,2023-10-14,Standard,Google Ads,False,972,80,61.58
1529,17,2122.09,10.6,124.82882352941178,1,0,2023-06-27,Standard,Google Ads,False,1081,80,10.6
1530,15,2780.63,13.92,185.37533333333334,1,0,2023-08-16,Standard,Referral,True,1031,20,13.92
1531,17,14440.61,72.19,849.4476470588236,0,0,2025-09-09,Premium,Facebook Ads,False,276,60,72.19
1532,16,3563.87,17.82,222.741875,0,0,2024-03-30,Standard,LinkedIn,True,804,120,17.82
1533,22,2889.77,14.45,131.3531818181818,0,0,2025-02-12,Standard,LinkedIn,False,485,120,14.45
1534,23,18650.49,93.25,810.8908695652175,0,0,2025-03-16,Premium,Referral,False,453,20,93.25
1535,27,17185.67,85.91,636.5062962962962,1,0,2023-10-05,Premium,Facebook Ads,False,981,60,85.91
1536,18,3465.8199999999997,17.33,192.54555555555555,0,0,2023-10-14,Standard,Facebook Ads,False,972,60,17.33
1537,18,2932.1800000000003,14.65,162.8988888888889,1,0,2025-11-15,Standard,Google Ads,False,209,80,14.65
1538,25,3565.4300000000003,17.85,142.61720000000003,1,0,2025-06-26,Standard,Referral,False,351,20,17.85
1539,15,1626.09,8.12,108.40599999999999,0,0,2025-08-08,Standard,Google Ads,False,308,80,8.12
1540,26,4216.42,21.09,162.17000000000002,1,0,2025-12-29,Standard,Referral,True,165,20,21.09
1541,18,110970.45999999999,554.85,6165.025555555555,0,2,2023-07-16,Premium,Organic,True,1062,0,554.85
1542,20,17475.39,87.38,873.7695,0,0,2024-05-24,Premium,Referral,False,749,20,87.38
1543,22,3533.74,17.65,160.62454545454545,0,0,2024-05-16,Standard,Referral,False,757,20,17.65
1544,21,3586.37,17.91,170.7795238095238,0,0,2025-07-21,Standard,Facebook Ads,False,326,60,17.91
1545,26,4316.04,21.57,166.00153846153847,0,0,2026-06-11,Standard,Google Ads,True,1,80,21.57
1546,16,10331.57,51.65,645.723125,0,0,2023-11-16,Premium,Organic,False,939,0,51.65
1547,12,1558.0900000000001,7.779999999999999,129.84083333333334,0,0,2024-06-06,Standard,Organic,True,736,0,7.779999999999999
1548,19,13812.53,69.08,726.9752631578948,1,0,2025-07-06,Premium,LinkedIn,False,341,120,69.08
1549,16,2158.05,10.78,134.878125,0,0,2024-09-12,Standard,Organic,False,638,0,10.78
1550,28,4593.81,22.96,164.06464285714287,0,0,2025-12-29,Standard,Organic,True,165,0,22.96
1551,23,3890.82,19.48,169.16608695652175,0,0,2023-07-22,Standard,Google Ads,False,1056,80,19.48
1552,23,17656.56,88.27,767.6765217391305,0,0,2025-03-17,Premium,Referral,False,452,20,88.27
1553,20,2553.86,12.78,127.69300000000001,0,0,2023-12-20,Standard,Organic,True,905,0,12.78
1554,26,119685.86,598.43,4603.302307692307,1,3,2024-06-15,Business,Organic,True,727,0,598.43
1555,25,3942.48,19.689999999999998,157.6992,0,0,2025-10-13,Standard,Google Ads,False,242,80,19.689999999999998
1556,15,1978.99,9.879999999999999,131.93266666666668,0,0,2025-08-17,Standard,Referral,True,299,20,9.879999999999999
1557,21,21657.96,108.3,1031.3314285714284,1,1,2025-03-17,Standard,Google Ads,False,452,80,108.3
1558,22,3214.9300000000003,16.05,146.13318181818184,0,0,2025-06-18,Standard,Organic,False,359,0,16.05
1559,14,10925.09,54.64,780.3635714285714,0,0,2025-08-11,Premium,Referral,False,305,20,54.64
1560,22,2485.53,12.43,112.97863636363637,1,0,2026-04-23,Standard,LinkedIn,False,50,120,12.43
1561,23,19054.24,95.27,828.4452173913044,0,0,2024-08-22,Premium,Organic,False,659,0,95.27
1562,18,12198.46,60.98,677.6922222222222,1,0,2024-03-16,Premium,Facebook Ads,False,818,60,60.98
1563,24,3987.12,19.94,166.13,1,0,2023-07-18,Standard,Facebook Ads,False,1060,60,19.94
1564,14,1909.95,9.56,136.425,0,0,2024-10-27,Standard,Google Ads,False,593,80,9.56
1565,19,3047.07,15.24,160.3721052631579,0,0,2025-12-28,Standard,Google Ads,False,166,80,15.24
1566,15,2329.46,11.66,155.29733333333334,1,0,2025-12-14,Standard,Organic,False,180,0,11.66
1567,27,123949.38,619.73,4590.717777777778,0,1,2024-01-04,Premium,Google Ads,False,890,80,619.73
1568,16,2280.07,11.4,142.504375,0,0,2024-08-16,Standard,Referral,False,665,20,11.4
1569,19,17062.829999999998,85.29,898.0436842105262,0,0,2024-02-26,Standard,Google Ads,False,837,80,85.29
1570,14,1966.7,9.84,140.47857142857143,0,0,2025-02-01,Standard,LinkedIn,False,496,120,9.84
1571,21,3546.7799999999997,17.75,168.8942857142857,0,0,2026-01-09,Standard,Organic,False,154,0,17.75
1572,18,12235.39,61.18,679.7438888888888,1,0,2026-02-22,Premium,Google Ads,False,110,80,61.18
1573,15,3006.88,15.02,200.4586666666667,0,0,2025-10-05,Standard,Referral,False,250,20,15.02
1574,16,2550.85,12.75,159.428125,1,0,2024-02-25,Standard,Facebook Ads,False,838,60,12.75
1575,21,2657.64,13.27,126.55428571428571,0,0,2025-07-10,Standard,Google Ads,True,337,80,13.27
1576,23,3980.98,19.9,173.08608695652174,0,0,2023-12-27,Standard,Organic,False,898,0,19.9
1577,23,3395.92,16.96,147.64869565217393,1,0,2024-12-12,Standard,Facebook Ads,False,547,60,16.96
1578,20,3155.74,15.78,157.78699999999998,0,0,2025-06-05,Standard,Facebook Ads,False,372,60,15.78
1579,20,2505.28,12.52,125.26400000000001,0,0,2026-05-08,Standard,Facebook Ads,False,35,60,12.52
1580,21,15893.49,79.47,756.8328571428572,0,0,2025-09-27,Premium,Facebook Ads,False,258,60,79.47
1581,16,10174.420000000002,50.88,635.9012500000001,0,0,2025-02-20,Standard,Organic,False,477,0,50.88
1582,20,3002.14,15.02,150.107,0,0,2024-04-11,Standard,Google Ads,False,792,80,15.02
1583,21,3579.09,17.9,170.43285714285716,1,0,2023-10-12,Standard,Organic,True,974,0,17.9
1584,23,3851.7,19.259999999999998,167.46521739130435,0,0,2025-11-15,Standard,Google Ads,False,209,80,19.259999999999998
1585,16,14036.42,70.18,877.27625,1,0,2023-11-10,Premium,Google Ads,False,945,80,70.18
1586,19,2189.48,10.93,115.2357894736842,0,0,2024-08-16,Standard,Facebook Ads,True,665,60,10.93
1587,21,6598.17,32.99,314.1985714285714,0,0,2025-11-11,Standard,Referral,False,213,20,32.99
1588,24,21890.46,109.47,912.1025,0,0,2024-07-30,Premium,Organic,False,682,0,109.47
1589,20,3303.15,16.52,165.1575,0,0,2026-04-23,Standard,Facebook Ads,False,50,60,16.52
1590,24,3791.98,18.95,157.99916666666667,0,0,2023-12-22,Standard,Facebook Ads,False,903,60,18.95
1591,23,78244.87,391.2,3401.950869565217,0,1,2025-06-09,Premium,Referral,False,368,20,391.2
1592,18,3302.13,16.51,183.45166666666668,0,0,2025-03-14,Standard,Referral,True,455,20,16.51
1593,26,3939.07,19.7,151.5026923076923,0,0,2025-03-12,Standard,Google Ads,True,457,80,19.7
1594,20,2062.68,10.31,103.13399999999999,0,0,2025-06-01,Standard,Google Ads,True,376,80,10.31
1595,25,4223.14,21.1,168.9256,0,0,2025-08-18,Standard,Referral,True,298,20,21.1
1596,22,15907.88,79.53,723.0854545454545,2,0,2025-11-27,Premium,Organic,False,197,0,79.53
1597,18,2934.44,14.68,163.02444444444444,0,0,2025-12-15,Standard,Organic,False,179,0,14.68
1598,20,3571.78,17.85,178.589,0,0,2023-12-11,Standard,Google Ads,False,914,80,17.85
1599,23,280857.67,1404.29,12211.203043478261,1,1,2024-08-18,Business,Organic,False,663,0,1404.29
1600,17,13659.77,68.31,803.5158823529412,0,0,2025-06-18,Premium,Referral,False,359,20,68.31
1601,25,4076.51,20.39,163.06040000000002,0,0,2024-12-16,Standard,Referral,False,543,20,20.39
1602,23,4150.1,20.74,180.4391304347826,0,0,2024-10-27,Standard,Referral,False,593,20,20.74
1603,30,19821.0,99.11,660.7,1,0,2024-01-22,Premium,LinkedIn,False,872,120,99.11
1604,18,10343.68,51.71,574.6488888888889,1,0,2023-11-02,Standard,Organic,False,953,0,51.71
1605,14,2063.3,10.31,147.37857142857143,0,0,2025-05-21,Standard,Organic,False,387,0,10.31
1606,16,83837.96,419.21,5239.8725,0,2,2025-10-29,Business,LinkedIn,True,226,120,419.21
1607,22,3656.89,18.3,166.22227272727272,0,0,2025-12-23,Standard,Referral,False,171,20,18.3
1608,23,6395.120000000001,31.98,278.04869565217393,0,0,2023-10-04,Standard,Google Ads,False,982,80,31.98
1609,15,9873.93,49.38,658.2620000000001,2,0,2026-04-10,Premium,Organic,False,63,0,49.38
1610,26,4333.58,21.68,166.67615384615385,1,0,2024-10-10,Standard,Organic,False,610,0,21.68
1611,18,17313.85,86.59,961.8805555555555,0,0,2025-05-19,Premium,Referral,False,389,20,86.59
1612,16,9928.32,49.63999999999999,620.52,0,0,2025-08-12,Standard,LinkedIn,False,304,120,49.63999999999999
1613,12,1878.91,9.39,156.57583333333335,0,0,2023-07-21,Standard,LinkedIn,False,1057,120,9.39
1614,14,96919.33,484.6,6922.809285714286,0,3,2025-08-10,Business,LinkedIn,False,306,120,484.6
1615,16,2217.58,11.08,138.59875,0,0,2025-04-05,Standard,Organic,False,433,0,11.08
1616,14,21740.98,108.71000000000001,1552.9271428571428,0,1,2023-07-12,Standard,Google Ads,True,1066,80,108.71000000000001
1617,20,3155.11,15.79,157.7555,0,0,2024-08-23,Standard,Organic,False,658,0,15.79
1618,25,4309.97,21.56,172.39880000000002,0,0,2024-08-04,Standard,Organic,True,677,0,21.56
1619,26,21583.81,107.92999999999999,830.1465384615385,0,0,2025-03-18,Premium,Google Ads,False,451,80,107.92999999999999
1620,20,18748.23,93.73,937.4114999999999,0,0,2023-10-12,Premium,Facebook Ads,False,974,60,93.73
1621,17,2465.0,12.32,145.0,0,0,2026-01-15,Standard,LinkedIn,False,148,120,12.32
1622,20,3281.73,16.39,164.0865,1,0,2024-10-04,Standard,Google Ads,True,616,80,16.39
1623,18,10128.29,50.64,562.6827777777778,0,0,2026-04-16,Standard,Organic,True,57,0,50.64
1624,17,34596.04,172.97,2035.0611764705882,1,1,2023-10-16,Premium,LinkedIn,False,970,120,172.97
1625,19,14322.71,71.62,753.8268421052632,0,0,2024-02-19,Premium,Organic,False,844,0,71.62
1626,20,43760.99,218.81,2188.0495,0,1,2024-02-20,Premium,Facebook Ads,False,843,60,218.81
1627,13,2056.06,10.28,158.15846153846152,0,0,2023-11-19,Standard,Organic,True,936,0,10.28
1628,25,3764.03,18.82,150.5612,0,0,2024-02-23,Standard,Referral,True,840,20,18.82
1629,17,2677.76,13.39,157.51529411764707,0,0,2026-04-15,Standard,LinkedIn,False,58,120,13.39
1630,20,16831.53,84.16,841.5764999999999,0,0,2023-11-20,Premium,Google Ads,False,935,80,84.16
1631,20,3316.65,16.57,165.8325,0,0,2023-08-29,Standard,Facebook Ads,False,1018,60,16.57
1632,21,3946.86,19.74,187.9457142857143,0,0,2024-03-25,Standard,Facebook Ads,False,809,60,19.74
1633,25,19213.26,96.05,768.5304,1,0,2024-01-31,Premium,Facebook Ads,False,863,60,96.05
1634,20,14795.88,73.98,739.794,1,1,2025-10-21,Standard,Google Ads,False,234,80,73.98
1635,21,4079.69,20.400000000000002,194.2709523809524,1,0,2026-02-02,Standard,Google Ads,False,130,80,20.400000000000002
1636,16,2582.38,12.9,161.39875,0,0,2026-03-11,Standard,Organic,False,93,0,12.9
1637,27,4604.9,23.05,170.55185185185184,3,0,2023-12-06,Standard,LinkedIn,False,919,120,23.05
1638,20,17981.39,89.91,899.0695,2,0,2024-07-27,Premium,Referral,False,685,20,89.91
1639,17,2600.39,13.01,152.96411764705883,0,0,2026-01-14,Standard,Referral,True,149,20,13.01
1640,18,11965.61,59.839999999999996,664.7561111111112,0,0,2026-02-19,Premium,Facebook Ads,False,113,60,59.839999999999996
1641,17,14908.16,74.53999999999999,876.9505882352942,1,0,2026-03-03,Premium,Facebook Ads,False,101,60,74.53999999999999
1642,21,17750.670000000002,88.77,845.2700000000001,1,0,2026-02-02,Premium,LinkedIn,False,130,120,88.77
1643,18,4922.37,24.580000000000002,273.465,1,0,2024-08-25,Standard,Google Ads,False,656,80,24.580000000000002
1644,23,4007.73,20.04,174.24913043478261,0,0,2023-10-02,Standard,Organic,False,984,0,20.04
1645,18,14925.45,74.62,829.1916666666667,1,0,2024-12-08,Premium,Google Ads,False,551,80,74.62
1646,28,19013.64,95.08,679.0585714285714,0,0,2023-12-19,Premium,Referral,False,906,20,95.08
1647,25,3208.1,16.05,128.32399999999998,2,0,2026-04-15,Standard,Facebook Ads,False,58,60,16.05
1648,20,3175.2799999999997,15.889999999999999,158.76399999999998,0,0,2024-10-30,Standard,Google Ads,False,590,80,15.889999999999999
1649,24,13137.619999999999,65.68,547.4008333333333,0,0,2024-07-15,Premium,Google Ads,False,697,80,65.68
1650,23,81323.83,406.61,3535.818695652174,0,1,2024-04-21,Premium,Google Ads,False,782,80,406.61
1651,21,17430.29,87.17,830.0138095238095,0,0,2025-12-25,Premium,Referral,False,169,20,87.17
1652,14,2301.89,11.49,164.42071428571427,0,0,2024-07-20,Standard,LinkedIn,False,692,120,11.49
1653,24,22870.8,114.36,952.9499999999999,0,1,2023-07-19,Standard,Organic,False,1059,0,114.36
1654,26,4411.87,22.07,169.68730769230768,0,0,2023-06-28,Standard,Referral,False,1080,20,22.07
1655,27,3467.2,17.35,128.4148148148148,0,0,2026-02-13,Standard,Google Ads,False,119,80,17.35
1656,17,12447.9,62.22,732.2294117647059,0,0,2024-03-14,Premium,LinkedIn,False,820,120,62.22
1657,19,3411.66,17.05,179.56105263157895,1,0,2025-02-08,Standard,Google Ads,False,489,80,17.05
1658,23,3906.91,19.54,169.86565217391305,0,0,2025-07-15,Standard,Facebook Ads,False,332,60,19.54
1659,18,13573.26,67.88,754.07,1,0,2025-09-25,Premium,Facebook Ads,False,260,60,67.88
1660,19,2577.3,12.87,135.64736842105265,0,0,2023-11-20,Standard,Referral,False,935,20,12.87
1661,20,17420.72,87.08,871.0360000000001,0,0,2023-06-16,Premium,Google Ads,True,1092,80,87.08
1662,19,2854.99,14.290000000000001,150.26263157894735,0,0,2023-08-02,Standard,Referral,False,1045,20,14.290000000000001
1663,17,13786.23,68.94,810.9547058823529,0,0,2025-02-11,Premium,Google Ads,False,486,80,68.94
1664,22,2965.91,14.84,134.8140909090909,0,0,2026-04-18,Standard,Organic,False,55,0,14.84
1665,24,51439.43,257.2,2143.309583333333,0,1,2023-11-13,Premium,Referral,False,942,20,257.2
1666,12,1714.85,8.58,142.90416666666667,0,0,2023-12-05,Standard,Google Ads,False,920,80,8.58
1667,15,2540.37,12.71,169.358,0,0,2025-12-12,Standard,Referral,False,182,20,12.71
1668,25,4356.46,21.76,174.2584,1,0,2024-03-18,Standard,Referral,False,816,20,21.76
1669,19,2655.67,13.28,139.7721052631579,0,0,2025-12-08,Standard,Google Ads,False,186,80,13.28
1670,18,12206.96,61.050000000000004,678.1644444444444,1,0,2023-12-23,Premium,LinkedIn,False,902,120,61.050000000000004
1671,13,10674.23,53.36,821.0946153846154,0,0,2024-02-02,Premium,Referral,True,861,20,53.36
1672,17,2308.11,11.54,135.77117647058824,0,0,2025-10-05,Standard,Google Ads,False,250,80,11.54
1673,22,106298.16,531.5,4831.734545454546,0,0,2023-09-28,Business,Organic,False,988,0,531.5
1674,20,3214.8,16.060000000000002,160.74,1,0,2026-01-31,Standard,Referral,False,132,20,16.060000000000002
1675,17,2835.7,14.18,166.80588235294115,1,0,2023-08-10,Standard,Facebook Ads,True,1037,60,14.18
1676,28,25835.11,129.18,922.6825,0,0,2025-03-03,Premium,Google Ads,True,466,80,129.18
1677,19,18760.98,93.81,987.42,1,1,2024-10-28,Standard,LinkedIn,True,592,120,93.81
1678,34,4741.3,23.72,139.45000000000002,2,0,2024-12-30,Standard,Google Ads,False,529,80,23.72
1679,15,11542.98,57.72,769.5319999999999,1,0,2026-04-04,Premium,Referral,False,69,20,57.72
1680,30,4542.47,22.69,151.41566666666668,1,0,2024-04-27,Standard,Google Ads,False,776,80,22.69
1681,19,3110.75,15.53,163.72368421052633,0,0,2023-06-12,Standard,Referral,False,1096,20,15.53
1682,25,3867.67,19.35,154.70680000000002,0,0,2025-09-16,Standard,Organic,False,269,0,19.35
1683,23,18081.82,90.42,786.1660869565218,0,0,2025-01-18,Premium,Referral,False,510,20,90.42
1684,22,3198.54,15.98,145.3881818181818,1,0,2025-12-06,Standard,Facebook Ads,True,188,60,15.98
1685,25,3990.2,19.95,159.608,2,0,2025-01-11,Standard,Referral,False,517,20,19.95
1686,7,731.61,3.67,104.51571428571428,1,0,2023-10-15,Standard,Google Ads,False,971,80,3.67
1687,20,3202.4,16.0,160.12,0,0,2025-05-30,Standard,Google Ads,False,378,80,16.0
1688,15,12504.8,62.52,833.6533333333333,0,0,2026-04-08,Premium,Facebook Ads,False,65,60,62.52
1689,26,12316.560000000001,61.589999999999996,473.7138461538462,0,0,2024-10-05,Standard,LinkedIn,False,615,120,61.589999999999996
1690,11,75143.64,375.71000000000004,6831.24,1,2,2025-11-02,Premium,Referral,False,222,20,375.71000000000004
1691,24,4028.9,20.14,167.87083333333334,0,0,2025-05-16,Standard,LinkedIn,False,392,120,20.14
1692,11,1353.8400000000001,6.76,123.07636363636365,1,0,2025-10-30,Standard,Organic,False,225,0,6.76
1693,14,2038.65,10.2,145.61785714285716,0,0,2025-03-04,Standard,Facebook Ads,False,465,60,10.2
1694,16,11096.24,55.489999999999995,693.515,0,0,2025-08-21,Premium,Google Ads,False,295,80,55.489999999999995
1695,31,349514.45999999996,1747.58,11274.659999999998,0,3,2025-06-21,Business,Google Ads,False,356,80,1747.58
1696,14,2322.03,11.61,165.85928571428573,0,0,2026-06-10,Standard,Google Ads,True,2,80,11.61
1697,24,3204.37,16.02,133.51541666666665,0,0,2025-04-01,Standard,Organic,False,437,0,16.02
1698,21,5927.99,29.64,282.28523809523807,1,0,2023-09-09,Standard,Organic,True,1007,0,29.64
1699,20,318260.67,1591.31,15913.0335,0,1,2024-02-11,Business,Referral,False,852,20,1591.31
1700,24,3934.65,19.68,163.94375,1,0,2025-01-11,Standard,LinkedIn,False,517,120,19.68
1701,15,12860.15,64.3,857.3433333333334,0,0,2024-03-15,Premium,Organic,False,819,0,64.3
1702,25,18145.94,90.74,725.8376,0,0,2024-10-23,Standard,Google Ads,False,597,80,90.74
1703,22,445905.27,2229.52,20268.421363636364,0,5,2025-10-28,Business,Facebook Ads,False,227,60,2229.52
1704,28,3933.04,19.66,140.46571428571428,0,0,2026-06-01,Standard,Google Ads,False,11,80,19.66
1705,19,3060.61,15.31,161.08473684210526,0,0,2026-02-23,Standard,Facebook Ads,False,109,60,15.31
1706,21,3656.0,18.28,174.0952380952381,0,0,2025-05-06,Standard,Facebook Ads,False,402,60,18.28
1707,25,3462.23,17.3,138.4892,1,0,2026-03-19,Standard,LinkedIn,False,85,120,17.3
1708,18,13606.8,68.05,755.9333333333333,0,0,2023-10-27,Premium,Google Ads,False,959,80,68.05
1709,15,1949.1100000000001,9.76,129.9406666666667,2,0,2024-11-15,Standard,Organic,False,574,0,9.76
1710,22,7619.31,38.11,346.33227272727277,0,0,2025-08-29,Standard,Referral,False,287,20,38.11
1711,20,3119.58,15.61,155.97899999999998,0,0,2023-08-09,Standard,LinkedIn,True,1038,120,15.61
1712,19,97869.43,489.35,5151.022631578947,1,1,2023-07-28,Business,Organic,False,1050,0,489.35
1713,23,3569.52,17.85,155.19652173913045,0,0,2025-04-26,Standard,Google Ads,False,412,80,17.85
1714,20,2900.0099999999998,14.5,145.0005,0,0,2025-08-10,Standard,LinkedIn,False,306,120,14.5
1715,26,8089.45,40.43,311.1326923076923,1,0,2025-01-23,Standard,Referral,True,505,20,40.43
1716,15,2519.89,12.6,167.99266666666665,0,0,2023-08-22,Standard,Google Ads,False,1025,80,12.6
1717,21,127736.04,638.67,6082.668571428571,1,4,2024-06-19,Business,LinkedIn,True,723,120,638.67
1718,18,3022.2,15.129999999999999,167.89999999999998,1,0,2023-11-23,Standard,Organic,False,932,0,15.129999999999999
1719,23,2583.7599999999998,12.92,112.33739130434782,1,0,2024-11-24,Standard,Organic,True,565,0,12.92
1720,26,23352.190000000002,116.75,898.161153846154,0,0,2024-08-21,Premium,Google Ads,False,660,80,116.75
1721,21,21457.46,107.28999999999999,1021.7838095238095,0,0,2023-06-17,Premium,Google Ads,False,1091,80,107.28999999999999
1722,29,16467.929999999997,82.32000000000001,567.8596551724137,1,1,2024-08-17,Standard,Google Ads,False,664,80,82.32000000000001
1723,15,2729.27,13.66,181.95133333333334,0,0,2026-04-22,Standard,Organic,False,51,0,13.66
1724,21,3694.9700000000003,18.47,175.9509523809524,1,0,2024-03-05,Standard,Google Ads,False,829,80,18.47
1725,18,10885.51,54.43,604.7505555555556,0,0,2025-03-02,Premium,Google Ads,False,467,80,54.43
1726,13,2307.62,11.56,177.50923076923075,0,0,2024-04-29,Standard,Google Ads,False,774,80,11.56
1727,18,2762.64,13.809999999999999,153.48,1,0,2025-02-03,Standard,Organic,False,494,0,13.809999999999999
1728,18,3064.2200000000003,15.32,170.23444444444445,0,0,2025-04-08,Standard,Google Ads,False,430,80,15.32
1729,21,97679.13,488.39,4651.387142857143,0,3,2024-07-23,Business,Facebook Ads,False,689,60,488.39
1730,14,65765.04000000001,328.84,4697.5028571428575,1,1,2023-07-11,Business,Organic,False,1067,0,328.84
1731,16,2218.23,11.09,138.639375,1,0,2025-12-17,Standard,Organic,False,177,0,11.09
1732,17,15358.099999999999,76.79,903.4176470588235,2,0,2026-03-10,Premium,Organic,False,94,0,76.79
1733,24,12514.84,62.59,521.4516666666667,0,0,2026-01-05,Standard,Organic,False,158,0,62.59
1734,15,2531.81,12.66,168.78733333333332,0,0,2023-11-23,Standard,Google Ads,False,932,80,12.66
1735,18,13896.94,69.47,772.0522222222222,0,0,2024-11-08,Premium,LinkedIn,False,581,120,69.47
1736,16,2199.54,11.0,137.47125,0,0,2023-07-24,Standard,Google Ads,False,1054,80,11.0
1737,18,67037.98,335.21,3724.332222222222,0,0,2026-02-21,Business,Referral,False,111,20,335.21
1738,22,3352.92,16.75,152.40545454545455,0,0,2025-08-29,Standard,LinkedIn,False,287,120,16.75
1739,21,114757.59,573.79,5464.647142857143,0,3,2025-06-22,Business,Google Ads,True,355,80,573.79
1740,11,1716.48,8.59,156.04363636363635,1,0,2024-12-23,Standard,Organic,False,536,0,8.59
1741,29,169055.72,845.29,5829.507586206897,0,3,2026-02-15,Business,Organic,False,117,0,845.29
1742,22,3266.74,16.34,148.4881818181818,0,0,2024-01-10,Standard,Organic,False,884,0,16.34
1743,22,12000.37,60.010000000000005,545.4713636363637,1,1,2023-10-02,Standard,Referral,False,984,20,60.010000000000005
1744,14,2691.59,13.45,192.2564285714286,1,0,2023-12-22,Standard,Referral,False,903,20,13.45
1745,24,3551.7,17.78,147.98749999999998,1,0,2023-06-23,Standard,Facebook Ads,False,1085,60,17.78
1746,18,104472.97,522.36,5804.053888888889,0,3,2025-10-27,Business,Organic,False,228,0,522.36
1747,25,3410.29,17.06,136.4116,0,0,2023-12-09,Standard,Organic,False,916,0,17.06
1748,25,3744.33,18.69,149.7732,0,0,2024-03-03,Standard,Referral,False,831,20,18.69
1749,27,4214.32,21.099999999999998,156.08592592592592,0,0,2024-05-17,Standard,Organic,False,756,0,21.099999999999998
1750,26,16235.66,81.19,624.4484615384615,0,1,2024-10-09,Standard,Facebook Ads,False,611,60,81.19
1751,18,1819.55,9.09,101.08611111111111,1,0,2024-02-13,Standard,Referral,False,850,20,9.09
1752,19,2760.39,13.81,145.2836842105263,0,0,2024-08-02,Standard,LinkedIn,True,679,120,13.81
1753,28,4843.88,24.23,172.99571428571429,2,0,2024-07-23,Standard,Facebook Ads,False,689,60,24.23
1754,34,4707.65,23.54,138.46029411764704,0,0,2025-08-29,Standard,Referral,False,287,20,23.54
1755,18,2254.09,11.26,125.22722222222222,1,0,2024-10-21,Standard,Google Ads,False,599,80,11.26
1756,17,31624.71,158.12,1860.2770588235294,0,2,2023-11-09,Standard,LinkedIn,False,946,120,158.12
1757,15,2238.24,11.21,149.21599999999998,1,0,2025-08-24,Standard,LinkedIn,False,292,120,11.21
1758,17,2872.7799999999997,14.36,168.9870588235294,0,0,2026-01-24,Standard,Facebook Ads,False,139,60,14.36
1759,19,12775.59,63.89,672.3994736842105,0,0,2026-05-08,Premium,Referral,False,35,20,63.89
1760,24,4213.28,21.09,175.5533333333333,0,0,2024-05-26,Standard,Referral,False,747,20,21.09
1761,19,14878.44,74.39,783.0757894736843,0,0,2024-08-18,Premium,Google Ads,False,663,80,74.39
1762,14,2142.18,10.72,153.01285714285714,0,0,2024-12-29,Standard,Google Ads,False,530,80,10.72
1763,22,11372.82,56.86,516.9463636363636,1,0,2023-09-18,Standard,Organic,True,998,0,56.86
1764,25,4509.23,22.54,180.36919999999998,1,0,2024-07-13,Standard,Organic,False,699,0,22.54
1765,18,2963.86,14.82,164.6588888888889,0,0,2023-08-22,Standard,Referral,False,1025,20,14.82
1766,25,3740.02,18.69,149.6008,0,0,2026-02-22,Standard,Organic,True,110,0,18.69
1767,26,122096.27,610.48,4696.010384615385,1,3,2026-05-07,Business,Google Ads,False,36,80,610.48
1768,13,2036.37,10.19,156.64384615384614,0,0,2024-05-07,Standard,Organic,False,766,0,10.19
1769,21,3318.88,16.58,158.04190476190476,0,0,2025-11-15,Standard,Organic,False,209,0,16.58
1770,26,42065.04,210.35,1617.8861538461538,0,1,2026-04-24,Premium,Organic,False,49,0,210.35
1771,22,17068.5,85.34,775.8409090909091,1,0,2025-05-02,Premium,Organic,False,406,0,85.34
1772,20,2980.4700000000003,14.91,149.0235,0,0,2025-06-09,Standard,Google Ads,False,368,80,14.91
1773,23,19025.489999999998,95.14,827.1952173913043,1,0,2026-04-09,Premium,Google Ads,False,64,80,95.14
1774,18,30591.25,152.96,1699.513888888889,0,1,2026-05-02,Standard,LinkedIn,False,41,120,152.96
1775,24,73570.62999999999,367.85999999999996,3065.4429166666664,1,1,2024-07-02,Premium,Referral,False,710,20,367.85999999999996
1776,16,1775.04,8.879999999999999,110.94,1,0,2024-08-24,Standard,Google Ads,False,657,80,8.879999999999999
1777,17,2862.94,14.31,168.40823529411765,1,0,2023-11-20,Standard,Organic,True,935,0,14.31
1778,20,17115.65,85.58,855.7825,1,0,2023-10-02,Premium,Organic,False,984,0,85.58
1779,18,3000.42,15.01,166.69,0,0,2025-04-05,Standard,Organic,False,433,0,15.01
1780,22,2853.1400000000003,14.28,129.68818181818185,0,0,2024-03-01,Standard,Organic,False,833,0,14.28
1781,26,4776.32,23.89,183.70461538461538,0,0,2024-02-05,Standard,Google Ads,False,858,80,23.89
1782,15,2495.75,12.49,166.38333333333333,0,0,2024-10-06,Standard,Google Ads,False,614,80,12.49
1783,22,2867.98,14.34,130.36272727272728,0,0,2024-09-05,Standard,Referral,False,645,20,14.34
1784,28,670835.28,3354.18,23958.402857142857,0,5,2024-08-03,Business,Facebook Ads,False,678,60,3354.18
1785,17,13880.67,69.42,816.51,0,0,2025-06-17,Premium,Google Ads,False,360,80,69.42
1786,22,7093.39,35.489999999999995,322.4268181818182,0,0,2024-11-18,Standard,Facebook Ads,True,571,60,35.489999999999995
1787,19,2969.32,14.87,156.28,0,0,2025-03-28,Standard,Google Ads,False,441,80,14.87
1788,23,3688.66,18.43,160.37652173913042,0,0,2025-03-30,Standard,Google Ads,False,439,80,18.43
1789,15,17200.489999999998,86.0,1146.6993333333332,0,1,2024-04-18,Standard,Organic,False,785,0,86.0
1790,27,4915.61,24.58,182.05962962962963,1,0,2024-06-17,Standard,Organic,False,725,0,24.58
1791,19,3333.04,16.68,175.42315789473685,0,0,2024-03-18,Standard,Organic,False,816,0,16.68
1792,18,2803.85,14.01,155.76944444444445,0,0,2024-02-14,Standard,Google Ads,False,849,80,14.01
1793,14,11537.949999999999,57.68,824.1392857142856,0,0,2025-02-04,Premium,Facebook Ads,False,493,60,57.68
1794,25,12128.929999999998,60.65,485.15719999999993,0,0,2024-12-06,Standard,Organic,False,553,0,60.65
1795,21,2939.09,14.68,139.95666666666668,0,0,2026-05-07,Standard,Referral,False,36,20,14.68
1796,12,1645.42,8.23,137.11833333333334,0,0,2023-07-25,Standard,Organic,False,1053,0,8.23
1797,21,2458.25,12.29,117.05952380952381,1,0,2024-02-03,Standard,Google Ads,False,860,80,12.29
1798,18,12426.13,62.13,690.3405555555555,1,0,2025-08-05,Premium,Google Ads,False,311,80,62.13
1799,21,2350.91,11.74,111.94809523809523,1,0,2025-12-16,Standard,Google Ads,False,178,80,11.74
1800,14,1675.84,8.39,119.70285714285714,0,0,2025-01-28,Standard,Google Ads,False,500,80,8.39
1801,18,3163.72,15.81,175.76222222222222,1,0,2025-08-29,Standard,Organic,False,287,0,15.81
1802,6,25272.68,126.37,4212.113333333334,0,1,2023-10-03,Business,Referral,False,983,20,126.37
1803,15,2338.77,11.68,155.918,0,0,2025-09-23,Standard,Facebook Ads,False,262,60,11.68
1804,27,4359.44,21.8,161.46074074074073,0,0,2023-07-03,Standard,Organic,False,1075,0,21.8
1805,22,3321.07,16.64,150.95772727272728,1,0,2025-11-20,Standard,Organic,False,204,0,16.64
1806,22,16674.420000000002,83.37,757.9281818181819,1,0,2024-10-05,Premium,Referral,True,615,20,83.37
1807,24,128978.31,644.88,5374.09625,0,1,2025-09-19,Business,Google Ads,False,266,80,644.88
1808,17,2368.82,11.85,139.34235294117647,0,0,2025-03-05,Standard,Organic,False,464,0,11.85
1809,22,16621.41,83.08,755.5186363636363,0,0,2024-01-10,Premium,LinkedIn,False,884,120,83.08
1810,18,2668.19,13.32,148.23277777777778,0,0,2023-10-08,Standard,Google Ads,False,978,80,13.32
1811,17,7396.12,36.980000000000004,435.0658823529412,0,0,2026-03-10,Standard,LinkedIn,False,94,120,36.980000000000004
1812,24,16377.86,81.87,682.4108333333334,1,0,2024-02-04,Premium,Referral,False,859,20,81.87
1813,22,16179.34,80.88,735.4245454545454,0,0,2025-07-07,Premium,Organic,False,340,0,80.88
1814,28,4721.42,23.62,168.62214285714285,0,0,2024-11-05,Standard,LinkedIn,False,584,120,23.62
1815,12,10885.02,54.43,907.085,0,0,2024-07-31,Standard,Referral,False,681,20,54.43
1816,24,20239.1,101.21,843.2958333333332,1,0,2023-11-13,Premium,Organic,False,942,0,101.21
1817,21,5278.57,26.41,251.36047619047616,2,0,2024-04-27,Standard,Google Ads,False,776,80,26.41
1818,24,4013.54,20.08,167.23083333333332,1,0,2024-05-02,Standard,Facebook Ads,False,771,60,20.08
1819,15,28845.51,144.24,1923.0339999999999,0,1,2023-08-10,Premium,LinkedIn,False,1037,120,144.24
1820,21,15393.19,76.96000000000001,733.0090476190477,0,0,2026-04-17,Premium,Organic,False,56,0,76.96000000000001
1821,12,1835.41,9.16,152.95083333333335,0,0,2024-01-03,Standard,Organic,False,891,0,9.16
1822,16,2983.87,14.93,186.491875,0,0,2026-02-19,Standard,Referral,False,113,20,14.93
1823,32,5395.24,26.99,168.60125,1,0,2023-07-11,Standard,Google Ads,False,1067,80,26.99
1824,16,2390.9900000000002,11.95,149.43687500000001,0,0,2024-02-16,Standard,LinkedIn,False,847,120,11.95
1825,13,1838.8400000000001,9.19,141.44923076923078,0,0,2023-07-21,Standard,Organic,False,1057,0,9.19
1826,15,1815.0,9.09,121.0,0,0,2024-04-02,Standard,Google Ads,False,801,80,9.09
1827,16,24684.370000000003,123.43,1542.7731250000002,0,1,2024-01-05,Premium,Organic,True,889,0,123.43
1828,16,1938.01,9.67,121.125625,0,0,2026-04-07,Standard,Organic,False,66,0,9.67
1829,25,18862.22,94.33,754.4888000000001,0,0,2025-02-09,Premium,Google Ads,False,488,80,94.33
1830,19,10803.779999999999,54.019999999999996,568.6199999999999,0,0,2025-10-11,Premium,Referral,False,244,20,54.019999999999996
1831,31,4706.76,23.5,151.8309677419355,1,0,2023-09-12,Standard,Referral,False,1004,20,23.5
1832,26,20889.41,104.46,803.4388461538462,0,0,2025-08-07,Premium,Organic,True,309,0,104.46
1833,18,3059.65,15.31,169.98055555555555,0,0,2026-05-25,Standard,Organic,False,18,0,15.31
1834,20,3350.71,16.73,167.5355,0,0,2025-03-04,Standard,Referral,True,465,20,16.73
1835,14,1947.27,9.73,139.09071428571428,0,0,2025-06-19,Standard,Facebook Ads,True,358,60,9.73
1836,17,2706.18,13.53,159.1870588235294,0,0,2023-09-08,Standard,Google Ads,True,1008,80,13.53
1837,25,19092.79,95.47,763.7116000000001,0,1,2024-03-28,Standard,Organic,False,806,0,95.47
1838,14,1709.76,8.549999999999999,122.12571428571428,0,0,2025-01-02,Standard,LinkedIn,True,526,120,8.549999999999999
1839,20,13861.6,69.29,693.08,0,0,2025-02-22,Premium,Organic,False,475,0,69.29
1840,15,2454.44,12.26,163.62933333333334,0,0,2025-07-08,Standard,Referral,False,339,20,12.26
1841,18,2632.5,13.15,146.25,1,0,2023-09-05,Standard,LinkedIn,False,1011,120,13.15
1842,20,14852.050000000001,74.27,742.6025000000001,0,0,2025-02-20,Premium,Organic,True,477,0,74.27
1843,25,21491.36,107.46,859.6544,1,0,2026-02-20,Premium,Organic,False,112,0,107.46
1844,23,16851.35,84.23,732.6673913043478,0,0,2025-07-25,Premium,LinkedIn,True,322,120,84.23
1845,21,3573.61,17.86,170.17190476190476,0,0,2024-08-16,Standard,Google Ads,False,665,80,17.86
1846,22,3622.9900000000002,18.11,164.68136363636364,0,0,2024-09-16,Standard,Organic,False,634,0,18.11
1847,18,14916.98,74.56,828.7211111111111,0,0,2026-02-13,Premium,Referral,False,119,20,74.56
1848,18,2859.61,14.28,158.86722222222224,0,0,2024-03-24,Standard,Organic,False,810,0,14.28
1849,24,4062.45,20.3,169.26874999999998,1,0,2025-06-14,Standard,Organic,False,363,0,20.3
1850,20,15226.72,76.15,761.336,1,0,2026-01-03,Premium,LinkedIn,False,160,120,76.15
1851,23,3504.97,17.52,152.39,0,0,2023-08-24,Standard,Facebook Ads,False,1023,60,17.52
1852,22,7484.46,37.39,340.20272727272726,0,0,2026-05-27,Standard,Facebook Ads,False,16,60,37.39
1853,33,4241.66,21.21,128.5351515151515,1,0,2026-01-08,Standard,Referral,False,155,20,21.21
1854,32,5322.47,26.6,166.3271875,2,0,2025-01-29,Standard,Google Ads,False,499,80,26.6
1855,21,8590.65,42.96,409.0785714285714,0,0,2024-01-11,Standard,LinkedIn,False,883,120,42.96
1856,22,3142.0,15.709999999999999,142.8181818181818,0,0,2024-11-21,Standard,Organic,False,568,0,15.709999999999999
1857,19,15849.3,79.24,834.1736842105263,0,0,2025-03-09,Premium,Facebook Ads,False,460,60,79.24
1858,15,1888.71,9.42,125.914,2,0,2024-08-23,Standard,Facebook Ads,False,658,60,9.42
1859,22,2777.04,13.9,126.22909090909091,1,0,2025-06-07,Standard,Organic,False,370,0,13.9
1860,16,2147.79,10.74,134.236875,0,0,2025-09-07,Standard,Organic,False,278,0,10.74
1861,23,2885.3,14.42,125.44782608695652,0,0,2025-08-22,Standard,Google Ads,False,294,80,14.42
1862,18,2744.86,13.75,152.49222222222224,0,0,2023-06-28,Standard,Referral,False,1080,20,13.75
1863,17,10366.539999999999,51.84,609.7964705882353,1,0,2024-05-01,Premium,LinkedIn,False,772,120,51.84
1864,16,2749.61,13.76,171.850625,0,0,2024-04-02,Standard,Google Ads,False,801,80,13.76
1865,21,3389.92,16.97,161.4247619047619,0,0,2024-02-13,Standard,Organic,False,850,0,16.97
1866,23,5367.47,26.84,233.36826086956523,0,0,2023-10-30,Standard,Referral,False,956,20,26.84
1867,20,2784.29,13.92,139.2145,2,0,2026-03-09,Standard,Organic,False,95,0,13.92
1868,12,1927.34,9.65,160.61166666666665,0,0,2025-05-22,Standard,Referral,False,386,20,9.65
1869,24,10095.09,50.470000000000006,420.62875,0,0,2025-03-08,Standard,Google Ads,False,461,80,50.470000000000006
1870,16,10063.79,50.34,628.986875,0,0,2024-01-24,Premium,Organic,False,870,0,50.34
1871,16,12203.470000000001,61.0,762.7168750000001,0,0,2025-06-18,Premium,Referral,False,359,20,61.0
1872,15,2027.99,10.15,135.19933333333333,0,0,2023-07-02,Standard,Google Ads,False,1076,80,10.15
1873,14,81476.49,407.38,5819.749285714286,0,3,2023-09-05,Business,Organic,False,1011,0,407.38
1874,19,3165.28,15.8,166.59368421052633,1,0,2025-11-22,Standard,Facebook Ads,False,202,60,15.8
1875,27,16153.8,80.78,598.2888888888889,0,1,2024-05-27,Standard,Facebook Ads,False,746,60,80.78
1876,20,15603.99,77.99,780.1995,1,0,2023-07-06,Premium,Organic,False,1072,0,77.99
1877,19,115365.06,576.8,6071.845263157895,0,5,2025-05-26,Business,Facebook Ads,False,382,60,576.8
1878,22,8421.39,42.13,382.7904545454545,2,0,2025-01-07,Standard,Google Ads,False,521,80,42.13
1879,13,2039.9,10.23,156.91538461538462,0,0,2026-04-20,Standard,LinkedIn,False,53,120,10.23
1880,17,14069.039999999999,70.35,827.590588235294,0,0,2023-06-17,Premium,Google Ads,False,1091,80,70.35
1881,19,2556.56,12.780000000000001,134.5557894736842,0,0,2025-01-29,Standard,Organic,False,499,0,12.780000000000001
1882,11,1690.03,8.45,153.6390909090909,0,0,2024-11-29,Standard,Referral,False,560,20,8.45
1883,23,14609.15,73.06,635.1804347826087,0,1,2024-02-12,Standard,Referral,False,851,20,73.06
1884,25,3958.23,19.8,158.32920000000001,0,0,2023-09-04,Standard,Facebook Ads,False,1012,60,19.8
1885,21,2901.73,14.51,138.17761904761906,0,0,2025-08-15,Standard,Google Ads,False,301,80,14.51
1886,27,5082.0,25.4,188.22222222222223,0,0,2023-10-10,Standard,LinkedIn,False,976,120,25.4
1887,17,3213.62,16.05,189.0364705882353,0,0,2024-05-12,Standard,Facebook Ads,False,761,60,16.05
1888,18,3407.1,17.03,189.28333333333333,0,0,2025-03-03,Standard,Referral,False,466,20,17.03
1889,24,20317.68,101.56,846.57,1,0,2024-06-14,Premium,Google Ads,False,728,80,101.56
1890,23,3648.6,18.23,158.63478260869564,1,0,2026-04-23,Standard,Google Ads,False,50,80,18.23
1891,22,6438.96,32.160000000000004,292.68,0,0,2025-02-18,Standard,Organic,False,479,0,32.160000000000004
1892,20,8413.02,42.06,420.651,0,0,2025-09-27,Standard,LinkedIn,False,258,120,42.06
1893,18,2873.4,14.38,159.63333333333333,1,0,2024-01-19,Standard,Organic,False,875,0,14.38
1894,16,2388.95,11.96,149.309375,0,0,2024-10-07,Standard,LinkedIn,True,613,120,11.96
1895,15,2190.47,10.98,146.03133333333332,0,0,2024-11-11,Standard,Google Ads,False,578,80,10.98
1896,21,2984.79,14.91,142.13285714285715,0,0,2026-01-25,Standard,Facebook Ads,False,138,60,14.91
1897,21,3120.03,15.6,148.57285714285715,0,0,2025-04-09,Standard,Facebook Ads,True,429,60,15.6
1898,20,2743.03,13.719999999999999,137.1515,1,0,2026-03-11,Standard,Google Ads,False,93,80,13.719999999999999
1899,21,3263.97,16.31,155.42714285714285,0,0,2025-12-01,Standard,LinkedIn,True,193,120,16.31
1900,15,2783.73,13.93,185.582,0,0,2025-11-08,Standard,Facebook Ads,False,216,60,13.93
1901,23,3694.58,18.43,160.63391304347826,0,0,2025-02-19,Standard,Organic,False,478,0,18.43
1902,28,24171.74,120.88,863.2764285714286,1,0,2025-01-25,Premium,Organic,False,503,0,120.88
1903,17,2740.68,13.69,161.2164705882353,0,0,2023-06-14,Standard,Google Ads,False,1094,80,13.69
1904,20,3314.87,16.57,165.74349999999998,0,0,2023-12-08,Standard,Google Ads,False,917,80,16.57
1905,18,104649.63,523.25,5813.868333333334,0,2,2024-03-28,Business,Referral,False,806,20,523.25
1906,16,2580.93,12.89,161.308125,0,0,2023-10-12,Standard,Facebook Ads,False,974,60,12.89
1907,27,4865.15,24.34,180.19074074074072,0,0,2024-09-30,Standard,Google Ads,True,620,80,24.34
1908,17,2259.54,11.280000000000001,132.91411764705882,1,0,2024-03-18,Standard,Organic,False,816,0,11.280000000000001
1909,19,14795.45,73.97,778.7078947368421,0,0,2025-05-16,Premium,Organic,False,392,0,73.97
1910,14,2578.16,12.879999999999999,184.1542857142857,0,0,2023-06-17,Standard,Google Ads,False,1091,80,12.879999999999999
1911,13,1848.04,9.25,142.15692307692308,0,0,2025-11-26,Standard,Referral,False,198,20,9.25
1912,18,2741.94,13.719999999999999,152.33,1,0,2024-07-29,Standard,Google Ads,False,683,80,13.719999999999999
1913,23,125214.66,626.06,5444.115652173913,0,1,2023-10-18,Business,Organic,True,968,0,626.06
1914,28,14403.77,72.02,514.4203571428571,2,1,2024-12-06,Standard,Organic,True,553,0,72.02
1915,20,3412.25,17.06,170.6125,0,0,2023-12-13,Standard,Google Ads,False,912,80,17.06
1916,13,1807.65,9.03,139.05,0,0,2023-11-16,Standard,Google Ads,False,939,80,9.03
1917,11,1312.87,6.54,119.35181818181817,0,0,2024-12-18,Standard,Organic,False,541,0,6.54
1918,15,2172.09,10.870000000000001,144.806,0,0,2023-07-29,Standard,Organic,False,1049,0,10.870000000000001
1919,24,3759.38,18.8,156.64083333333335,1,0,2024-12-07,Standard,Referral,True,552,20,18.8
1920,28,3852.7999999999997,19.25,137.6,0,0,2026-05-24,Standard,Organic,False,19,0,19.25
1921,26,4097.55,20.48,157.59807692307692,0,0,2024-06-26,Standard,Organic,False,716,0,20.48
1922,14,12517.5,62.580000000000005,894.1071428571429,0,1,2025-09-30,Standard,Referral,False,255,20,62.580000000000005
1923,26,19255.23,96.28,740.5857692307692,0,0,2025-02-03,Premium,Organic,False,494,0,96.28
1924,19,3125.19,15.620000000000001,164.48368421052632,0,0,2024-12-17,Standard,Facebook Ads,True,542,60,15.620000000000001
1925,20,126301.11,631.52,6315.0555,0,1,2024-12-26,Premium,Referral,True,533,20,631.52
1926,23,4167.92,20.84,181.21391304347827,0,0,2024-11-04,Standard,Google Ads,True,585,80,20.84
1927,15,2529.7400000000002,12.65,168.64933333333335,0,0,2024-09-26,Standard,Organic,True,624,0,12.65
1928,17,86490.85,432.46000000000004,5087.69705882353,1,0,2025-11-30,Business,Google Ads,False,194,80,432.46000000000004
1929,26,23028.77,115.15,885.7219230769231,1,0,2025-01-30,Premium,Google Ads,False,498,80,115.15
1930,27,22507.64,112.53,833.6162962962962,3,0,2023-11-24,Premium,Organic,False,931,0,112.53
1931,25,21923.83,109.61,876.9532,0,0,2026-03-28,Premium,Referral,True,76,20,109.61
1932,25,3237.93,16.21,129.5172,0,0,2024-09-08,Standard,Referral,False,642,20,16.21
1933,15,2388.05,11.95,159.20333333333335,1,0,2024-05-04,Standard,Organic,False,769,0,11.95
1934,27,4115.08,20.59,152.41037037037037,1,0,2025-12-24,Standard,Organic,False,170,0,20.59
1935,19,10701.13,53.5,563.2173684210526,0,0,2025-07-31,Standard,Organic,False,316,0,53.5
1936,19,37590.619999999995,187.94,1978.453684210526,0,1,2023-12-27,Premium,Organic,False,898,0,187.94
1937,14,2574.92,12.9,183.92285714285714,0,0,2023-07-20,Standard,Referral,False,1058,20,12.9
1938,12,8238.97,41.2,686.5808333333333,1,0,2025-01-20,Premium,Referral,True,508,20,41.2
1939,15,1954.3700000000001,9.78,130.29133333333334,0,0,2024-02-03,Standard,Referral,False,860,20,9.78
1940,14,9299.32,46.48,664.2371428571429,0,0,2025-09-28,Premium,Google Ads,False,257,80,46.48
1941,14,2159.33,10.799999999999999,154.23785714285714,0,0,2023-07-15,Standard,Referral,False,1063,20,10.799999999999999
1942,20,2337.34,11.69,116.867,0,0,2026-04-27,Standard,Referral,False,46,20,11.69
1943,20,2890.77,14.43,144.5385,1,0,2024-06-28,Standard,Referral,False,714,20,14.43
1944,16,22047.41,110.24000000000001,1377.963125,0,1,2024-10-08,Standard,Google Ads,False,612,80,110.24000000000001
1945,21,3587.57,17.95,170.83666666666667,0,0,2026-05-19,Standard,LinkedIn,False,24,120,17.95
1946,18,2831.17,14.15,157.28722222222223,0,0,2025-11-02,Standard,Google Ads,False,222,80,14.15
1947,18,13216.97,66.07,734.276111111111,0,0,2024-11-01,Premium,Facebook Ads,False,588,60,66.07
1948,21,9907.109999999999,49.519999999999996,471.7671428571428,0,0,2026-04-05,Standard,Google Ads,False,68,80,49.519999999999996
1949,19,3577.14,17.91,188.27052631578945,0,0,2023-10-07,Standard,Facebook Ads,False,979,60,17.91
1950,20,15562.14,77.81,778.107,0,0,2024-08-10,Premium,Facebook Ads,False,671,60,77.81
1951,23,107740.81,538.71,4684.38304347826,0,2,2024-11-13,Business,LinkedIn,True,576,120,538.71
1952,22,17017.99,85.08,773.5450000000001,0,0,2024-05-05,Premium,Facebook Ads,False,768,60,85.08
1953,11,1550.43,7.77,140.94818181818184,0,0,2025-06-26,Standard,Organic,False,351,0,7.77
1954,28,4457.97,22.28,159.2132142857143,2,0,2026-03-30,Standard,Referral,False,74,20,22.28
1955,24,4038.78,20.19,168.2825,1,0,2023-07-01,Standard,Organic,False,1077,0,20.19
1956,19,2786.58,13.92,146.66210526315788,0,0,2025-02-16,Standard,Organic,True,481,0,13.92
1957,19,3772.34,18.86,198.5442105263158,1,0,2023-08-20,Standard,Organic,False,1027,0,18.86
1958,18,11743.18,58.73,652.3988888888889,0,0,2025-05-01,Premium,Google Ads,True,407,80,58.73
1959,20,3214.85,16.1,160.7425,0,0,2024-08-02,Standard,Facebook Ads,False,679,60,16.1
1960,22,3696.0,18.47,168.0,0,0,2026-05-04,Standard,Facebook Ads,False,39,60,18.47
1961,14,1846.6399999999999,9.26,131.90285714285713,0,0,2025-10-09,Standard,LinkedIn,False,246,120,9.26
1962,14,1780.38,8.9,127.17,2,0,2026-06-01,Standard,Organic,False,11,0,8.9
1963,21,4179.85,20.9,199.0404761904762,0,0,2026-05-04,Standard,Facebook Ads,True,39,60,20.9
1964,16,69062.45,345.3,4316.403125,0,0,2023-08-05,Business,Organic,True,1042,0,345.3
1965,21,3149.5099999999998,15.74,149.97666666666666,1,0,2025-09-01,Standard,Organic,False,284,0,15.74
1966,21,15664.33,78.32,745.9204761904762,1,0,2024-03-22,Premium,Referral,True,812,20,78.32
1967,13,1769.76,8.83,136.13538461538462,0,0,2023-08-09,Standard,Google Ads,False,1038,80,8.83
1968,25,5794.38,28.96,231.7752,0,0,2023-08-07,Standard,Google Ads,False,1040,80,28.96
1969,19,3050.18,15.25,160.5357894736842,0,0,2024-09-10,Standard,LinkedIn,True,640,120,15.25
1970,19,112753.23,563.76,5934.380526315789,0,4,2025-03-02,Business,Facebook Ads,False,467,60,563.76
1971,30,4763.69,23.82,158.78966666666665,0,0,2025-02-28,Standard,Organic,False,469,0,23.82
1972,24,20313.24,101.59,846.3850000000001,0,0,2026-05-30,Premium,Facebook Ads,False,13,60,101.59
1973,19,15959.05,79.78,839.9499999999999,0,0,2024-04-12,Premium,Facebook Ads,False,791,60,79.78
1974,8,15138.86,75.69,1892.3575,0,0,2026-01-10,Premium,Google Ads,False,153,80,75.69
1975,17,2765.91,13.83,162.7005882352941,0,0,2024-03-12,Standard,Organic,True,822,0,13.83
1976,14,2148.55,10.73,153.46785714285716,0,0,2025-08-21,Standard,Google Ads,False,295,80,10.73
1977,14,8234.75,41.2,588.1964285714286,0,0,2023-07-09,Premium,LinkedIn,False,1069,120,41.2
1978,18,2703.9500000000003,13.51,150.21944444444446,0,0,2026-05-24,Standard,Facebook Ads,False,19,60,13.51
1979,24,10612.89,53.059999999999995,442.20374999999996,0,0,2025-08-21,Standard,Organic,False,295,0,53.059999999999995
1980,15,1713.97,8.57,114.26466666666667,0,0,2026-05-12,Standard,Google Ads,False,31,80,8.57
1981,17,3027.67,15.16,178.09823529411764,0,0,2024-04-16,Standard,Facebook Ads,False,787,60,15.16
1982,23,18265.82,91.34,794.1660869565218,0,0,2026-01-14,Premium,Google Ads,False,149,80,91.34
1983,17,2781.45,13.93,163.61470588235292,1,0,2023-07-21,Standard,Google Ads,False,1057,80,13.93
1984,18,88831.68,444.17,4935.093333333333,1,1,2026-01-01,Business,Referral,False,162,20,444.17
1985,16,12227.07,61.16,764.191875,0,0,2025-10-06,Premium,Google Ads,False,249,80,61.16
1986,19,3330.81,16.66,175.3057894736842,1,0,2026-01-09,Standard,Organic,True,154,0,16.66
1987,16,11055.24,55.269999999999996,690.9525,0,0,2024-03-02,Premium,Referral,False,832,20,55.269999999999996
1988,21,55540.56,277.71,2644.7885714285712,0,1,2025-03-11,Premium,Referral,False,458,20,277.71
1989,17,2863.37,14.32,168.4335294117647,0,0,2024-10-23,Standard,Organic,True,597,0,14.32
1990,15,12517.039999999999,62.589999999999996,834.4693333333332,0,0,2024-01-17,Premium,Facebook Ads,False,877,60,62.589999999999996
1991,17,2940.0099999999998,14.7,172.94176470588235,0,0,2023-07-05,Standard,Facebook Ads,False,1073,60,14.7
1992,12,1225.02,6.12,102.085,0,0,2024-08-08,Standard,Google Ads,False,673,80,6.12
1993,17,2770.47,13.85,162.96882352941176,0,0,2023-07-04,Standard,Referral,False,1074,20,13.85
1994,20,3015.42,15.07,150.77100000000002,0,0,2024-04-17,Standard,Organic,False,786,0,15.07
1995,23,321175.04000000004,1605.86,13964.132173913045,1,4,2024-07-02,Business,Referral,False,710,20,1605.86
1996,23,3317.24,16.59,144.22782608695653,0,0,2025-10-09,Standard,Facebook Ads,False,246,60,16.59
1997,25,20917.6,104.58,836.704,1,0,2024-03-24,Premium,Google Ads,False,810,80,104.58
1998,17,2882.81,14.41,169.5770588235294,1,0,2025-06-01,Standard,Facebook Ads,True,376,60,14.41
1999,21,34661.42,173.29,1650.5438095238094,0,1,2024-09-03,Premium,Google Ads,False,647,80,173.29
2000,22,3504.77,17.51,159.30772727272728,0,0,2023-07-17,Standard,Referral,False,1061,20,17.51
2001,19,36331.05,181.66,1912.1605263157896,0,1,2025-10-02,Premium,Organic,False,253,0,181.66
2002,16,2855.74,14.29,178.48375,0,0,2024-10-22,Standard,Google Ads,False,598,80,14.29
2003,18,2886.3,14.46,160.35000000000002,0,0,2026-06-07,Standard,Organic,False,5,0,14.46
2004,22,3241.46,16.22,147.3390909090909,1,0,2025-05-15,Standard,Facebook Ads,False,393,60,16.22
2005,25,36757.13,183.75,1470.2851999999998,1,1,2025-03-16,Premium,Referral,True,453,20,183.75
2006,22,17163.9,85.84,780.1772727272728,0,1,2026-06-05,Standard,Google Ads,False,7,80,85.84
2007,14,8681.34,43.410000000000004,620.0957142857143,1,0,2024-01-27,Standard,Google Ads,False,867,80,43.410000000000004
2008,20,17537.489999999998,87.68,876.8744999999999,0,0,2025-01-29,Premium,Organic,False,499,0,87.68
2009,20,3388.66,16.94,169.433,0,0,2024-05-30,Standard,Organic,False,743,0,16.94
2010,16,11261.45,56.33,703.840625,0,0,2023-08-02,Premium,Referral,False,1045,20,56.33
2011,15,1850.02,9.23,123.33466666666666,0,0,2025-05-27,Standard,Organic,False,381,0,9.23
2012,19,10144.16,50.73,533.9031578947369,0,0,2023-11-07,Standard,Facebook Ads,False,948,60,50.73
2013,25,3873.13,19.39,154.92520000000002,0,0,2025-08-07,Standard,Organic,False,309,0,19.39
2014,23,2887.55,14.44,125.54565217391306,1,0,2023-09-06,Standard,Organic,False,1010,0,14.44
2015,21,3602.1400000000003,18.0,171.5304761904762,0,0,2025-05-14,Standard,Facebook Ads,False,394,60,18.0
2016,22,18338.170000000002,91.69,833.5531818181819,0,0,2025-04-24,Premium,Referral,False,414,20,91.69
2017,16,2260.93,11.31,141.308125,0,0,2024-02-11,Standard,Organic,False,852,0,11.31
2018,24,4099.59,20.48,170.81625,0,0,2025-08-06,Standard,Organic,False,310,0,20.48
2019,16,2319.83,11.6,144.989375,0,0,2024-12-01,Standard,Facebook Ads,False,558,60,11.6
2020,33,4686.91,23.42,142.02757575757576,1,0,2024-07-29,Standard,Facebook Ads,False,683,60,23.42
2021,20,2944.31,14.72,147.2155,1,0,2025-07-05,Standard,Referral,False,342,20,14.72
2022,24,16864.84,84.32000000000001,702.7016666666667,0,1,2024-07-18,Standard,Google Ads,False,694,80,84.32000000000001
2023,23,4176.63,20.87,181.5926086956522,0,0,2023-07-22,Standard,Referral,False,1056,20,20.87
2024,17,2686.0499999999997,13.43,158.00294117647059,1,0,2026-03-04,Standard,Facebook Ads,False,100,60,13.43
2025,24,3427.44,17.13,142.81,0,0,2025-08-08,Standard,Google Ads,False,308,80,17.13
2026,19,3452.61,17.27,181.7163157894737,1,0,2023-08-28,Standard,Google Ads,True,1019,80,17.27
2027,12,1694.6100000000001,8.47,141.2175,0,0,2024-04-24,Standard,Google Ads,False,779,80,8.47
2028,24,4889.45,24.44,203.72708333333333,0,0,2025-07-04,Standard,Google Ads,False,343,80,24.44
2029,15,84480.16,422.40999999999997,5632.010666666667,0,2,2025-07-17,Business,Google Ads,False,330,80,422.40999999999997
2030,31,19789.170000000002,98.95,638.3603225806452,0,1,2025-09-25,Standard,Facebook Ads,True,260,60,98.95
2031,15,8069.79,40.35,537.986,0,0,2025-07-22,Standard,LinkedIn,False,325,120,40.35
2032,16,2519.82,12.6,157.48875,0,0,2023-10-29,Standard,Referral,True,957,20,12.6
2033,20,3010.16,15.06,150.50799999999998,0,0,2024-05-10,Standard,Google Ads,True,763,80,15.06
2034,16,11178.06,55.9,698.62875,1,0,2026-05-20,Premium,Referral,False,23,20,55.9
2035,20,2961.29,14.79,148.0645,1,0,2023-09-27,Standard,Organic,False,989,0,14.79
2036,20,2830.22,14.17,141.511,1,0,2025-12-16,Standard,Organic,True,178,0,14.17
2037,31,5273.3,26.37,170.10645161290324,1,0,2024-09-24,Standard,Referral,False,626,20,26.37
2038,33,23905.93,119.53,724.4221212121212,0,0,2024-06-26,Premium,Referral,False,716,20,119.53
2039,23,3621.33,18.12,157.4491304347826,1,0,2023-07-19,Standard,Organic,False,1059,0,18.12
2040,23,3571.61,17.84,155.28739130434784,1,0,2023-10-28,Standard,Google Ads,False,958,80,17.84
2041,20,3020.64,15.09,151.03199999999998,0,0,2023-07-02,Standard,Organic,False,1076,0,15.09
2042,21,2703.58,13.51,128.74190476190475,1,0,2026-02-01,Standard,Facebook Ads,False,131,60,13.51
2043,25,14273.27,71.38,570.9308,2,1,2023-06-12,Standard,Facebook Ads,False,1096,60,71.38
2044,17,9255.77,46.279999999999994,544.4570588235295,0,0,2024-06-09,Standard,Organic,False,733,0,46.279999999999994
2045,17,58880.619999999995,294.4,3463.565882352941,0,1,2025-04-13,Premium,LinkedIn,False,425,120,294.4
2046,14,2037.48,10.18,145.53428571428572,1,0,2025-11-20,Standard,Google Ads,False,204,80,10.18
2047,16,8573.21,42.89,535.825625,0,0,2023-07-04,Standard,Google Ads,True,1074,80,42.89
2048,21,2937.7400000000002,14.69,139.89238095238096,0,0,2024-09-07,Standard,LinkedIn,False,643,120,14.69
2049,17,1810.39,9.06,106.49352941176471,1,0,2023-12-05,Standard,Organic,False,920,0,9.06
2050,27,3785.41,18.91,140.20037037037036,1,0,2024-11-17,Standard,Organic,False,572,0,18.91
2051,21,14159.529999999999,70.77,674.2633333333333,0,1,2023-07-20,Standard,Facebook Ads,False,1058,60,70.77
2052,23,3299.51,16.5,143.45695652173913,1,0,2025-10-11,Standard,Google Ads,False,244,80,16.5
2053,29,4431.55,22.14,152.81206896551726,1,0,2024-09-18,Standard,LinkedIn,False,632,120,22.14
2054,28,16233.84,81.14,579.78,0,0,2025-06-26,Standard,Referral,False,351,20,81.14
2055,22,17063.18,85.31,775.5990909090909,0,0,2025-06-03,Premium,Organic,False,374,0,85.31
2056,16,3713.2,18.57,232.075,1,0,2024-04-14,Standard,Facebook Ads,False,789,60,18.57
2057,26,15257.939999999999,76.28,586.8438461538461,0,1,2025-04-23,Standard,Organic,False,415,0,76.28
2058,21,2771.47,13.87,131.9747619047619,0,0,2024-11-23,Standard,Referral,False,566,20,13.87
2059,16,2755.92,13.78,172.245,0,0,2025-01-21,Standard,Google Ads,False,507,80,13.78
2060,19,8139.17,40.7,428.3773684210526,0,0,2023-09-07,Standard,Organic,False,1009,0,40.7
2061,24,3215.58,16.080000000000002,133.9825,0,0,2023-10-13,Standard,Organic,False,973,0,16.080000000000002
2062,17,122031.76000000001,610.15,7178.338823529412,0,1,2026-03-14,Premium,Organic,False,90,0,610.15
2063,18,3032.96,15.15,168.49777777777777,0,0,2023-07-14,Standard,Referral,True,1064,20,15.15
2064,26,5134.52,25.68,197.4815384615385,1,0,2025-11-26,Standard,Referral,False,198,20,25.68
2065,26,3968.83,19.84,152.6473076923077,0,0,2023-08-30,Standard,Google Ads,False,1017,80,19.84
2066,22,47985.69,239.94,2181.1677272727275,0,1,2023-07-13,Premium,Organic,False,1065,0,239.94
2067,27,3572.06,17.85,132.2985185185185,0,0,2024-12-08,Standard,Google Ads,False,551,80,17.85
2068,17,2585.62,12.94,152.09529411764706,0,0,2025-07-13,Standard,Google Ads,False,334,80,12.94
2069,18,11317.67,56.61,628.7594444444444,0,0,2024-10-24,Premium,Google Ads,False,596,80,56.61
2070,14,2477.55,12.39,176.96785714285716,0,0,2025-07-11,Standard,LinkedIn,False,336,120,12.39
2071,19,14313.27,71.57000000000001,753.33,0,0,2026-03-29,Premium,Google Ads,False,75,80,71.57000000000001
2072,21,2630.53,13.14,125.26333333333335,1,0,2026-03-02,Standard,Organic,False,102,0,13.14
2073,13,48676.0,243.35,3744.3076923076924,0,1,2024-09-30,Premium,Referral,False,620,20,243.35
2074,14,78252.68,391.26,5589.477142857142,0,0,2024-05-26,Business,Organic,False,747,0,391.26
2075,13,7882.49,39.42,606.3453846153845,0,0,2026-02-20,Premium,Facebook Ads,False,112,60,39.42
2076,19,2388.23,11.95,125.69631578947369,0,0,2024-09-16,Standard,Facebook Ads,False,634,60,11.95
2077,17,21665.36,108.33,1274.4329411764706,0,0,2024-05-05,Premium,LinkedIn,False,768,120,108.33
2078,21,2991.09,14.96,142.43285714285716,0,0,2025-02-04,Standard,Organic,True,493,0,14.96
2079,23,4069.19,20.349999999999998,176.9213043478261,1,0,2023-09-14,Standard,Organic,False,1002,0,20.349999999999998
2080,21,3608.93,18.06,171.8538095238095,0,0,2023-10-22,Standard,LinkedIn,False,964,120,18.06
2081,16,7135.469999999999,35.690000000000005,445.96687499999996,0,0,2023-12-06,Standard,LinkedIn,False,919,120,35.690000000000005
2082,17,2457.64,12.29,144.5670588235294,0,0,2025-09-11,Standard,Referral,True,274,20,12.29
2083,23,21370.57,106.87,929.1552173913043,1,0,2025-05-06,Premium,Google Ads,False,402,80,106.87
2084,16,2124.02,10.65,132.75125,0,0,2026-04-19,Standard,Referral,False,54,20,10.65
2085,17,2399.39,12.0,141.1405882352941,1,0,2026-02-25,Standard,Facebook Ads,False,107,60,12.0
2086,24,6025.0199999999995,30.14,251.0425,0,0,2025-07-17,Standard,LinkedIn,True,330,120,30.14
2087,17,12293.17,61.46,723.1276470588235,0,1,2025-05-24,Standard,Facebook Ads,False,384,60,61.46
2088,18,16332.0,81.66,907.3333333333334,0,1,2024-11-07,Standard,Google Ads,True,582,80,81.66
2089,16,2725.5,13.63,170.34375,1,0,2024-09-06,Standard,Facebook Ads,False,644,60,13.63
2090,16,3269.74,16.35,204.35875,0,0,2024-12-27,Standard,Organic,False,532,0,16.35
2091,25,12911.84,64.54,516.4736,0,1,2024-04-18,Standard,Referral,False,785,20,64.54
2092,11,1842.99,9.21,167.54454545454544,0,0,2024-07-24,Standard,Organic,False,688,0,9.21
2093,23,5498.35,27.470000000000002,239.05869565217392,0,0,2025-04-01,Standard,Referral,False,437,20,27.470000000000002
2094,16,2570.03,12.85,160.626875,0,0,2026-03-21,Standard,Google Ads,False,83,80,12.85
2095,11,9728.39,48.63,884.3990909090909,0,0,2026-03-14,Premium,Facebook Ads,False,90,60,48.63
2096,22,3750.92,18.74,170.49636363636364,0,0,2025-12-20,Standard,Referral,False,174,20,18.74
2097,23,17079.030000000002,85.43,742.5665217391305,0,1,2023-08-21,Standard,Referral,False,1026,20,85.43
2098,21,3418.7,17.08,162.7952380952381,0,0,2023-11-03,Standard,Referral,True,952,20,17.08
2099,18,2851.64,14.28,158.42444444444445,0,0,2023-11-05,Standard,LinkedIn,False,950,120,14.28
2100,23,3296.02,16.49,143.30521739130435,0,0,2025-06-30,Standard,Referral,False,347,20,16.49
2101,19,12632.28,63.18,664.8568421052632,0,0,2023-06-14,Premium,Organic,False,1094,0,63.18
2102,19,2387.77,11.95,125.67210526315789,1,0,2025-04-09,Standard,Google Ads,False,429,80,11.95
2103,19,16802.0,84.0,884.3157894736842,1,0,2026-01-19,Premium,Facebook Ads,False,144,60,84.0
2104,15,59130.49,295.65,3942.0326666666665,0,2,2024-08-30,Premium,Referral,False,651,20,295.65
2105,16,2723.48,13.62,170.2175,0,0,2026-03-23,Standard,Google Ads,False,81,80,13.62
2106,25,4009.2,20.07,160.368,0,0,2025-12-25,Standard,Facebook Ads,True,169,60,20.07
2107,20,3452.46,17.28,172.623,0,0,2024-08-07,Standard,Facebook Ads,False,674,60,17.28
2108,24,2925.57,14.61,121.89875,0,0,2025-04-29,Standard,Organic,False,409,0,14.61
2109,18,2911.83,14.56,161.76833333333332,0,0,2024-08-26,Standard,Organic,False,655,0,14.56
2110,18,7348.45,36.739999999999995,408.2472222222222,0,0,2024-03-02,Standard,Organic,False,832,0,36.739999999999995
2111,23,8898.94,44.49,386.9104347826087,0,0,2024-09-02,Standard,Google Ads,False,648,80,44.49
2112,17,3243.9,16.22,190.81764705882352,0,0,2025-07-06,Standard,Google Ads,True,341,80,16.22
2113,11,1462.2,7.3,132.92727272727274,0,0,2024-09-25,Standard,Google Ads,False,625,80,7.3
2114,18,2977.46,14.870000000000001,165.41444444444446,1,0,2024-02-04,Standard,Google Ads,True,859,80,14.870000000000001
2115,19,28978.88,144.88,1525.2042105263158,1,1,2024-04-22,Premium,Organic,False,781,0,144.88
2116,21,2831.95,14.15,134.8547619047619,0,0,2024-09-14,Standard,Organic,False,636,0,14.15
2117,19,2778.05,13.89,146.21315789473684,0,0,2024-04-11,Standard,Organic,True,792,0,13.89
2118,20,3037.14,15.18,151.857,0,0,2025-02-20,Standard,Organic,False,477,0,15.18
2119,21,3503.94,17.51,166.8542857142857,0,0,2024-08-15,Standard,Referral,False,666,20,17.51
2120,22,3610.81,18.04,164.12772727272727,0,0,2023-09-14,Standard,Referral,False,1002,20,18.04
2121,19,129768.01,648.84,6829.895263157894,0,3,2023-07-22,Business,Organic,False,1056,0,648.84
2122,18,2053.91,10.28,114.1061111111111,0,0,2023-11-24,Standard,Google Ads,False,931,80,10.28
2123,32,5140.32,25.7,160.635,1,0,2025-02-12,Standard,Facebook Ads,False,485,60,25.7
2124,16,2547.77,12.75,159.235625,1,0,2026-01-28,Standard,Organic,False,135,0,12.75
2125,24,21500.14,107.51,895.8391666666666,1,0,2024-12-28,Premium,Organic,False,531,0,107.51
2126,15,2727.1499999999996,13.64,181.80999999999997,0,0,2025-12-18,Standard,Facebook Ads,False,176,60,13.64
2127,21,2765.64,13.85,131.69714285714286,0,0,2023-10-18,Standard,Organic,False,968,0,13.85
2128,20,3492.69,17.45,174.6345,0,0,2024-06-21,Standard,Google Ads,False,721,80,17.45
2129,18,2798.63,13.99,155.47944444444445,0,0,2026-04-28,Standard,Organic,False,45,0,13.99
2130,19,2931.98,14.65,154.31473684210528,0,0,2026-03-08,Standard,Referral,True,96,20,14.65
2131,24,18785.79,93.93,782.74125,0,0,2026-04-02,Premium,Facebook Ads,True,71,60,93.93
2132,22,3651.26,18.24,165.96636363636364,0,0,2025-11-22,Standard,Organic,False,202,0,18.24
2133,15,2089.76,10.44,139.31733333333335,1,0,2025-09-01,Standard,Organic,False,284,0,10.44
2134,24,3158.55,15.790000000000001,131.60625000000002,0,0,2023-08-26,Standard,LinkedIn,False,1021,120,15.790000000000001
2135,26,4530.47,22.68,174.24884615384616,1,0,2025-04-18,Standard,Google Ads,False,420,80,22.68
2136,21,2656.0099999999998,13.27,126.47666666666666,0,0,2024-02-05,Standard,Facebook Ads,False,858,60,13.27
2137,12,1637.25,8.19,136.4375,0,0,2023-12-04,Standard,Organic,False,921,0,8.19
2138,20,3354.14,16.78,167.707,0,0,2025-09-03,Standard,Organic,False,282,0,16.78
2139,15,2439.43,12.19,162.62866666666665,0,0,2024-10-15,Standard,Organic,False,605,0,12.19
2140,19,2021.92,10.11,106.41684210526316,0,0,2025-09-16,Standard,Google Ads,False,269,80,10.11
2141,17,2415.96,12.08,142.11529411764707,0,0,2024-06-27,Standard,Referral,False,715,20,12.08
2142,24,3940.32,19.71,164.18,0,0,2025-05-26,Standard,Referral,False,382,20,19.71
2143,18,2354.4,11.78,130.8,0,0,2024-12-05,Standard,Referral,False,554,20,11.78
2144,15,12142.01,60.7,809.4673333333334,0,0,2023-10-22,Premium,Referral,False,964,20,60.7
2145,20,16480.76,82.44,824.0379999999999,1,0,2025-03-04,Premium,Google Ads,False,465,80,82.44
2146,25,20044.47,100.21,801.7788,1,0,2025-05-14,Premium,Referral,False,394,20,100.21
2147,19,13785.84,68.92999999999999,725.5705263157895,0,0,2025-01-25,Premium,Google Ads,False,503,80,68.92999999999999
2148,27,4466.76,22.330000000000002,165.43555555555557,0,0,2024-08-12,Standard,Organic,False,669,0,22.330000000000002
2149,21,15417.83,77.08,734.182380952381,1,0,2025-02-13,Premium,Google Ads,False,484,80,77.08
2150,23,11031.79,55.160000000000004,479.6430434782609,1,0,2025-01-09,Standard,Organic,True,519,0,55.160000000000004
2151,26,3691.8,18.43,141.9923076923077,0,0,2024-03-29,Standard,Organic,False,805,0,18.43
2152,20,3454.05,17.26,172.70250000000001,0,0,2024-09-18,Standard,Google Ads,True,632,80,17.26
2153,31,4243.31,21.23,136.8809677419355,0,0,2024-04-05,Standard,Google Ads,False,798,80,21.23
2154,22,3431.34,17.18,155.97,0,0,2023-09-25,Standard,Referral,False,991,20,17.18
2155,24,3600.0,18.04,150.0,0,0,2024-05-18,Standard,Google Ads,False,755,80,18.04
2156,18,2429.05,12.14,134.94722222222222,0,0,2025-10-28,Standard,Facebook Ads,False,227,60,12.14
2157,17,16842.61,84.2,990.7417647058824,0,0,2024-05-23,Premium,Facebook Ads,True,750,60,84.2
2158,16,12281.64,61.410000000000004,767.6025,1,0,2026-06-11,Premium,Google Ads,True,1,80,61.410000000000004
2159,22,3248.24,16.23,147.6472727272727,1,0,2024-04-25,Standard,Google Ads,False,778,80,16.23
2160,22,14691.54,73.46000000000001,667.7972727272728,0,1,2023-09-28,Standard,Google Ads,False,988,80,73.46000000000001
2161,16,14771.71,73.87,923.231875,0,0,2026-06-04,Premium,Organic,False,8,0,73.87
2162,15,11563.63,57.81,770.9086666666666,1,0,2024-11-22,Premium,LinkedIn,False,567,120,57.81
2163,28,19398.239999999998,96.98,692.7942857142856,2,0,2023-12-18,Premium,Google Ads,False,907,80,96.98
2164,22,17537.69,87.69,797.1677272727272,1,0,2023-12-26,Premium,LinkedIn,False,899,120,87.69
2165,23,3086.5299999999997,15.43,134.1969565217391,0,0,2026-01-16,Standard,Organic,False,147,0,15.43
2166,23,25355.84,126.78,1102.4278260869564,0,0,2025-03-12,Premium,LinkedIn,False,457,120,126.78
2167,17,3186.92,15.95,187.46588235294118,1,0,2026-03-14,Standard,Organic,False,90,0,15.95
2168,21,3163.93,15.81,150.66333333333333,0,0,2025-07-19,Standard,Referral,True,328,20,15.81
2169,15,13417.22,67.08,894.4813333333333,0,0,2025-02-12,Premium,Referral,False,485,20,67.08
2170,27,4320.64,21.59,160.02370370370372,1,0,2025-09-15,Standard,Google Ads,False,270,80,21.59
2171,16,2081.94,10.42,130.12125,0,0,2024-04-13,Standard,Google Ads,False,790,80,10.42
2172,17,2947.15,14.74,173.36176470588236,0,0,2023-10-19,Standard,LinkedIn,False,967,120,14.74
2173,13,1952.63,9.77,150.2023076923077,0,0,2024-01-27,Standard,Organic,False,867,0,9.77
2174,26,17166.7,85.84,660.2576923076923,0,0,2023-10-17,Premium,Organic,False,969,0,85.84
2175,22,3447.14,17.24,156.68818181818182,0,0,2025-01-16,Standard,Referral,False,512,20,17.24
2176,19,2495.54,12.49,131.34421052631578,0,0,2024-02-08,Standard,Organic,False,855,0,12.49
2177,27,4515.24,22.59,167.2311111111111,1,0,2025-04-29,Standard,Organic,True,409,0,22.59
2178,21,15272.25,76.36,727.25,0,0,2025-09-06,Premium,Organic,False,279,0,76.36
2179,23,3287.63,16.43,142.9404347826087,0,0,2023-09-12,Standard,Google Ads,False,1004,80,16.43
2180,16,2439.9700000000003,12.2,152.49812500000002,0,0,2023-11-29,Standard,Facebook Ads,False,926,60,12.2
2181,20,16866.41,84.34,843.3205,0,0,2025-01-18,Premium,Facebook Ads,False,510,60,84.34
2182,15,2512.65,12.58,167.51000000000002,0,0,2025-06-26,Standard,Organic,False,351,0,12.58
2183,15,1622.59,8.12,108.17266666666666,0,0,2025-01-09,Standard,LinkedIn,True,519,120,8.12
2184,25,17953.55,89.76999999999998,718.1419999999999,0,1,2025-01-26,Standard,LinkedIn,False,502,120,89.76999999999998
2185,17,2673.5,13.370000000000001,157.26470588235293,0,0,2026-04-13,Standard,Google Ads,False,60,80,13.370000000000001
2186,22,3351.86,16.78,152.35727272727274,0,0,2024-08-08,Standard,Referral,False,673,20,16.78
2187,28,20249.53,101.24,723.1975,0,0,2024-06-20,Premium,Google Ads,True,722,80,101.24
2188,16,2463.7,12.33,153.98125,0,0,2023-09-05,Standard,Google Ads,False,1011,80,12.33
2189,10,3489.4100000000003,17.439999999999998,348.94100000000003,0,0,2025-02-26,Standard,Referral,False,471,20,17.439999999999998
2190,30,4861.68,24.3,162.056,0,0,2025-04-12,Standard,Organic,True,426,0,24.3
2191,22,3459.5,17.29,157.25,1,0,2024-02-05,Standard,Google Ads,False,858,80,17.29
2192,19,3412.61,17.05,179.61105263157896,0,0,2023-07-30,Standard,Organic,False,1048,0,17.05
2193,13,1481.07,7.4,113.92846153846153,0,0,2026-01-11,Standard,Organic,False,152,0,7.4
2194,24,16042.5,80.23,668.4375,0,1,2025-01-10,Standard,LinkedIn,False,518,120,80.23
2195,30,4234.34,21.19,141.14466666666667,1,0,2025-09-07,Standard,Facebook Ads,False,278,60,21.19
2196,22,3960.1800000000003,19.81,180.00818181818184,0,0,2025-10-08,Standard,Facebook Ads,False,247,60,19.81
2197,16,1765.74,8.82,110.35875,1,0,2025-01-13,Standard,Referral,False,515,20,8.82
2198,22,3199.95,16.02,145.4522727272727,1,0,2025-02-08,Standard,Organic,False,489,0,16.02
2199,14,1590.14,7.96,113.58142857142857,0,0,2026-01-23,Standard,Google Ads,False,140,80,7.96
2200,23,136227.4,681.13,5922.930434782608,1,3,2024-10-29,Business,Facebook Ads,False,591,60,681.13
2201,17,13379.14,66.89,787.0082352941176,1,0,2025-02-10,Premium,Referral,True,487,20,66.89
2202,22,3699.64,18.5,168.16545454545454,0,0,2026-04-12,Standard,LinkedIn,False,61,120,18.5
2203,14,1657.04,8.3,118.36,1,0,2026-04-30,Standard,LinkedIn,False,43,120,8.3
2204,19,2888.2200000000003,14.459999999999999,152.01157894736843,0,0,2025-10-16,Standard,Organic,False,239,0,14.459999999999999
2205,21,17610.49,88.03999999999999,838.594761904762,1,1,2025-09-30,Standard,Facebook Ads,False,255,60,88.03999999999999
2206,23,3667.31,18.34,159.44826086956522,0,0,2024-08-03,Standard,Google Ads,False,678,80,18.34
2207,22,89738.03,448.68,4079.0013636363637,1,2,2023-07-20,Business,Referral,False,1058,20,448.68
2208,22,3750.29,18.75,170.46772727272727,1,0,2023-10-23,Standard,Google Ads,False,963,80,18.75
2209,14,11914.02,59.58,851.0014285714286,0,0,2025-01-30,Premium,Google Ads,False,498,80,59.58
2210,18,405823.14999999997,2029.1200000000001,22545.730555555554,0,1,2025-01-23,Business,Organic,False,505,0,2029.1200000000001
2211,22,3006.4700000000003,15.04,136.65772727272727,1,0,2025-11-27,Standard,Organic,True,197,0,15.04
2212,25,3824.65,19.11,152.986,0,0,2024-06-23,Standard,Google Ads,False,719,80,19.11
2213,20,3016.04,15.1,150.802,0,0,2025-05-03,Standard,Google Ads,False,405,80,15.1
2214,24,4292.76,21.46,178.865,0,0,2026-01-02,Standard,Google Ads,False,161,80,21.46
2215,25,75402.8,377.02000000000004,3016.112,1,2,2024-03-27,Premium,Organic,False,807,0,377.02000000000004
2216,22,4001.08,20.0,181.86727272727273,0,0,2026-02-02,Standard,Organic,False,130,0,20.0
2217,20,3302.68,16.48,165.134,0,0,2024-12-25,Standard,Google Ads,False,534,80,16.48
2218,18,5005.110000000001,25.02,278.0616666666667,0,0,2023-07-07,Standard,Organic,False,1071,0,25.02
2219,16,2389.88,11.95,149.3675,0,0,2024-06-21,Standard,Google Ads,False,721,80,11.95
2220,19,23765.19,118.83,1250.7994736842104,1,1,2024-07-21,Premium,Referral,True,691,20,118.83
2221,22,14737.02,73.69,669.8645454545455,1,0,2024-09-13,Premium,Facebook Ads,True,637,60,73.69
2222,21,3468.6800000000003,17.33,165.17523809523811,1,0,2023-10-22,Standard,Organic,False,964,0,17.33
2223,13,13939.26,69.71000000000001,1072.2507692307693,0,0,2024-07-25,Premium,Referral,False,687,20,69.71000000000001
2224,19,2709.5,13.56,142.60526315789474,0,0,2023-11-09,Standard,Organic,True,946,0,13.56
2225,19,44880.02,224.4,2362.1063157894737,0,1,2023-09-12,Premium,Organic,False,1004,0,224.4
2226,26,3246.7599999999998,16.24,124.8753846153846,0,0,2024-03-17,Standard,Organic,False,817,0,16.24
2227,16,2771.34,13.87,173.20875,1,0,2023-09-02,Standard,Facebook Ads,True,1014,60,13.87
2228,25,3744.62,18.75,149.7848,0,0,2025-01-10,Standard,Google Ads,False,518,80,18.75
2229,20,7124.9,35.620000000000005,356.245,0,0,2025-06-04,Standard,Organic,False,373,0,35.620000000000005
2230,15,12508.27,62.53,833.8846666666667,1,0,2024-06-24,Premium,Referral,False,718,20,62.53
2231,20,92802.72,464.03000000000003,4640.136,0,2,2023-11-08,Premium,LinkedIn,False,947,120,464.03000000000003
2232,27,6406.67,32.019999999999996,237.28407407407408,1,0,2024-09-14,Standard,Organic,True,636,0,32.019999999999996
2233,25,3440.77,17.22,137.6308,1,0,2023-10-28,Standard,Organic,False,958,0,17.22
2234,17,13789.84,68.94,811.1670588235294,0,0,2024-11-12,Premium,Facebook Ads,False,577,60,68.94
2235,12,6958.849999999999,34.8,579.9041666666666,0,0,2024-01-28,Premium,Referral,False,866,20,34.8
2236,21,3644.49,18.22,173.54714285714286,2,0,2024-07-05,Standard,Google Ads,False,707,80,18.22
2237,21,5259.22,26.3,250.43904761904764,0,0,2024-03-05,Standard,Referral,False,829,20,26.3
2238,21,3364.48,16.82,160.21333333333334,0,0,2024-03-08,Standard,Google Ads,False,826,80,16.82
2239,22,3459.05,17.32,157.22954545454547,0,0,2025-04-13,Standard,Referral,False,425,20,17.32
2240,19,2655.79,13.27,139.7784210526316,0,0,2024-12-06,Standard,Google Ads,False,553,80,13.27
2241,18,2928.75,14.65,162.70833333333334,0,0,2024-04-28,Standard,LinkedIn,False,775,120,14.65
2242,20,2693.12,13.469999999999999,134.656,0,0,2025-08-06,Standard,Referral,True,310,20,13.469999999999999
2243,19,2666.64,13.32,140.34947368421052,0,0,2024-01-07,Standard,Facebook Ads,True,887,60,13.32
2244,20,11843.07,59.19,592.1535,1,0,2025-10-01,Standard,Facebook Ads,False,254,60,59.19
2245,20,2926.99,14.64,146.34949999999998,1,0,2024-09-05,Standard,LinkedIn,False,645,120,14.64
2246,23,3562.9,17.82,154.90869565217392,0,0,2025-11-07,Standard,Referral,False,217,20,17.82
2247,18,13609.08,68.06,756.06,1,0,2024-08-08,Premium,Organic,False,673,0,68.06
2248,20,13574.27,67.87,678.7135000000001,0,0,2025-10-24,Standard,Organic,False,231,0,67.87
2249,28,4655.88,23.29,166.28142857142856,0,0,2023-12-08,Standard,Facebook Ads,False,917,60,23.29
2250,26,4175.57,20.87,160.59884615384615,1,0,2023-11-22,Standard,Facebook Ads,False,933,60,20.87
2251,17,2369.6,11.84,139.38823529411764,0,0,2025-07-23,Standard,Organic,False,324,0,11.84
2252,19,2828.03,14.14,148.84368421052633,0,0,2023-08-16,Standard,Referral,False,1031,20,14.14
2253,24,3874.35,19.36,161.43125,0,0,2025-02-06,Standard,Referral,False,491,20,19.36
2254,13,2405.9700000000003,12.02,185.0746153846154,0,0,2025-04-19,Standard,Referral,True,419,20,12.02
2255,21,3336.34,16.68,158.87333333333333,1,0,2025-10-26,Standard,Facebook Ads,False,229,60,16.68
2256,18,83203.69,416.01,4622.427222222223,1,1,2025-12-04,Business,Organic,False,190,0,416.01
2257,19,18244.14,91.21,960.217894736842,1,0,2026-03-21,Premium,Facebook Ads,False,83,60,91.21
2258,10,1541.04,7.69,154.10399999999998,0,0,2025-09-17,Standard,Google Ads,False,268,80,7.69
2259,18,2340.08,11.69,130.00444444444443,0,0,2025-02-19,Standard,Referral,False,478,20,11.69
2260,14,2236.9,11.18,159.77857142857144,0,0,2025-06-19,Standard,Referral,False,358,20,11.18
2261,18,2846.63,14.23,158.1461111111111,0,0,2026-01-27,Standard,Organic,False,136,0,14.23
2262,16,2454.86,12.27,153.42875,0,0,2024-05-16,Standard,Google Ads,False,757,80,12.27
2263,24,22123.09,110.6,921.7954166666667,0,1,2023-11-06,Standard,LinkedIn,False,949,120,110.6
2264,23,4354.5,21.76,189.32608695652175,0,0,2025-08-01,Standard,Referral,False,315,20,21.76
2265,13,10192.99,50.96,784.0761538461538,1,0,2026-05-05,Premium,Organic,False,38,0,50.96
2266,25,134581.9,672.92,5383.276,0,1,2025-08-04,Business,Organic,False,312,0,672.92
2267,17,12497.93,62.47,735.1723529411765,0,0,2025-12-22,Premium,LinkedIn,True,172,120,62.47
2268,14,2678.11,13.379999999999999,191.29357142857143,1,0,2025-10-08,Standard,Organic,False,247,0,13.379999999999999
2269,15,1924.74,9.629999999999999,128.316,0,0,2025-08-02,Standard,Google Ads,True,314,80,9.629999999999999
2270,15,2774.84,13.86,184.98933333333335,0,0,2024-03-13,Standard,Google Ads,False,821,80,13.86
2271,23,3551.16,17.75,154.3982608695652,0,0,2023-10-03,Standard,Referral,False,983,20,17.75
2272,24,2735.09,13.66,113.96208333333334,0,0,2025-07-03,Standard,LinkedIn,False,344,120,13.66
2273,15,2090.98,10.46,139.39866666666666,0,0,2025-06-10,Standard,Google Ads,False,367,80,10.46
2274,16,2926.74,14.65,182.92125,0,0,2026-04-22,Standard,Organic,False,51,0,14.65
2275,26,14657.35,73.28,563.7442307692307,0,0,2023-09-08,Standard,Organic,False,1008,0,73.28
2276,17,2250.64,11.26,132.3905882352941,0,0,2025-05-23,Standard,Facebook Ads,False,385,60,11.26
2277,13,1923.95,9.63,147.99615384615385,0,0,2024-06-21,Standard,Organic,True,721,0,9.63
2278,18,2795.54,13.98,155.30777777777777,0,0,2023-06-21,Standard,LinkedIn,False,1087,120,13.98
2279,24,4346.25,21.71,181.09375,0,0,2023-06-23,Standard,LinkedIn,True,1085,120,21.71
2280,23,21693.89,108.47,943.2126086956522,0,0,2026-01-07,Premium,Google Ads,False,156,80,108.47
2281,16,2273.56,11.37,142.0975,0,0,2025-01-08,Standard,Google Ads,False,520,80,11.37
2282,27,14925.380000000001,74.64,552.7918518518519,0,1,2025-03-10,Standard,Google Ads,True,459,80,74.64
2283,14,12318.050000000001,61.57,879.8607142857144,0,0,2026-06-07,Premium,Referral,False,5,20,61.57
2284,22,3244.3,16.23,147.46818181818182,0,0,2025-10-16,Standard,Organic,False,239,0,16.23
2285,15,2033.99,10.17,135.59933333333333,0,0,2024-10-25,Standard,Google Ads,False,595,80,10.17
2286,18,102648.49,513.25,5702.693888888889,0,1,2025-03-15,Premium,Referral,True,454,20,513.25
2287,14,2305.25,11.52,164.66071428571428,0,0,2024-03-23,Standard,Organic,False,811,0,11.52
2288,20,61372.15,306.87,3068.6075,0,1,2025-03-03,Premium,LinkedIn,True,466,120,306.87
2289,18,15257.84,76.28999999999999,847.6577777777778,1,0,2026-03-29,Premium,LinkedIn,False,75,120,76.28999999999999
2290,24,4087.33,20.45,170.30541666666667,0,0,2023-08-28,Standard,Organic,False,1019,0,20.45
2291,20,2969.29,14.84,148.4645,0,0,2023-06-15,Standard,Organic,False,1093,0,14.84
2292,17,3110.28,15.55,182.95764705882354,0,0,2023-12-06,Standard,Google Ads,False,919,80,15.55
2293,20,39594.94,197.96,1979.747,0,1,2026-04-03,Premium,Google Ads,False,70,80,197.96
2294,23,8526.74,42.64,370.7278260869565,0,0,2024-02-16,Standard,Google Ads,False,847,80,42.64
2295,21,11710.25,58.52,557.6309523809524,1,0,2025-09-23,Standard,Referral,False,262,20,58.52
2296,26,4543.35,22.73,174.7442307692308,0,0,2024-08-25,Standard,LinkedIn,False,656,120,22.73
2297,20,2879.14,14.39,143.957,1,0,2026-03-19,Standard,Organic,False,85,0,14.39
2298,18,3205.61,16.02,178.08944444444444,0,0,2026-01-24,Standard,Organic,False,139,0,16.02
2299,17,2315.87,11.59,136.22764705882352,0,0,2026-03-14,Standard,Google Ads,False,90,80,11.59
2300,26,12019.15,60.089999999999996,462.275,0,0,2025-05-14,Standard,LinkedIn,False,394,120,60.089999999999996
2301,14,1763.28,8.81,125.94857142857143,0,0,2026-05-15,Standard,Google Ads,False,28,80,8.81
2302,10,1608.16,8.03,160.816,0,0,2023-11-07,Standard,Organic,False,948,0,8.03
2303,31,8820.52,44.11,284.5329032258065,0,0,2025-04-23,Standard,Organic,False,415,0,44.11
2304,22,3307.0,16.53,150.3181818181818,0,0,2023-07-09,Standard,Referral,False,1069,20,16.53
2305,22,3124.03,15.61,142.00136363636364,0,0,2024-06-21,Standard,Organic,False,721,0,15.61
2306,18,2048.24,10.23,113.79111111111109,0,0,2024-09-25,Standard,LinkedIn,False,625,120,10.23
2307,21,6588.900000000001,32.93,313.75714285714287,0,0,2026-05-09,Standard,Organic,False,34,0,32.93
2308,17,3028.74,15.16,178.16117647058823,1,0,2025-10-06,Standard,Facebook Ads,False,249,60,15.16
2309,21,3385.86,16.93,161.23142857142858,0,0,2025-05-11,Standard,Facebook Ads,False,397,60,16.93
2310,12,9100.56,45.5,758.38,0,0,2026-05-29,Premium,Referral,False,14,20,45.5
2311,14,2184.67,10.93,156.04785714285714,0,0,2023-10-06,Standard,LinkedIn,False,980,120,10.93
2312,16,2228.49,11.15,139.280625,0,0,2025-10-27,Standard,Organic,False,228,0,11.15
2313,22,22878.7,114.38,1039.9409090909091,0,1,2024-09-26,Standard,Google Ads,True,624,80,114.38
2314,15,17468.41,87.33,1164.5606666666667,0,0,2025-01-25,Premium,Organic,False,503,0,87.33
2315,17,2815.74,14.07,165.63176470588235,0,0,2025-03-18,Standard,Google Ads,False,451,80,14.07
2316,26,4523.66,22.62,173.98692307692306,0,0,2024-02-07,Standard,Organic,False,856,0,22.62
2317,16,2136.91,10.69,133.556875,0,0,2026-04-30,Standard,Google Ads,False,43,80,10.69
2318,13,2016.61,10.09,155.12384615384616,1,0,2023-07-31,Standard,Facebook Ads,False,1047,60,10.09
2319,21,3663.91,18.330000000000002,174.47190476190477,1,0,2024-02-23,Standard,Referral,False,840,20,18.330000000000002
2320,19,2835.49,14.2,149.23631578947368,2,0,2025-10-28,Standard,Google Ads,False,227,80,14.2
2321,21,130133.63,650.67,6196.839523809524,1,3,2025-10-31,Business,Google Ads,False,224,80,650.67
2322,23,3338.82,16.69,145.16608695652175,1,0,2023-09-16,Standard,Organic,False,1000,0,16.69
2323,17,2773.34,13.86,163.13764705882355,0,0,2025-05-11,Standard,LinkedIn,False,397,120,13.86
2324,17,12556.279999999999,62.77,738.6047058823528,0,1,2024-01-30,Standard,Facebook Ads,True,864,60,62.77
2325,27,136043.1,680.22,5038.633333333333,0,4,2023-12-23,Business,Organic,False,902,0,680.22
2326,25,12230.26,61.17,489.2104,1,1,2023-08-05,Standard,Google Ads,False,1042,80,61.17
2327,20,2892.7799999999997,14.46,144.63899999999998,0,0,2023-09-12,Standard,Organic,True,1004,0,14.46
2328,21,18738.55,93.69,892.3119047619048,0,0,2024-01-04,Premium,Referral,False,890,20,93.69
2329,17,12125.58,60.62,713.2694117647059,2,0,2024-04-29,Premium,Facebook Ads,False,774,60,60.62
2330,26,3467.67,17.34,133.37192307692308,0,0,2025-03-26,Standard,Organic,False,443,0,17.34
2331,16,13546.64,67.73,846.665,1,0,2023-12-23,Premium,Google Ads,False,902,80,67.73
2332,24,14723.75,73.61,613.4895833333334,0,0,2024-05-05,Premium,Organic,False,768,0,73.61
2333,20,2755.37,13.8,137.7685,1,0,2024-07-02,Standard,Facebook Ads,False,710,60,13.8
2334,21,277838.58999999997,1389.2,13230.409047619047,0,1,2026-03-04,Business,Organic,False,100,0,1389.2
2335,23,3628.65,18.16,157.76739130434783,0,0,2025-03-09,Standard,Google Ads,False,460,80,18.16
2336,19,3173.0,15.88,167.0,0,0,2026-03-13,Standard,Google Ads,False,91,80,15.88
2337,23,3790.37,18.95,164.7986956521739,1,0,2024-07-19,Standard,Google Ads,False,693,80,18.95
2338,19,3332.78,16.66,175.40947368421052,0,0,2025-01-20,Standard,Organic,False,508,0,16.66
2339,18,2748.46,13.74,152.69222222222223,0,0,2024-03-23,Standard,Referral,False,811,20,13.74
2340,16,4508.01,22.52,281.750625,0,0,2026-01-11,Standard,Organic,False,152,0,22.52
2341,13,1966.17,9.84,151.24384615384616,0,0,2023-12-22,Standard,Referral,False,903,20,9.84
2342,22,109235.33,546.17,4965.242272727272,0,1,2026-03-01,Premium,LinkedIn,False,103,120,546.17
2343,23,3752.17,18.77,163.13782608695652,0,0,2024-07-04,Standard,Google Ads,True,708,80,18.77
2344,27,15596.93,77.99,577.664074074074,0,1,2024-03-28,Standard,Facebook Ads,False,806,60,77.99
2345,18,2423.96,12.12,134.66444444444446,0,0,2024-08-07,Standard,Organic,True,674,0,12.12
2346,19,15285.269999999999,76.44,804.487894736842,1,0,2024-05-22,Premium,LinkedIn,False,751,120,76.44
2347,22,9737.23,48.699999999999996,442.6013636363636,1,0,2024-04-25,Standard,Referral,False,778,20,48.699999999999996
2348,15,2257.07,11.3,150.47133333333335,1,0,2026-04-14,Standard,Google Ads,False,59,80,11.3
2349,15,1677.8899999999999,8.4,111.85933333333332,0,0,2023-10-02,Standard,Organic,False,984,0,8.4
2350,18,2549.2,12.74,141.6222222222222,0,0,2025-07-01,Standard,Referral,False,346,20,12.74
2351,15,2447.15,12.24,163.14333333333335,0,0,2026-05-19,Standard,Referral,False,24,20,12.24
2352,27,4658.38,23.3,172.5325925925926,1,0,2025-02-18,Standard,Referral,False,479,20,23.3
2353,24,3891.51,19.48,162.14625,0,0,2024-05-12,Standard,Referral,False,761,20,19.48
2354,28,4243.38,21.24,151.54928571428573,0,0,2024-07-13,Standard,LinkedIn,False,699,120,21.24
2355,20,3154.71,15.78,157.7355,1,0,2026-06-08,Standard,Facebook Ads,False,4,60,15.78
2356,22,22701.82,113.49,1031.9009090909092,0,1,2026-05-26,Standard,Google Ads,False,17,80,113.49
2357,14,1875.08,9.379999999999999,133.93428571428572,0,0,2025-12-25,Standard,Referral,False,169,20,9.379999999999999
2358,20,77144.21,385.71000000000004,3857.2105,1,2,2023-06-27,Premium,Google Ads,False,1081,80,385.71000000000004
2359,20,3818.86,19.08,190.943,0,0,2026-03-17,Standard,Organic,False,87,0,19.08
2360,20,103637.03,518.17,5181.8515,0,1,2023-08-26,Business,Referral,False,1021,20,518.17
2361,33,11589.59,57.98,351.19969696969696,0,0,2026-02-19,Standard,Google Ads,False,113,80,57.98
2362,18,2599.62,13.0,144.42333333333332,0,0,2024-03-02,Standard,Referral,True,832,20,13.0
2363,25,16818.36,84.09,672.7344,1,0,2024-04-12,Premium,Google Ads,False,791,80,84.09
2364,25,3808.8,19.04,152.352,0,0,2025-05-18,Standard,Facebook Ads,False,390,60,19.04
2365,11,2539.29,12.68,230.84454545454545,0,0,2024-12-15,Standard,Google Ads,False,544,80,12.68
2366,15,13827.67,69.14,921.8446666666666,1,0,2025-09-04,Premium,Google Ads,False,281,80,69.14
2367,16,2693.64,13.450000000000001,168.3525,1,0,2025-05-23,Standard,Referral,False,385,20,13.450000000000001
2368,13,9344.16,46.72,718.7815384615385,1,0,2023-12-10,Premium,Google Ads,True,915,80,46.72
2369,21,2489.94,12.46,118.56857142857143,0,0,2023-09-14,Standard,LinkedIn,True,1002,120,12.46
2370,18,2458.36,12.3,136.57555555555555,0,0,2024-03-28,Standard,Google Ads,False,806,80,12.3
2371,18,2503.62,12.52,139.09,0,0,2025-01-22,Standard,Organic,False,506,0,12.52
2372,20,3246.75,16.24,162.3375,0,0,2026-03-20,Standard,Organic,False,84,0,16.24
2373,19,3134.78,15.68,164.9884210526316,0,0,2025-12-03,Standard,Google Ads,False,191,80,15.68
2374,16,14451.33,72.26,903.208125,0,1,2023-07-10,Standard,Facebook Ads,False,1068,60,72.26
2375,13,2498.97,12.5,192.22846153846152,1,0,2024-07-03,Standard,Referral,True,709,20,12.5
2376,25,17732.57,88.68,709.3027999999999,1,1,2025-02-20,Standard,Facebook Ads,False,477,60,88.68
2377,12,2222.14,11.09,185.1783333333333,0,0,2025-01-17,Standard,Organic,False,511,0,11.09
2378,21,2965.92,14.84,141.2342857142857,2,0,2025-09-03,Standard,Organic,False,282,0,14.84
2379,20,14911.259999999998,74.53999999999999,745.5629999999999,0,1,2024-03-04,Standard,Organic,False,830,0,74.53999999999999
2380,22,3097.37,15.48,140.78954545454545,0,0,2026-04-20,Standard,Organic,False,53,0,15.48
2381,13,2251.33,11.28,173.17923076923077,0,0,2026-01-04,Standard,Organic,False,159,0,11.28
2382,20,14838.0,74.17,741.9,1,0,2024-04-18,Premium,Facebook Ads,False,785,60,74.17
2383,11,1918.14,9.59,174.37636363636364,0,0,2025-09-22,Standard,Referral,True,263,20,9.59
2384,25,4176.32,20.88,167.0528,1,0,2025-10-02,Standard,Organic,False,253,0,20.88
2385,16,2307.7,11.54,144.23125,1,0,2024-11-30,Standard,Google Ads,False,559,80,11.54
2386,20,6832.01,34.15,341.6005,1,0,2025-03-17,Standard,Organic,False,452,0,34.15
2387,23,3683.78,18.42,160.16434782608695,1,0,2025-06-26,Standard,Organic,False,351,0,18.42
2388,20,2749.47,13.76,137.4735,0,0,2025-05-25,Standard,Facebook Ads,False,383,60,13.76
2389,25,16892.15,84.47,675.686,0,0,2025-06-12,Premium,LinkedIn,False,365,120,84.47
2390,19,13083.84,65.39,688.6231578947369,0,0,2025-11-22,Premium,Google Ads,False,202,80,65.39
2391,17,2816.72,14.09,165.68941176470588,1,0,2026-06-02,Standard,Google Ads,False,10,80,14.09
2392,29,8809.86,44.059999999999995,303.788275862069,2,0,2023-09-05,Standard,Facebook Ads,False,1011,60,44.059999999999995
2393,21,3448.81,17.24,164.2290476190476,1,0,2026-05-03,Standard,LinkedIn,False,40,120,17.24
2394,15,2573.31,12.86,171.554,0,0,2025-05-29,Standard,Referral,True,379,20,12.86
2395,21,2526.42,12.620000000000001,120.30571428571429,0,0,2023-07-07,Standard,Facebook Ads,True,1071,60,12.620000000000001
2396,18,14272.09,71.36,792.8938888888889,0,0,2026-03-04,Premium,Facebook Ads,False,100,60,71.36
2397,13,11325.62,56.63,871.2015384615386,2,0,2025-03-04,Premium,Organic,False,465,0,56.63
2398,22,3474.35,17.38,157.92499999999998,0,0,2024-05-16,Standard,Organic,True,757,0,17.38
2399,26,4008.86,20.06,154.18692307692308,0,0,2025-08-21,Standard,Referral,False,295,20,20.06
2400,27,8330.94,41.66,308.55333333333334,0,0,2024-07-02,Standard,Facebook Ads,False,710,60,41.66
2401,10,4329.47,21.66,432.947,0,0,2025-07-25,Standard,Organic,False,322,0,21.66
2402,32,20768.559999999998,103.86,649.0174999999999,0,1,2023-11-01,Standard,Referral,False,954,20,103.86
2403,14,4042.18,20.21,288.72714285714284,0,0,2025-06-27,Standard,Google Ads,False,350,80,20.21
2404,24,16395.61,81.98,683.1504166666667,1,0,2025-02-26,Premium,Google Ads,False,471,80,81.98
2405,21,2712.51,13.58,129.16714285714286,0,0,2025-03-12,Standard,LinkedIn,False,457,120,13.58
2406,27,4337.62,21.69,160.65259259259258,0,0,2023-11-13,Standard,Facebook Ads,False,942,60,21.69
2407,17,2835.0,14.17,166.76470588235293,0,0,2024-12-22,Standard,LinkedIn,False,537,120,14.17
2408,17,4624.8,23.12,272.0470588235294,0,0,2025-04-20,Standard,Referral,True,418,20,23.12
2409,14,2583.46,12.92,184.53285714285715,0,0,2024-12-07,Standard,Google Ads,False,552,80,12.92
2410,25,4505.360000000001,22.52,180.2144,0,0,2024-09-18,Standard,Referral,False,632,20,22.52
2411,16,7605.48,38.010000000000005,475.3425,0,0,2023-10-15,Standard,Referral,False,971,20,38.010000000000005
2412,25,3697.9,18.48,147.916,0,0,2025-02-24,Standard,Google Ads,False,473,80,18.48
2413,17,2554.42,12.77,150.26,0,0,2026-01-12,Standard,Google Ads,False,151,80,12.77
2414,27,4428.89,22.14,164.03296296296298,0,0,2025-11-27,Standard,Google Ads,False,197,80,22.14
2415,27,4848.23,24.23,179.56407407407406,1,0,2023-09-18,Standard,Google Ads,False,998,80,24.23
2416,23,19985.68,99.94,868.9426086956522,0,0,2024-10-27,Premium,Google Ads,False,593,80,99.94
2417,20,20006.86,100.02,1000.3430000000001,0,1,2025-08-23,Standard,Referral,False,293,20,100.02
2418,13,1974.01,9.870000000000001,151.84692307692308,0,0,2024-07-18,Standard,Referral,False,694,20,9.870000000000001
2419,18,11286.79,56.43,627.0438888888889,0,0,2025-02-18,Premium,Referral,False,479,20,56.43
2420,21,3063.87,15.32,145.89857142857142,0,0,2024-11-21,Standard,Organic,False,568,0,15.32
2421,28,25550.36,127.74,912.5128571428571,1,0,2025-02-14,Premium,Google Ads,False,483,80,127.74
2422,19,8186.29,40.93,430.8573684210526,0,0,2024-11-07,Standard,Google Ads,False,582,80,40.93
2423,26,4038.0,20.21,155.30769230769232,1,0,2024-02-13,Standard,Referral,False,850,20,20.21
2424,22,3400.4700000000003,17.0,154.5668181818182,0,0,2026-01-04,Standard,LinkedIn,False,159,120,17.0
2425,18,16279.13,81.42,904.396111111111,0,0,2026-02-09,Premium,Referral,False,123,20,81.42
2426,25,4106.3,20.51,164.252,0,0,2023-08-11,Standard,LinkedIn,False,1036,120,20.51
2427,14,12485.07,62.410000000000004,891.7907142857142,1,0,2025-07-05,Premium,Organic,False,342,0,62.410000000000004
2428,18,9940.28,49.7,552.2377777777779,1,0,2024-03-11,Standard,LinkedIn,False,823,120,49.7
2429,14,2274.7799999999997,11.370000000000001,162.4842857142857,0,0,2026-03-25,Standard,Referral,False,79,20,11.370000000000001
2430,18,2655.0099999999998,13.26,147.50055555555554,1,0,2024-03-11,Standard,Google Ads,False,823,80,13.26
2431,16,2261.93,11.3,141.370625,1,0,2025-06-18,Standard,Google Ads,False,359,80,11.3
2432,16,1896.98,9.49,118.56125,1,0,2024-08-08,Standard,Organic,False,673,0,9.49
2433,20,17718.15,88.6,885.9075,0,0,2025-12-30,Premium,Referral,False,164,20,88.6
2434,22,22641.04,113.21,1029.138181818182,1,1,2024-11-27,Standard,Referral,False,562,20,113.21
2435,20,10646.35,53.25000000000001,532.3175,1,0,2024-04-24,Standard,Referral,False,779,20,53.25000000000001
2436,23,3475.15,17.35,151.09347826086957,0,0,2025-03-12,Standard,Referral,False,457,20,17.35
2437,22,118571.21,592.85,5389.600454545455,2,2,2024-11-17,Business,Facebook Ads,False,572,60,592.85
2438,14,2480.17,12.39,177.155,0,0,2024-11-18,Standard,LinkedIn,False,571,120,12.39
2439,26,4323.7,21.62,166.29615384615383,0,0,2026-02-24,Standard,Organic,True,108,0,21.62
2440,32,14792.019999999999,73.95,462.25062499999996,0,1,2023-08-30,Standard,Referral,False,1017,20,73.95
2441,15,2196.21,10.99,146.41400000000002,0,0,2025-07-31,Standard,Google Ads,False,316,80,10.99
2442,12,1812.1499999999999,9.07,151.0125,0,0,2024-08-18,Standard,LinkedIn,False,663,120,9.07
2443,18,4271.41,21.34,237.30055555555555,0,0,2025-11-09,Standard,Organic,False,215,0,21.34
2444,21,3651.2799999999997,18.25,173.87047619047618,0,0,2026-02-07,Standard,Organic,False,125,0,18.25
2445,24,18693.829999999998,93.45,778.9095833333332,1,0,2025-06-26,Premium,Referral,False,351,20,93.45
2446,15,2344.58,11.72,156.30533333333332,0,0,2025-03-23,Standard,Organic,False,446,0,11.72
2447,22,5145.66,25.74,233.89363636363635,0,0,2024-08-28,Standard,Google Ads,False,653,80,25.74
2448,19,2434.77,12.18,128.1457894736842,0,0,2023-12-08,Standard,Google Ads,True,917,80,12.18
2449,20,17896.69,89.48,894.8344999999999,1,0,2024-10-29,Premium,Referral,False,591,20,89.48
2450,23,2763.34,13.82,120.14521739130436,0,0,2025-03-08,Standard,LinkedIn,False,461,120,13.82
2451,25,257933.32,1289.7,10317.3328,0,3,2024-05-23,Business,LinkedIn,False,750,120,1289.7
2452,14,11346.050000000001,56.72,810.4321428571429,2,0,2025-11-02,Premium,Referral,False,222,20,56.72
2453,13,5131.2,25.659999999999997,394.7076923076923,0,0,2025-08-29,Standard,Facebook Ads,False,287,60,25.659999999999997
2454,32,20361.57,101.83,636.2990625,2,1,2023-08-31,Standard,Google Ads,False,1016,80,101.83
2455,20,17092.71,85.48,854.6355,0,0,2023-06-17,Premium,Organic,False,1091,0,85.48
2456,20,2429.48,12.14,121.474,0,0,2023-06-17,Standard,Organic,False,1091,0,12.14
2457,18,11975.08,59.879999999999995,665.2822222222222,1,1,2023-08-25,Standard,Organic,False,1022,0,59.879999999999995
2458,19,38640.47,193.22,2033.7089473684211,0,1,2024-12-17,Premium,Organic,False,542,0,193.22
2459,14,2029.71,10.13,144.9792857142857,0,0,2026-03-20,Standard,Facebook Ads,False,84,60,10.13
2460,22,3606.9700000000003,18.05,163.95318181818183,1,0,2024-01-24,Standard,Referral,False,870,20,18.05
2461,18,71174.98,355.87,3954.1655555555553,1,1,2025-02-14,Premium,LinkedIn,False,483,120,355.87
2462,16,21991.74,109.92999999999999,1374.48375,0,0,2023-10-12,Premium,Google Ads,False,974,80,109.92999999999999
2463,28,5914.56,29.56,211.23428571428573,0,0,2025-07-30,Standard,Google Ads,False,317,80,29.56
2464,14,1887.77,9.43,134.84071428571428,0,0,2024-06-03,Standard,LinkedIn,True,739,120,9.43
2465,18,15863.07,79.32,881.2816666666666,0,0,2025-10-10,Premium,Google Ads,False,245,80,79.32
2466,19,2529.9,12.67,133.15263157894736,0,0,2026-03-02,Standard,Organic,False,102,0,12.67
2467,17,2459.7599999999998,12.290000000000001,144.69176470588235,0,0,2026-01-05,Standard,Facebook Ads,True,158,60,12.290000000000001
2468,16,1867.59,9.34,116.724375,0,0,2024-07-12,Standard,LinkedIn,False,700,120,9.34
2469,13,1805.12,9.01,138.8553846153846,1,0,2024-08-05,Standard,Google Ads,False,676,80,9.01
2470,21,2709.23,13.56,129.01095238095238,2,0,2024-09-25,Standard,Referral,False,625,20,13.56
2471,26,22033.22,110.18,847.4315384615385,2,0,2025-01-19,Premium,Organic,False,509,0,110.18
2472,23,4325.76,21.64,188.07652173913044,0,0,2024-07-31,Standard,Organic,False,681,0,21.64
2473,18,13406.84,67.03,744.8244444444445,0,0,2026-01-04,Premium,Facebook Ads,False,159,60,67.03
2474,25,40352.89,201.75,1614.1156,1,1,2026-03-18,Premium,Google Ads,True,86,80,201.75
2475,18,2946.71,14.72,163.7061111111111,0,0,2026-04-07,Standard,Organic,False,66,0,14.72
2476,27,12990.970000000001,64.97999999999999,481.1470370370371,0,1,2024-07-17,Standard,Referral,False,695,20,64.97999999999999
2477,17,2769.71,13.86,162.92411764705884,0,0,2024-03-23,Standard,Organic,False,811,0,13.86
2478,24,266982.13,1334.91,11124.255416666667,0,6,2024-04-15,Business,Referral,False,788,20,1334.91
2479,25,22029.69,110.14999999999999,881.1876,0,1,2025-05-11,Standard,Google Ads,True,397,80,110.14999999999999
2480,16,2461.0,12.32,153.8125,0,0,2024-10-30,Standard,Facebook Ads,False,590,60,12.32
2481,14,1563.07,7.8,111.64785714285713,0,0,2025-08-25,Standard,Organic,False,291,0,7.8
2482,21,3327.81,16.669999999999998,158.46714285714285,0,0,2023-08-13,Standard,Facebook Ads,False,1034,60,16.669999999999998
2483,24,4107.95,20.53,171.16458333333333,0,0,2025-07-31,Standard,Organic,False,316,0,20.53
2484,26,4452.93,22.27,171.26653846153846,1,0,2024-06-29,Standard,Google Ads,False,713,80,22.27
2485,22,29008.620000000003,145.02,1318.5736363636365,0,2,2025-06-08,Standard,Google Ads,False,369,80,145.02
2486,17,462909.76999999996,2314.56,27229.986470588232,0,2,2024-12-21,Business,Google Ads,False,538,80,2314.56
2487,22,3378.78,16.92,153.5809090909091,0,0,2026-02-16,Standard,Facebook Ads,True,116,60,16.92
2488,17,2786.92,13.92,163.9364705882353,0,0,2023-08-18,Standard,Google Ads,False,1029,80,13.92
2489,29,4002.49,20.01,138.01689655172413,1,0,2023-12-16,Standard,Organic,False,909,0,20.01
2490,20,17618.48,88.08000000000001,880.924,0,1,2025-12-20,Standard,Organic,False,174,0,88.08000000000001
2491,26,3582.9,17.9,137.80384615384617,0,0,2025-07-23,Standard,LinkedIn,False,324,120,17.9
2492,26,19276.27,96.37,741.395,0,0,2025-10-24,Premium,Facebook Ads,False,231,60,96.37
2493,19,15422.23,77.09,811.6963157894737,0,0,2026-01-25,Premium,Facebook Ads,False,138,60,77.09
2494,19,3538.16,17.7,186.21894736842106,0,0,2024-03-11,Standard,LinkedIn,False,823,120,17.7
2495,19,2904.23,14.520000000000001,152.8542105263158,0,0,2026-04-22,Standard,Referral,False,51,20,14.520000000000001
2496,20,3043.51,15.21,152.1755,1,0,2023-07-01,Standard,Referral,False,1077,20,15.21
2497,15,3174.09,15.870000000000001,211.60600000000002,0,0,2025-09-02,Standard,Google Ads,False,283,80,15.870000000000001
2498,19,5690.75,28.45,299.5131578947368,0,0,2025-07-25,Standard,Google Ads,False,322,80,28.45
2499,27,3773.9,18.87,139.77407407407406,0,0,2025-01-20,Standard,Google Ads,False,508,80,18.87
2500,21,3630.04,18.17,172.85904761904763,0,0,2025-07-13,Standard,Google Ads,False,334,80,18.17
2501,15,2410.81,12.05,160.72066666666666,0,0,2026-05-22,Standard,LinkedIn,True,21,120,12.05
2502,15,2243.4700000000003,11.22,149.56466666666668,0,0,2026-03-26,Standard,Google Ads,False,78,80,11.22
2503,20,3201.57,16.009999999999998,160.07850000000002,0,0,2026-02-21,Standard,Google Ads,False,111,80,16.009999999999998
2504,14,11913.82,59.56,850.9871428571429,0,0,2025-09-01,Premium,Organic,True,284,0,59.56
2505,15,14898.65,74.49,993.2433333333333,1,1,2023-11-23,Standard,Organic,False,932,0,74.49
2506,18,67778.45999999999,338.9,3765.4699999999993,1,1,2025-11-25,Premium,Referral,False,199,20,338.9
2507,14,2425.84,12.129999999999999,173.27428571428572,0,0,2024-01-23,Standard,Referral,False,871,20,12.129999999999999
2508,21,3663.16,18.29,174.43619047619046,0,0,2025-06-18,Standard,LinkedIn,False,359,120,18.29
2509,26,3967.33,19.86,152.58961538461537,0,0,2025-12-01,Standard,Google Ads,False,193,80,19.86
2510,15,2383.05,11.92,158.87,0,0,2024-02-09,Standard,Referral,False,854,20,11.92
2511,16,3100.35,15.5,193.771875,1,0,2025-04-29,Standard,Referral,False,409,20,15.5
2512,18,2958.4900000000002,14.77,164.36055555555558,0,0,2024-12-04,Standard,Referral,False,555,20,14.77
2513,15,2740.4900000000002,13.7,182.69933333333336,0,0,2025-01-08,Standard,Referral,False,520,20,13.7
2514,21,3065.17,15.31,145.9604761904762,1,0,2025-12-10,Standard,LinkedIn,False,184,120,15.31
2515,17,2577.6,12.87,151.6235294117647,0,0,2025-09-07,Standard,Organic,False,278,0,12.87
2516,16,76232.13,381.15,4764.508125,1,2,2024-11-26,Business,Google Ads,False,563,80,381.15
2517,17,15215.630000000001,76.06,895.0370588235295,0,1,2026-02-15,Standard,Google Ads,False,117,80,76.06
2518,24,3936.75,19.71,164.03125,2,0,2025-02-06,Standard,Google Ads,False,491,80,19.71
2519,21,4006.52,20.02,190.78666666666666,0,0,2026-04-29,Standard,Organic,False,44,0,20.02
2520,14,2587.51,12.94,184.82214285714286,0,0,2024-12-24,Standard,Organic,False,535,0,12.94
2521,23,18801.489999999998,94.0,817.4560869565216,0,0,2025-04-13,Premium,Facebook Ads,False,425,60,94.0
2522,25,3863.04,19.32,154.5216,0,0,2024-03-25,Standard,Google Ads,False,809,80,19.32
2523,15,7646.01,38.230000000000004,509.73400000000004,1,0,2025-04-04,Premium,Google Ads,False,434,80,38.230000000000004
2524,16,2453.89,12.280000000000001,153.368125,0,0,2023-06-30,Standard,Facebook Ads,False,1078,60,12.280000000000001
2525,19,2680.97,13.39,141.1036842105263,1,0,2023-07-01,Standard,LinkedIn,True,1077,120,13.39
2526,25,4465.44,22.34,178.61759999999998,0,0,2025-03-18,Standard,Organic,False,451,0,22.34
2527,19,2816.97,14.07,148.2615789473684,0,0,2026-02-25,Standard,Google Ads,False,107,80,14.07
2528,15,10684.49,53.41,712.2993333333333,1,0,2025-08-04,Premium,Facebook Ads,False,312,60,53.41
2529,18,2949.55,14.76,163.8638888888889,0,0,2026-03-16,Standard,Organic,False,88,0,14.76
2530,21,5858.1,29.27,278.95714285714286,2,0,2026-04-29,Standard,Google Ads,False,44,80,29.27
2531,23,57014.11,285.08,2478.874347826087,0,1,2025-03-16,Premium,Google Ads,False,453,80,285.08
2532,15,2585.81,12.93,172.38733333333332,0,0,2024-08-24,Standard,LinkedIn,True,657,120,12.93
2533,18,2324.37,11.63,129.13166666666666,1,0,2023-11-19,Standard,Google Ads,False,936,80,11.63
2534,22,3272.43,16.35,148.74681818181818,0,0,2026-05-17,Standard,Referral,False,26,20,16.35
2535,20,2823.36,14.14,141.168,0,0,2025-01-24,Standard,Google Ads,False,504,80,14.14
2536,25,4197.7,21.0,167.908,0,0,2026-02-23,Standard,Google Ads,False,109,80,21.0
2537,16,105079.15000000001,525.4100000000001,6567.446875000001,0,1,2026-04-06,Premium,Organic,False,67,0,525.4100000000001
2538,17,2702.63,13.52,158.97823529411767,1,0,2026-05-26,Standard,Referral,True,17,20,13.52
2539,13,12679.04,63.39,975.3107692307693,0,0,2023-07-26,Premium,Facebook Ads,False,1052,60,63.39
2540,25,3930.35,19.65,157.214,0,0,2023-08-31,Standard,Referral,False,1016,20,19.65
2541,18,63711.41,318.55000000000007,3539.522777777778,1,1,2026-01-19,Premium,Referral,False,144,20,318.55000000000007
2542,19,118858.67,594.27,6255.71947368421,1,4,2025-07-16,Business,Referral,False,331,20,594.27
2543,16,2723.38,13.62,170.21125,0,0,2024-12-03,Standard,Organic,False,556,0,13.62
2544,14,11310.18,56.56,807.87,0,0,2023-10-18,Premium,Organic,False,968,0,56.56
2545,25,3982.8,19.91,159.312,0,0,2024-01-26,Standard,Referral,False,868,20,19.91
2546,13,2094.4,10.459999999999999,161.1076923076923,0,0,2024-08-08,Standard,LinkedIn,False,673,120,10.459999999999999
2547,25,4209.13,21.04,168.36520000000002,0,0,2025-04-19,Standard,LinkedIn,False,419,120,21.04
2548,15,90989.05,454.95,6065.9366666666665,0,3,2025-01-16,Business,Facebook Ads,False,512,60,454.95
2549,31,19876.04,99.36,641.1625806451614,0,1,2024-07-17,Standard,Referral,False,695,20,99.36
2550,22,2847.48,14.25,129.4309090909091,0,0,2023-11-22,Standard,Organic,False,933,0,14.25
2551,18,2896.31,14.48,160.9061111111111,1,0,2025-02-14,Standard,Google Ads,True,483,80,14.48
2552,16,2900.91,14.5,181.306875,0,0,2023-09-25,Standard,Referral,True,991,20,14.5
2553,22,3176.2,15.91,144.37272727272727,0,0,2024-09-27,Standard,Facebook Ads,False,623,60,15.91
2554,15,2386.7799999999997,11.95,159.11866666666666,0,0,2025-01-20,Standard,Facebook Ads,False,508,60,11.95
2555,19,3150.6,15.75,165.82105263157894,0,0,2023-10-14,Standard,Google Ads,False,972,80,15.75
2556,26,21701.13,108.5,834.6588461538462,3,0,2025-05-02,Premium,Referral,False,406,20,108.5
2557,23,4170.33,20.87,181.31869565217391,1,0,2026-05-20,Standard,Facebook Ads,False,23,60,20.87
2558,20,117505.16,587.51,5875.258,0,2,2024-06-02,Business,Referral,False,740,20,587.51
2559,19,2534.67,12.68,133.4036842105263,0,0,2024-07-30,Standard,Google Ads,False,682,80,12.68
2560,12,1446.05,7.22,120.50416666666666,2,0,2025-07-23,Standard,Google Ads,False,324,80,7.22
2561,17,82537.14,412.69,4855.1258823529415,0,0,2024-04-26,Business,Referral,False,777,20,412.69
2562,16,2440.37,12.2,152.523125,0,0,2023-08-27,Standard,Organic,False,1020,0,12.2
2563,17,2716.19,13.58,159.77588235294118,0,0,2024-10-15,Standard,Google Ads,True,605,80,13.58
2564,24,40528.77,202.63,1688.6987499999998,1,1,2024-11-21,Premium,LinkedIn,False,568,120,202.63
2565,20,3011.13,15.059999999999999,150.5565,2,0,2026-04-16,Standard,Referral,False,57,20,15.059999999999999
2566,19,2749.41,13.75,144.7057894736842,0,0,2024-09-13,Standard,Google Ads,False,637,80,13.75
2567,19,2820.67,14.11,148.45631578947368,0,0,2025-08-03,Standard,Facebook Ads,False,313,60,14.11
2568,22,8701.04,43.51,395.50181818181824,0,0,2024-08-14,Standard,LinkedIn,False,667,120,43.51
2569,24,4194.51,20.97,174.77125,0,0,2023-12-28,Standard,Google Ads,False,897,80,20.97
2570,21,3118.69,15.629999999999999,148.50904761904764,1,0,2023-12-29,Standard,Organic,False,896,0,15.629999999999999
2571,19,10567.97,52.84,556.208947368421,0,0,2024-09-10,Standard,Organic,False,640,0,52.84
2572,20,2676.42,13.370000000000001,133.821,1,0,2024-12-14,Standard,Referral,False,545,20,13.370000000000001
2573,19,15496.14,77.47,815.5863157894737,0,0,2025-07-08,Premium,Referral,False,339,20,77.47
2574,19,15949.05,79.74,839.4236842105263,0,0,2024-07-06,Premium,Organic,False,706,0,79.74
2575,25,3798.59,18.990000000000002,151.9436,1,0,2024-06-21,Standard,Organic,False,721,0,18.990000000000002
2576,22,3473.41,17.4,157.88227272727272,1,0,2024-05-16,Standard,Organic,False,757,0,17.4
2577,25,3631.9,18.17,145.276,0,0,2023-07-01,Standard,Referral,False,1077,20,18.17
2578,19,3353.81,16.77,176.51631578947368,0,0,2024-04-21,Standard,Organic,False,782,0,16.77
2579,27,4103.68,20.5,151.98814814814816,0,0,2024-09-09,Standard,Google Ads,True,641,80,20.5
2580,16,2713.23,13.57,169.576875,0,0,2023-06-15,Standard,Facebook Ads,False,1093,60,13.57
2581,21,2710.39,13.52,129.06619047619046,0,0,2025-12-02,Standard,Google Ads,False,192,80,13.52
2582,24,24130.25,120.64,1005.4270833333334,0,0,2024-05-14,Premium,Referral,False,759,20,120.64
2583,15,2415.91,12.09,161.06066666666666,1,0,2025-11-27,Standard,Referral,False,197,20,12.09
2584,19,54023.49,270.12,2843.3415789473684,0,1,2023-09-01,Premium,Organic,False,1015,0,270.12
2585,22,804032.97,4020.16,36546.95318181818,0,4,2025-04-03,Business,Referral,False,435,20,4020.16
2586,21,42902.9,214.50000000000003,2042.9952380952382,2,1,2025-07-18,Premium,Google Ads,False,329,80,214.50000000000003
2587,13,8086.51,40.42,622.0392307692308,0,0,2025-12-04,Premium,Referral,False,190,20,40.42
2588,14,2292.45,11.469999999999999,163.74642857142857,0,0,2023-10-31,Standard,LinkedIn,False,955,120,11.469999999999999
2589,23,18375.34,91.87,798.9278260869565,0,0,2024-11-03,Premium,LinkedIn,False,586,120,91.87
2590,27,4247.0,21.25,157.2962962962963,1,0,2024-10-26,Standard,Organic,False,594,0,21.25
2591,20,27894.61,139.47,1394.7305000000001,0,2,2023-08-10,Standard,Facebook Ads,False,1037,60,139.47
2592,21,3154.69,15.78,150.22333333333333,1,0,2023-11-11,Standard,LinkedIn,False,944,120,15.78
2593,14,2347.7,11.73,167.69285714285712,0,0,2024-04-16,Standard,Referral,False,787,20,11.73
2594,24,20976.920000000002,104.89,874.0383333333334,1,0,2025-08-11,Premium,Organic,False,305,0,104.89
2595,28,3866.2200000000003,19.32,138.07928571428573,0,0,2024-05-28,Standard,LinkedIn,False,745,120,19.32
2596,28,4301.11,21.5,153.61107142857142,1,0,2024-10-22,Standard,Facebook Ads,False,598,60,21.5
2597,18,25780.84,128.91,1432.2688888888888,1,1,2025-12-15,Premium,Organic,False,179,0,128.91
2598,23,4282.26,21.39,186.18521739130435,0,0,2025-06-14,Standard,LinkedIn,True,363,120,21.39
2599,19,3000.0,15.0,157.89473684210526,0,0,2024-06-26,Standard,Organic,False,716,0,15.0
2600,26,4138.79,20.71,159.18423076923077,0,0,2025-05-17,Standard,Organic,True,391,0,20.71
2601,25,3759.16,18.79,150.3664,0,0,2025-03-25,Standard,Organic,False,444,0,18.79
2602,21,3122.35,15.61,148.68333333333334,0,0,2025-06-16,Standard,Organic,False,361,0,15.61
2603,17,2132.77,10.67,125.45705882352941,0,0,2024-07-02,Standard,Organic,False,710,0,10.67
2604,26,4028.4,20.16,154.93846153846155,1,0,2023-08-22,Standard,Facebook Ads,False,1025,60,20.16
2605,19,13886.1,69.42,730.8473684210527,0,0,2023-09-12,Premium,Organic,True,1004,0,69.42
2606,19,86995.31999999999,434.98,4578.701052631579,0,0,2024-08-16,Business,Referral,False,665,20,434.98
2607,26,3594.36,17.97,138.2446153846154,1,0,2024-09-21,Standard,Google Ads,False,629,80,17.97
2608,19,17925.23,89.63,943.4331578947368,0,0,2023-08-26,Premium,Google Ads,False,1021,80,89.63
2609,24,133155.06,665.79,5548.1275,0,3,2024-05-08,Business,Facebook Ads,True,765,60,665.79
2610,24,3611.31,18.05,150.47125,0,0,2025-01-14,Standard,Referral,False,514,20,18.05
2611,14,1970.29,9.86,140.73499999999999,0,0,2023-12-14,Standard,Facebook Ads,True,911,60,9.86
2612,15,80021.33,400.11,5334.7553333333335,2,0,2023-09-05,Business,Google Ads,False,1011,80,400.11
2613,23,76512.95,382.56,3326.65,0,1,2023-10-31,Premium,Google Ads,False,955,80,382.56
2614,16,5067.86,25.34,316.74125,1,0,2023-09-02,Standard,Organic,False,1014,0,25.34
2615,20,3893.04,19.45,194.652,1,0,2025-11-06,Standard,Google Ads,False,218,80,19.45
2616,20,3239.51,16.21,161.9755,0,0,2023-06-20,Standard,Organic,True,1088,0,16.21
2617,22,3079.27,15.41,139.96681818181818,1,0,2023-09-28,Standard,Organic,False,988,0,15.41
2618,11,9188.85,45.96,835.35,0,0,2025-01-30,Premium,Referral,False,498,20,45.96
2619,12,1658.06,8.3,138.17166666666665,0,0,2024-02-13,Standard,LinkedIn,False,850,120,8.3
2620,19,3310.77,16.57,174.25105263157894,0,0,2024-03-17,Standard,Referral,False,817,20,16.57
2621,21,3524.32,17.62,167.8247619047619,0,0,2024-02-20,Standard,Facebook Ads,False,843,60,17.62
2622,23,18661.43,93.33,811.3665217391305,1,0,2023-08-28,Premium,Organic,True,1019,0,93.33
2623,29,28894.65,144.47,996.3672413793104,0,0,2025-05-14,Premium,Referral,False,394,20,144.47
2624,27,23235.7,116.17,860.5814814814815,0,0,2025-11-28,Premium,Facebook Ads,False,196,60,116.17
2625,27,4209.18,21.05,155.89555555555557,0,0,2025-11-11,Standard,Referral,False,213,20,21.05
2626,16,1831.43,9.16,114.464375,0,0,2023-09-25,Standard,Organic,False,991,0,9.16
2627,15,1729.41,8.63,115.29400000000001,0,0,2024-08-31,Standard,Organic,False,650,0,8.63
2628,19,2185.43,10.91,115.02263157894735,0,0,2024-06-13,Standard,Organic,False,729,0,10.91
2629,23,3385.94,16.94,147.21478260869566,1,0,2023-12-13,Standard,LinkedIn,False,912,120,16.94
2630,23,3811.4900000000002,19.05,165.71695652173915,0,0,2024-01-20,Standard,Organic,False,874,0,19.05
2631,19,2580.1,12.91,135.79473684210527,0,0,2025-11-16,Standard,Referral,False,208,20,12.91
2632,21,3220.25,16.1,153.3452380952381,0,0,2025-08-11,Standard,Organic,False,305,0,16.1
2633,17,2952.96,14.76,173.70352941176472,0,0,2025-11-18,Standard,Organic,False,206,0,14.76
2634,17,2544.9,12.74,149.70000000000002,2,0,2023-12-02,Standard,Organic,False,923,0,12.74
2635,23,3389.52,16.95,147.3704347826087,0,0,2024-09-22,Standard,Organic,True,628,0,16.95
2636,15,1910.48,9.54,127.36533333333334,0,0,2024-03-13,Standard,Organic,True,821,0,9.54
2637,22,3652.05,18.24,166.00227272727273,2,0,2025-10-30,Standard,Referral,False,225,20,18.24
2638,14,11266.56,56.32,804.7542857142856,0,0,2024-11-03,Premium,Google Ads,False,586,80,56.32
2639,23,36449.34,182.26000000000002,1584.7539130434782,1,1,2026-05-28,Premium,LinkedIn,False,15,120,182.26000000000002
2640,21,8487.98,42.45,404.1895238095238,1,0,2025-08-09,Standard,Google Ads,False,307,80,42.45
2641,17,6640.93,33.19,390.64294117647063,1,0,2026-01-14,Standard,Organic,False,149,0,33.19
2642,20,3224.75,16.12,161.2375,0,0,2024-12-08,Standard,Organic,False,551,0,16.12
2643,24,109975.24,549.88,4582.301666666667,0,3,2025-05-11,Business,Organic,False,397,0,549.88
2644,23,126681.11,633.4,5507.874347826087,0,0,2025-12-06,Business,Google Ads,False,188,80,633.4
2645,20,3451.17,17.23,172.5585,0,0,2026-01-30,Standard,Organic,False,133,0,17.23
2646,24,4336.7,21.68,180.69583333333333,0,0,2026-03-18,Standard,Referral,True,86,20,21.68
2647,24,3603.7799999999997,18.0,150.1575,0,0,2023-10-06,Standard,Organic,False,980,0,18.0
2648,19,2452.6,12.27,129.0842105263158,0,0,2025-09-01,Standard,Referral,True,284,20,12.27
2649,23,3214.72,16.06,139.77043478260867,1,0,2023-07-16,Standard,Organic,False,1062,0,16.06
2650,13,10252.27,51.25,788.6361538461539,0,0,2025-02-28,Standard,Google Ads,False,469,80,51.25
2651,15,15680.09,78.41,1045.3393333333333,0,0,2024-03-09,Premium,Organic,False,825,0,78.41
2652,19,13863.2,69.33,729.642105263158,1,0,2024-05-19,Premium,LinkedIn,False,754,120,69.33
2653,13,11887.66,59.43,914.4353846153846,0,0,2025-12-20,Premium,Google Ads,True,174,80,59.43
2654,21,3371.71,16.88,160.55761904761906,0,0,2024-12-06,Standard,Facebook Ads,False,553,60,16.88
2655,22,3063.19,15.33,139.2359090909091,2,0,2025-12-10,Standard,Organic,False,184,0,15.33
2656,19,96540.1,482.69,5081.057894736842,0,0,2026-05-27,Business,Referral,True,16,20,482.69
2657,29,4540.7,22.689999999999998,156.5758620689655,2,0,2023-07-29,Standard,Organic,True,1049,0,22.689999999999998
2658,17,3188.83,15.97,187.57823529411763,1,0,2025-07-11,Standard,Google Ads,False,336,80,15.97
2659,20,3508.77,17.55,175.4385,1,0,2024-12-27,Standard,Referral,True,532,20,17.55
2660,23,3351.97,16.77,145.73782608695652,1,0,2025-04-24,Standard,Referral,False,414,20,16.77
2661,17,10180.13,50.9,598.8311764705882,1,0,2025-04-30,Standard,Organic,False,408,0,50.9
2662,18,13526.130000000001,67.61,751.4516666666667,0,0,2023-12-31,Premium,Organic,False,894,0,67.61
2663,22,18424.95,92.1,837.4977272727273,2,0,2024-10-19,Premium,Organic,True,601,0,92.1
2664,18,2452.25,12.27,136.23611111111111,0,0,2023-12-30,Standard,Facebook Ads,False,895,60,12.27
2665,19,3157.0,15.78,166.1578947368421,0,0,2023-10-12,Standard,Organic,False,974,0,15.78
2666,20,3110.8199999999997,15.55,155.541,1,0,2025-09-21,Standard,Organic,False,264,0,15.55
2667,28,4385.4400000000005,21.94,156.62285714285716,1,0,2024-04-11,Standard,Organic,False,792,0,21.94
2668,17,2989.26,14.959999999999999,175.83882352941177,0,0,2024-03-01,Standard,Organic,True,833,0,14.959999999999999
2669,14,4224.15,21.1,301.72499999999997,0,0,2025-01-28,Standard,Google Ads,False,500,80,21.1
2670,28,4442.92,22.23,158.6757142857143,0,0,2025-05-14,Standard,Facebook Ads,False,394,60,22.23
2671,21,16951.17,84.75,807.1985714285713,3,0,2025-05-12,Premium,Referral,False,396,20,84.75
2672,24,18244.809999999998,91.24000000000001,760.2004166666666,0,1,2024-11-18,Standard,Organic,False,571,0,91.24000000000001
2673,24,10025.67,50.120000000000005,417.73625,0,0,2024-02-27,Standard,Organic,False,836,0,50.120000000000005
2674,25,4028.55,20.15,161.142,0,0,2023-09-03,Standard,Google Ads,True,1013,80,20.15
2675,29,4582.84,22.93,158.02896551724137,1,0,2024-12-15,Standard,Organic,False,544,0,22.93
2676,21,3364.57,16.81,160.21761904761905,0,0,2024-11-19,Standard,Facebook Ads,False,570,60,16.81
2677,21,3746.53,18.72,178.4061904761905,0,0,2024-12-26,Standard,Facebook Ads,True,533,60,18.72
2678,28,6900.68,34.49,246.45285714285714,2,0,2025-07-19,Standard,Organic,False,328,0,34.49
2679,18,15635.67,78.19,868.6483333333333,0,0,2025-11-07,Premium,Google Ads,False,217,80,78.19
2680,21,3155.08,15.75,150.24190476190475,1,0,2024-09-07,Standard,Facebook Ads,False,643,60,15.75
2681,15,13326.16,66.64,888.4106666666667,0,0,2026-01-08,Premium,Facebook Ads,False,155,60,66.64
2682,18,3273.4700000000003,16.349999999999998,181.85944444444445,1,0,2023-11-24,Standard,Google Ads,False,931,80,16.349999999999998
2683,14,2321.06,11.6,165.79,0,0,2023-09-14,Standard,Facebook Ads,False,1002,60,11.6
2684,7,1168.1299999999999,5.84,166.87571428571428,0,0,2024-08-02,Standard,LinkedIn,False,679,120,5.84
2685,17,2320.86,11.6,136.52117647058824,0,0,2023-09-12,Standard,Referral,True,1004,20,11.6
2686,16,3053.56,15.26,190.8475,1,0,2024-12-26,Standard,Google Ads,False,533,80,15.26
2687,23,114624.59,573.14,4983.677826086956,2,2,2024-06-14,Business,Organic,False,728,0,573.14
2688,14,2180.3,10.91,155.7357142857143,0,0,2025-07-27,Standard,Referral,False,320,20,10.91
2689,22,3150.26,15.74,143.1936363636364,2,0,2023-08-24,Standard,Facebook Ads,False,1023,60,15.74
2690,22,9033.910000000002,45.15,410.6322727272728,2,0,2024-07-13,Standard,Organic,False,699,0,45.15
2691,14,12202.68,61.019999999999996,871.62,0,0,2023-10-27,Premium,Facebook Ads,False,959,60,61.019999999999996
2692,21,17549.25,87.76,835.6785714285714,0,0,2025-11-01,Premium,Organic,True,223,0,87.76
2693,29,24484.600000000002,122.46,844.296551724138,0,0,2024-06-05,Premium,Google Ads,False,737,80,122.46
2694,24,20680.84,103.41,861.7016666666667,0,0,2023-08-20,Premium,Google Ads,True,1027,80,103.41
2695,16,10311.55,51.55,644.471875,1,0,2023-07-18,Premium,Google Ads,True,1060,80,51.55
2696,15,2555.15,12.76,170.34333333333333,0,0,2023-11-25,Standard,LinkedIn,False,930,120,12.76
2697,17,2525.04,12.63,148.53176470588235,0,0,2023-11-09,Standard,Google Ads,False,946,80,12.63
2698,18,2888.69,14.44,160.48277777777778,0,0,2023-12-25,Standard,Referral,False,900,20,14.44
2699,9,7426.02,37.13,825.1133333333333,0,0,2026-02-09,Premium,Facebook Ads,False,123,60,37.13
2700,16,12962.82,64.82,810.17625,0,0,2024-10-11,Premium,LinkedIn,False,609,120,64.82
2701,26,4518.04,22.6,173.77076923076922,0,0,2024-07-01,Standard,LinkedIn,False,711,120,22.6
2702,12,19774.36,98.87,1647.8633333333335,0,1,2023-10-26,Premium,Google Ads,False,960,80,98.87
2703,28,4812.47,24.05,171.8739285714286,0,0,2024-08-05,Standard,Referral,False,676,20,24.05
2704,19,2947.54,14.75,155.13368421052633,0,0,2025-11-03,Standard,Organic,True,221,0,14.75
2705,19,3548.5,17.74,186.76315789473685,0,0,2025-09-12,Standard,Facebook Ads,False,273,60,17.74
2706,21,17352.27,86.76,826.2985714285714,0,0,2024-03-13,Premium,Organic,False,821,0,86.76
2707,19,2976.15,14.89,156.63947368421054,0,0,2024-05-03,Standard,Facebook Ads,False,770,60,14.89
2708,20,2776.62,13.89,138.831,0,0,2025-11-29,Standard,Facebook Ads,False,195,60,13.89
2709,21,14393.6,71.96000000000001,685.4095238095239,1,0,2024-06-24,Premium,Organic,False,718,0,71.96000000000001
2710,23,18919.21,94.58,822.5743478260869,0,0,2023-07-23,Premium,Facebook Ads,False,1055,60,94.58
2711,17,2854.69,14.29,167.9229411764706,0,0,2024-03-21,Standard,LinkedIn,False,813,120,14.29
2712,21,2740.46,13.7,130.49809523809523,0,0,2025-09-25,Standard,Referral,False,260,20,13.7
2713,16,99164.67,495.83,6197.791875,0,4,2026-06-11,Business,Referral,False,1,20,495.83
2714,24,3803.18,19.009999999999998,158.46583333333334,0,0,2024-12-18,Standard,Google Ads,True,541,80,19.009999999999998
2715,23,35922.200000000004,179.62,1561.8347826086958,0,1,2023-08-15,Premium,Organic,False,1032,0,179.62
2716,19,3052.9,15.27,160.67894736842106,1,0,2025-09-08,Standard,Organic,True,277,0,15.27
2717,19,2647.31,13.24,139.3321052631579,0,0,2026-03-25,Standard,Organic,False,79,0,13.24
2718,23,6307.99,31.56,274.2604347826087,0,0,2025-03-02,Standard,Facebook Ads,False,467,60,31.56
2719,16,12810.07,64.06,800.629375,1,0,2024-06-28,Premium,Facebook Ads,False,714,60,64.06
2720,15,1724.72,8.62,114.98133333333334,0,0,2024-05-19,Standard,Google Ads,False,754,80,8.62
2721,17,2198.3,10.99,129.31176470588235,0,0,2026-06-05,Standard,Facebook Ads,False,7,60,10.99
2722,14,2305.52,11.54,164.68,0,0,2023-12-27,Standard,Organic,False,898,0,11.54
2723,16,2337.12,11.67,146.07,0,0,2026-05-29,Standard,Facebook Ads,False,14,60,11.67
2724,19,3200.2599999999998,16.0,168.43473684210525,0,0,2025-05-20,Standard,LinkedIn,False,388,120,16.0
2725,21,18866.24,94.33,898.392380952381,0,0,2024-03-18,Premium,Organic,False,816,0,94.33
2726,17,13295.63,66.49,782.0958823529411,0,0,2025-05-24,Premium,Organic,False,384,0,66.49
2727,10,15178.56,75.91000000000001,1517.856,0,1,2025-07-04,Standard,Organic,False,343,0,75.91000000000001
2728,20,123424.75,617.13,6171.2375,0,3,2026-03-24,Business,LinkedIn,True,80,120,617.13
2729,16,2398.37,11.98,149.898125,0,0,2023-10-25,Standard,Google Ads,True,961,80,11.98
2730,26,4348.31,21.72,167.24269230769232,0,0,2023-07-12,Standard,Referral,False,1066,20,21.72
2731,22,3790.5,18.98,172.29545454545453,0,0,2023-09-03,Standard,Google Ads,False,1013,80,18.98
2732,22,7910.91,39.56,359.58681818181816,0,0,2023-11-13,Standard,Google Ads,False,942,80,39.56
2733,19,3009.61,15.040000000000001,158.40052631578948,1,0,2025-04-12,Standard,Organic,False,426,0,15.040000000000001
2734,19,3283.71,16.41,172.82684210526315,0,0,2024-03-16,Standard,Referral,False,818,20,16.41
2735,19,2930.43,14.639999999999999,154.23315789473682,0,0,2024-09-28,Standard,Google Ads,True,622,80,14.639999999999999
2736,16,13732.68,68.66,858.2925,0,0,2026-01-22,Premium,Facebook Ads,True,141,60,68.66
2737,22,16811.91,84.06,764.1777272727272,0,0,2025-03-21,Premium,Facebook Ads,True,448,60,84.06
2738,13,2063.82,10.309999999999999,158.75538461538463,0,0,2025-01-01,Standard,Organic,False,527,0,10.309999999999999
2739,25,5927.37,29.650000000000002,237.0948,1,0,2026-01-06,Standard,Google Ads,False,157,80,29.650000000000002
2740,16,13529.96,67.67,845.6225,1,0,2025-07-27,Premium,Google Ads,False,320,80,67.67
2741,24,3393.88,16.95,141.41166666666666,0,0,2024-08-14,Standard,Referral,True,667,20,16.95
2742,15,3360.89,16.79,224.0593333333333,1,0,2024-01-04,Standard,Organic,False,890,0,16.79
2743,16,10227.34,51.15,639.20875,0,0,2023-07-07,Premium,Organic,False,1071,0,51.15
2744,21,91362.58,456.82,4350.599047619047,0,0,2024-09-04,Business,Facebook Ads,False,646,60,456.82
2745,22,3648.38,18.22,165.83545454545455,0,0,2026-02-10,Standard,Google Ads,False,122,80,18.22
2746,21,3110.21,15.55,148.1052380952381,0,0,2023-11-20,Standard,Google Ads,True,935,80,15.55
2747,22,29160.94,145.8,1325.4972727272727,0,1,2024-03-21,Premium,Organic,False,813,0,145.8
2748,20,2761.58,13.81,138.079,0,0,2024-05-11,Standard,Referral,False,762,20,13.81
2749,15,14744.42,73.71,982.9613333333333,0,0,2025-10-21,Premium,Organic,False,234,0,73.71
2750,21,3576.47,17.88,170.30809523809523,0,0,2026-06-02,Standard,Google Ads,False,10,80,17.88
2751,26,3981.02,19.91,153.11615384615385,0,0,2026-04-19,Standard,Facebook Ads,False,54,60,19.91
2752,17,2260.96,11.31,132.99764705882353,0,0,2024-10-16,Standard,Facebook Ads,False,604,60,11.31
2753,25,137107.91,685.55,5484.3164,1,3,2024-01-26,Business,Facebook Ads,True,868,60,685.55
2754,16,2396.0099999999998,11.99,149.75062499999999,0,0,2025-05-31,Standard,Facebook Ads,False,377,60,11.99
2755,23,4330.42,21.669999999999998,188.27913043478262,0,0,2024-06-23,Standard,Organic,False,719,0,21.669999999999998
2756,22,16899.82,84.52,768.1736363636363,0,0,2024-04-12,Premium,Organic,False,791,0,84.52
2757,15,8586.18,42.93,572.412,2,0,2025-07-31,Premium,Referral,False,316,20,42.93
2758,20,3161.0299999999997,15.799999999999999,158.05149999999998,0,0,2025-03-17,Standard,Organic,False,452,0,15.799999999999999
2759,18,2518.29,12.6,139.905,1,0,2026-03-24,Standard,Referral,False,80,20,12.6
2760,18,2547.2,12.74,141.5111111111111,0,0,2024-10-15,Standard,Google Ads,False,605,80,12.74
2761,20,22648.510000000002,113.26,1132.4255,0,1,2025-05-30,Standard,Referral,False,378,20,113.26
2762,19,14928.46,74.64,785.7084210526315,0,0,2025-11-29,Premium,Organic,False,195,0,74.64
2763,21,3152.74,15.75,150.13047619047617,0,0,2024-05-28,Standard,Google Ads,False,745,80,15.75
2764,15,1883.49,9.42,125.566,0,0,2023-06-30,Standard,Google Ads,False,1078,80,9.42
2765,18,2748.96,13.73,152.72,0,0,2026-01-22,Standard,Google Ads,False,141,80,13.73
2766,25,14742.26,73.71000000000001,589.6904,2,1,2026-01-22,Standard,Organic,True,141,0,73.71000000000001
2767,26,19446.83,97.24,747.955,0,0,2024-12-13,Premium,Organic,False,546,0,97.24
2768,19,2797.5,13.99,147.23684210526315,0,0,2025-09-10,Standard,Google Ads,True,275,80,13.99
2769,15,2052.56,10.27,136.83733333333333,0,0,2023-07-27,Standard,Referral,False,1051,20,10.27
2770,21,40135.53,200.67000000000002,1911.2157142857143,0,1,2025-04-02,Premium,Referral,False,436,20,200.67000000000002
2771,19,2929.2799999999997,14.62,154.17263157894735,0,0,2024-10-09,Standard,Google Ads,False,611,80,14.62
2772,19,2631.4300000000003,13.16,138.4963157894737,0,0,2023-12-14,Standard,Organic,False,911,0,13.16
2773,21,3584.48,17.9,170.68952380952382,0,0,2026-04-14,Standard,Google Ads,False,59,80,17.9
2774,18,2504.48,12.5,139.13777777777779,0,0,2024-09-11,Standard,Google Ads,False,639,80,12.5
2775,19,12356.66,61.79,650.3505263157895,0,0,2025-04-04,Premium,Facebook Ads,False,434,60,61.79
2776,15,2481.85,12.4,165.45666666666665,0,0,2024-03-02,Standard,Google Ads,False,832,80,12.4
2777,21,3021.02,15.09,143.85809523809525,0,0,2025-03-30,Standard,Referral,False,439,20,15.09
2778,18,504230.77,2521.15,28012.820555555558,0,4,2026-03-21,Business,Organic,False,83,0,2521.15
2779,15,15010.85,75.05,1000.7233333333334,0,0,2023-09-07,Premium,Facebook Ads,True,1009,60,75.05
2780,15,2175.45,10.87,145.03,0,0,2024-01-24,Standard,Organic,False,870,0,10.87
2781,27,4609.44,23.06,170.72,1,0,2025-05-21,Standard,Google Ads,False,387,80,23.06
2782,17,7504.070000000001,37.53,441.4158823529412,0,0,2026-01-08,Standard,Organic,True,155,0,37.53
2783,24,3459.38,17.32,144.14083333333335,0,0,2025-09-12,Standard,Organic,True,273,0,17.32
2784,16,2860.7200000000003,14.31,178.79500000000002,0,0,2025-10-30,Standard,Organic,False,225,0,14.31
2785,15,9508.67,47.54,633.9113333333333,0,0,2024-03-08,Premium,Google Ads,True,826,80,47.54
2786,15,82988.54000000001,414.94,5532.569333333334,0,1,2023-08-25,Business,LinkedIn,False,1022,120,414.94
2787,21,3616.84,18.1,172.2304761904762,0,0,2025-07-03,Standard,Google Ads,False,344,80,18.1
2788,15,11919.39,59.6,794.626,0,0,2024-02-17,Premium,Referral,False,846,20,59.6
2789,19,3321.2799999999997,16.61,174.80421052631579,1,0,2025-02-15,Standard,LinkedIn,False,482,120,16.61
2790,18,15723.14,78.63,873.5077777777777,0,0,2025-10-27,Premium,LinkedIn,False,228,120,78.63
2791,22,13274.47,66.36999999999999,603.385,0,1,2024-04-17,Standard,Organic,False,786,0,66.36999999999999
2792,23,16158.39,80.77,702.5386956521739,0,0,2024-05-14,Premium,Organic,False,759,0,80.77
2793,11,1881.75,9.39,171.0681818181818,0,0,2025-05-02,Standard,Organic,False,406,0,9.39
2794,20,15669.599999999999,78.35,783.4799999999999,1,1,2024-03-04,Standard,Facebook Ads,False,830,60,78.35
2795,15,2632.16,13.14,175.47733333333332,1,0,2026-04-27,Standard,Referral,False,46,20,13.14
2796,12,7764.5599999999995,38.82,647.0466666666666,0,0,2025-11-07,Standard,Google Ads,False,217,80,38.82
2797,12,2320.16,11.6,193.34666666666666,0,0,2026-01-05,Standard,Facebook Ads,False,158,60,11.6
2798,19,2849.97,14.23,149.99842105263156,0,0,2025-10-19,Standard,Organic,False,236,0,14.23
2799,22,2362.03,11.81,107.36500000000001,0,0,2025-02-13,Standard,Referral,False,484,20,11.81
2800,20,6946.610000000001,34.75,347.33050000000003,0,0,2024-03-22,Standard,Organic,True,812,0,34.75
2801,22,201904.0,1009.51,9177.454545454546,0,1,2024-02-02,Business,Organic,False,861,0,1009.51
2802,22,9229.09,46.15,419.5040909090909,0,0,2025-04-22,Standard,Google Ads,False,416,80,46.15
2803,20,3072.92,15.36,153.64600000000002,0,0,2026-02-20,Standard,Organic,False,112,0,15.36
2804,17,226895.12,1134.47,13346.771764705882,0,3,2023-12-24,Premium,Organic,False,901,0,1134.47
2805,23,3785.69,18.94,164.59521739130435,0,0,2026-05-28,Standard,Facebook Ads,False,15,60,18.94
2806,20,16429.15,82.14,821.4575000000001,0,0,2024-11-12,Premium,Facebook Ads,False,577,60,82.14
2807,16,2101.85,10.5,131.365625,0,0,2024-12-15,Standard,Referral,False,544,20,10.5
2808,15,13141.81,65.71,876.1206666666666,0,0,2023-10-22,Premium,Google Ads,False,964,80,65.71
2809,19,3072.9300000000003,15.379999999999999,161.73315789473685,1,0,2024-01-12,Standard,LinkedIn,False,882,120,15.379999999999999
2810,13,2107.7200000000003,10.54,162.1323076923077,0,0,2026-04-22,Standard,Facebook Ads,False,51,60,10.54
2811,22,48196.82,240.98,2190.7645454545454,0,1,2023-11-05,Premium,Facebook Ads,False,950,60,240.98
2812,26,4209.88,21.05,161.91846153846154,1,0,2025-06-21,Standard,LinkedIn,True,356,120,21.05
2813,13,63094.93,315.49,4853.456153846154,0,0,2024-06-22,Business,Organic,True,720,0,315.49
2814,18,2642.39,13.209999999999999,146.79944444444445,0,0,2024-09-17,Standard,Facebook Ads,False,633,60,13.209999999999999
2815,22,10862.95,54.3,493.7704545454546,2,0,2023-10-22,Standard,Referral,False,964,20,54.3
2816,22,3194.7799999999997,15.97,145.21727272727273,0,0,2024-09-26,Standard,Organic,False,624,0,15.97
2817,20,2990.79,14.94,149.5395,0,0,2023-10-03,Standard,Organic,False,983,0,14.94
2818,19,74721.78,373.60999999999996,3932.7252631578945,0,1,2024-05-23,Premium,Google Ads,False,750,80,373.60999999999996
2819,17,2843.57,14.2,167.26882352941178,0,0,2025-10-24,Standard,Organic,False,231,0,14.2
2820,15,1973.29,9.88,131.55266666666665,0,0,2023-07-21,Standard,Organic,False,1057,0,9.88
2821,24,4274.9800000000005,21.37,178.1241666666667,0,0,2026-02-07,Standard,Organic,False,125,0,21.37
2822,14,61296.06,306.48,4378.29,0,0,2025-09-23,Business,Referral,False,262,20,306.48
2823,12,1805.44,9.02,150.45333333333335,0,0,2023-10-27,Standard,Google Ads,True,959,80,9.02
2824,13,12895.08,64.47000000000001,991.9292307692308,0,1,2023-08-03,Standard,LinkedIn,False,1044,120,64.47000000000001
2825,18,2373.15,11.86,131.84166666666667,0,0,2023-10-18,Standard,Facebook Ads,False,968,60,11.86
2826,20,88280.15,441.39,4414.0075,1,2,2024-06-10,Business,Organic,False,732,0,441.39
2827,24,16352.76,81.78999999999999,681.365,2,1,2025-03-04,Standard,Organic,False,465,0,81.78999999999999
2828,23,17435.53,87.16,758.0665217391304,0,0,2025-03-07,Premium,LinkedIn,False,462,120,87.16
2829,33,6458.15,32.28,195.70151515151514,1,0,2023-07-15,Standard,Organic,False,1063,0,32.28
2830,19,20556.54,102.79,1081.923157894737,0,0,2023-09-25,Premium,Referral,False,991,20,102.79
2831,25,3470.81,17.36,138.8324,0,0,2024-12-11,Standard,Referral,False,548,20,17.36
2832,26,4613.56,23.07,177.4446153846154,1,0,2026-03-28,Standard,Organic,False,76,0,23.07
2833,21,3567.58,17.83,169.8847619047619,1,0,2023-09-06,Standard,Organic,False,1010,0,17.83
2834,22,3019.55,15.11,137.25227272727273,0,0,2025-09-16,Standard,Google Ads,False,269,80,15.11
2835,19,2917.88,14.59,153.57263157894738,0,0,2023-11-18,Standard,Organic,False,937,0,14.59
2836,23,3111.56,15.58,135.28521739130434,1,0,2023-08-28,Standard,LinkedIn,False,1019,120,15.58
2837,14,77091.19,385.46999999999997,5506.513571428572,0,3,2025-12-19,Business,Google Ads,True,175,80,385.46999999999997
2838,23,4287.9400000000005,21.44,186.4321739130435,0,0,2023-12-04,Standard,LinkedIn,False,921,120,21.44
2839,24,19289.829999999998,96.45,803.7429166666666,1,0,2023-12-28,Premium,Referral,False,897,20,96.45
2840,13,2325.04,11.64,178.84923076923076,0,0,2023-09-30,Standard,Referral,False,986,20,11.64
2841,18,2979.46,14.91,165.52555555555557,0,0,2024-03-17,Standard,Facebook Ads,False,817,60,14.91
2842,25,18035.05,90.19,721.4019999999999,0,0,2025-06-02,Premium,Google Ads,False,375,80,90.19
2843,31,14713.7,73.56,474.6354838709678,1,1,2024-12-24,Standard,Google Ads,False,535,80,73.56
2844,21,3468.29,17.33,165.15666666666667,0,0,2024-11-29,Standard,Facebook Ads,False,560,60,17.33
2845,22,3376.95,16.88,153.49772727272727,0,0,2025-08-10,Standard,Organic,False,306,0,16.88
2846,15,2746.88,13.74,183.12533333333334,0,0,2025-05-18,Standard,Google Ads,False,390,80,13.74
2847,25,2991.46,14.94,119.6584,0,0,2025-06-13,Standard,Organic,False,364,0,14.94
2848,24,3051.83,15.26,127.15958333333333,0,0,2024-08-03,Standard,Google Ads,False,678,80,15.26
2849,21,8593.210000000001,42.96,409.20047619047625,1,0,2025-10-11,Standard,Organic,False,244,0,42.96
2850,23,18641.56,93.23,810.5026086956523,0,0,2026-01-13,Premium,Referral,True,150,20,93.23
2851,13,63495.96,317.49,4884.304615384615,1,1,2025-08-11,Premium,Referral,False,305,20,317.49
2852,18,15529.6,77.64,862.7555555555556,0,0,2024-12-26,Premium,Google Ads,False,533,80,77.64
2853,19,15318.37,76.6,806.23,0,0,2024-01-30,Premium,Facebook Ads,False,864,60,76.6
2854,21,3345.43,16.73,159.30619047619047,0,0,2025-03-22,Standard,Google Ads,False,447,80,16.73
2855,15,2660.37,13.32,177.358,0,0,2024-12-22,Standard,Google Ads,False,537,80,13.32
2856,22,3681.99,18.43,167.3631818181818,0,0,2024-12-07,Standard,Facebook Ads,True,552,60,18.43
2857,22,3274.64,16.38,148.84727272727272,0,0,2025-04-11,Standard,Referral,False,427,20,16.38
2858,16,10874.9,54.36,679.68125,0,0,2026-05-18,Premium,Organic,False,25,0,54.36
2859,18,2620.54,13.1,145.58555555555554,0,0,2024-02-02,Standard,Organic,False,861,0,13.1
2860,25,3595.46,17.96,143.8184,0,0,2025-07-31,Standard,Referral,False,316,20,17.96
2861,27,3358.38,16.810000000000002,124.38444444444445,0,0,2025-09-12,Standard,Organic,False,273,0,16.810000000000002
2862,17,2770.91,13.86,162.99470588235295,0,0,2025-01-26,Standard,Google Ads,True,502,80,13.86
2863,15,2272.39,11.36,151.49266666666665,1,0,2025-09-08,Standard,Facebook Ads,False,277,60,11.36
2864,15,2281.0,11.42,152.06666666666666,0,0,2024-10-19,Standard,Facebook Ads,False,601,60,11.42
2865,20,3369.7200000000003,16.85,168.48600000000002,0,0,2023-09-24,Standard,Organic,False,992,0,16.85
2866,18,14732.009999999998,73.67,818.4449999999999,0,0,2025-08-21,Premium,Organic,False,295,0,73.67
2867,21,3653.06,18.26,173.9552380952381,0,0,2024-03-19,Standard,Organic,False,815,0,18.26
2868,21,3105.01,15.53,147.85761904761907,0,0,2023-08-25,Standard,Organic,False,1022,0,15.53
2869,19,2853.64,14.26,150.1915789473684,0,0,2025-03-06,Standard,Referral,False,463,20,14.26
2870,26,22908.37,114.56,881.0911538461538,1,0,2024-11-13,Premium,Referral,False,576,20,114.56
2871,21,18397.39,91.98,876.0661904761904,1,0,2025-05-01,Premium,Google Ads,False,407,80,91.98
2872,29,3936.94,19.66,135.75655172413792,0,0,2026-01-13,Standard,Google Ads,True,150,80,19.66
2873,14,10522.03,52.63,751.5735714285714,0,0,2025-06-02,Premium,Referral,False,375,20,52.63
2874,16,2669.36,13.34,166.835,0,0,2024-12-10,Standard,Referral,False,549,20,13.34
2875,17,14844.5,74.24,873.2058823529412,2,0,2025-07-15,Premium,Organic,False,332,0,74.24
2876,20,3058.1,15.31,152.905,0,0,2024-08-07,Standard,Google Ads,False,674,80,15.31
2877,15,2384.1800000000003,11.92,158.94533333333337,1,0,2024-02-09,Standard,Google Ads,True,854,80,11.92
2878,19,2760.95,13.81,145.31315789473683,0,0,2024-06-26,Standard,Organic,False,716,0,13.81
2879,21,4636.42,23.17,220.78190476190477,1,0,2026-06-05,Standard,Facebook Ads,False,7,60,23.17
2880,18,7051.16,35.25,391.7311111111111,0,0,2024-11-04,Standard,Organic,False,585,0,35.25
2881,16,64881.65,324.41,4055.103125,0,1,2023-08-02,Premium,Facebook Ads,False,1045,60,324.41
2882,17,2329.07,11.65,137.00411764705882,1,0,2024-03-27,Standard,Organic,False,807,0,11.65
2883,31,4699.57,23.47,151.5990322580645,0,0,2024-02-06,Standard,Referral,True,857,20,23.47
2884,25,14484.71,72.43,579.3883999999999,0,1,2024-12-01,Standard,Referral,False,558,20,72.43
2885,24,4453.68,22.27,185.57000000000002,0,0,2025-06-20,Standard,Google Ads,False,357,80,22.27
2886,16,12509.4,62.56,781.8375,0,0,2025-03-18,Premium,Facebook Ads,False,451,60,62.56
2887,16,12410.22,62.06,775.63875,0,0,2024-12-24,Premium,Google Ads,False,535,80,62.06
2888,13,1715.23,8.56,131.94076923076923,0,0,2025-10-28,Standard,Google Ads,False,227,80,8.56
2889,13,1696.17,8.469999999999999,130.4746153846154,0,0,2026-04-22,Standard,Organic,False,51,0,8.469999999999999
2890,15,2293.56,11.45,152.904,1,0,2025-07-01,Standard,Referral,False,346,20,11.45
2891,28,4225.42,21.12,150.90785714285715,1,0,2025-05-24,Standard,Organic,False,384,0,21.12
2892,20,3599.2,18.0,179.95999999999998,0,0,2024-06-28,Standard,Referral,True,714,20,18.0
2893,30,23724.23,118.63,790.8076666666667,0,0,2024-06-03,Premium,Google Ads,False,739,80,118.63
2894,17,2170.67,10.85,127.6864705882353,0,0,2025-05-15,Standard,Organic,False,393,0,10.85
2895,25,4097.82,20.48,163.91279999999998,0,0,2025-09-04,Standard,Referral,False,281,20,20.48
2896,13,1906.42,9.52,146.64769230769232,0,0,2024-05-31,Standard,Referral,True,742,20,9.52
2897,12,10235.81,51.19,852.9841666666666,0,0,2024-08-31,Premium,Google Ads,False,650,80,51.19
2898,19,2743.87,13.71,144.41421052631577,0,0,2024-09-12,Standard,Referral,False,638,20,13.71
2899,24,121754.77,608.76,5073.1154166666665,1,5,2025-10-26,Business,Organic,True,229,0,608.76
2900,25,19335.41,96.7,773.4164,0,0,2025-11-05,Premium,LinkedIn,False,219,120,96.7
2901,17,2833.64,14.16,166.68470588235294,0,0,2026-05-23,Standard,Referral,False,20,20,14.16
2902,26,4304.78,21.52,165.56846153846152,1,0,2024-03-06,Standard,Organic,True,828,0,21.52
2903,23,3621.2999999999997,18.11,157.4478260869565,0,0,2024-01-31,Standard,LinkedIn,False,863,120,18.11
2904,19,3057.25,15.29,160.9078947368421,1,0,2025-03-22,Standard,Organic,False,447,0,15.29
2905,12,11331.880000000001,56.66,944.3233333333334,1,0,2026-01-15,Premium,Referral,False,148,20,56.66
2906,18,2637.45,13.17,146.52499999999998,0,0,2024-05-27,Standard,Google Ads,False,746,80,13.17
2907,20,18011.2,90.03999999999999,900.5600000000001,0,0,2026-04-23,Premium,Google Ads,False,50,80,90.03999999999999
2908,27,23225.7,116.12000000000002,860.2111111111111,0,1,2024-01-23,Standard,Organic,False,871,0,116.12000000000002
2909,23,3413.98,17.05,148.43391304347827,0,0,2023-12-08,Standard,Google Ads,False,917,80,17.05
2910,23,3961.81,19.81,172.25260869565219,0,0,2023-10-26,Standard,Referral,False,960,20,19.81
2911,15,6142.89,30.73,409.526,0,0,2025-05-05,Standard,Organic,False,403,0,30.73
2912,16,12102.57,60.51,756.410625,0,0,2025-12-31,Premium,LinkedIn,True,163,120,60.51
2913,16,2473.7400000000002,12.370000000000001,154.60875000000001,0,0,2024-05-23,Standard,Organic,False,750,0,12.370000000000001
2914,22,3633.02,18.16,165.13727272727272,0,0,2024-07-10,Standard,Referral,True,702,20,18.16
2915,24,4345.57,21.71,181.06541666666666,0,0,2024-03-17,Standard,Organic,True,817,0,21.71
2916,19,13390.75,66.96,704.7763157894736,1,0,2026-06-06,Premium,Organic,False,6,0,66.96
2917,17,2843.26,14.22,167.25058823529412,0,0,2025-09-29,Standard,Google Ads,False,256,80,14.22
2918,20,2926.67,14.61,146.33350000000002,0,0,2025-03-13,Standard,Referral,False,456,20,14.61
2919,22,138841.06,694.2,6310.9572727272725,0,4,2026-05-15,Business,Referral,False,28,20,694.2
2920,22,3699.15,18.5,168.14318181818183,0,0,2025-10-14,Standard,Organic,False,241,0,18.5
2921,22,3739.18,18.71,169.96272727272728,0,0,2024-07-09,Standard,Facebook Ads,False,703,60,18.71
2922,27,4268.28,21.32,158.08444444444444,1,0,2026-02-19,Standard,Google Ads,False,113,80,21.32
2923,17,2722.35,13.62,160.13823529411764,1,0,2025-06-25,Standard,Referral,False,352,20,13.62
2924,26,62851.96,314.28,2417.3830769230767,1,1,2025-06-06,Premium,LinkedIn,False,371,120,314.28
2925,13,11093.57,55.48,853.3515384615384,0,0,2026-03-09,Premium,Organic,False,95,0,55.48
2926,26,10164.74,50.81,390.95153846153846,1,0,2025-03-25,Standard,Google Ads,False,444,80,50.81
2927,19,15872.87,79.36,835.4142105263159,0,0,2023-09-05,Premium,Google Ads,False,1011,80,79.36
2928,15,2206.22,11.07,147.08133333333333,1,0,2023-11-05,Standard,Organic,False,950,0,11.07
2929,22,3446.6800000000003,17.23,156.66727272727275,1,0,2025-12-14,Standard,LinkedIn,False,180,120,17.23
2930,15,127409.41,637.04,8493.960666666668,0,2,2026-05-18,Business,Referral,True,25,20,637.04
2931,25,3602.7400000000002,18.03,144.1096,0,0,2023-10-05,Standard,Referral,False,981,20,18.03
2932,13,1719.28,8.61,132.25230769230768,0,0,2023-06-30,Standard,Referral,False,1078,20,8.61
2933,26,4277.07,21.38,164.50269230769229,0,0,2024-02-13,Standard,Organic,False,850,0,21.38
2934,23,15157.029999999999,75.77,659.001304347826,0,0,2024-05-05,Standard,LinkedIn,False,768,120,75.77
2935,26,21271.12,106.36,818.12,1,0,2023-07-08,Premium,Google Ads,False,1070,80,106.36
2936,18,2779.26,13.89,154.40333333333334,0,0,2023-09-10,Standard,Referral,True,1006,20,13.89
2937,17,2285.98,11.41,134.46941176470588,1,0,2023-09-26,Standard,Google Ads,False,990,80,11.41
2938,15,2307.14,11.53,153.8093333333333,1,0,2026-04-08,Standard,Referral,False,65,20,11.53
2939,27,4364.53,21.85,161.64925925925925,0,0,2025-04-04,Standard,Facebook Ads,True,434,60,21.85
2940,22,146536.75,732.6899999999999,6660.761363636364,0,1,2025-09-10,Business,LinkedIn,False,275,120,732.6899999999999
2941,18,2942.19,14.74,163.455,0,0,2024-02-06,Standard,LinkedIn,False,857,120,14.74
2942,19,13773.03,68.86,724.8963157894738,0,0,2024-12-18,Premium,Google Ads,False,541,80,68.86
2943,18,4811.299999999999,24.06,267.2944444444444,0,0,2024-12-29,Standard,Facebook Ads,True,530,60,24.06
2944,27,4000.54,20.03,148.16814814814813,0,0,2025-11-16,Standard,Organic,False,208,0,20.03
2945,14,2517.06,12.57,179.79,1,0,2023-11-22,Standard,Organic,False,933,0,12.57
2946,10,6856.81,34.28,685.681,1,0,2026-01-02,Premium,Organic,False,161,0,34.28
2947,18,14625.56,73.12,812.531111111111,1,0,2025-11-26,Premium,Organic,False,198,0,73.12
2948,20,3224.81,16.11,161.2405,0,0,2026-05-14,Standard,Referral,False,29,20,16.11
2949,16,7416.160000000001,37.07,463.51000000000005,0,0,2024-02-20,Standard,LinkedIn,False,843,120,37.07
2950,17,6643.72,33.230000000000004,390.8070588235294,0,0,2024-10-17,Standard,Organic,False,603,0,33.230000000000004
2951,23,13954.24,69.77,606.7060869565217,0,0,2025-10-09,Premium,Google Ads,False,246,80,69.77
2952,30,3831.23,19.16,127.70766666666667,0,0,2024-05-26,Standard,LinkedIn,False,747,120,19.16
2953,21,3361.71,16.78,160.08142857142857,0,0,2026-06-06,Standard,Organic,False,6,0,16.78
2954,19,47733.99,238.67999999999998,2512.3152631578946,1,1,2026-06-03,Premium,Organic,False,9,0,238.67999999999998
2955,16,10715.380000000001,53.57,669.7112500000001,0,0,2025-12-08,Premium,Organic,False,186,0,53.57
2956,22,15605.18,78.04,709.3263636363637,0,0,2025-11-27,Premium,Referral,False,197,20,78.04
2957,21,6391.87,31.959999999999997,304.3747619047619,1,0,2024-06-07,Standard,Organic,True,735,0,31.959999999999997
2958,15,73454.34999999999,367.27,4896.956666666666,0,0,2023-07-21,Business,Organic,False,1057,0,367.27
2959,15,2685.54,13.44,179.036,0,0,2026-04-16,Standard,Referral,False,57,20,13.44
2960,26,4238.24,21.2,163.00923076923075,0,0,2025-11-26,Standard,Referral,False,198,20,21.2
2961,9,1224.4099999999999,6.13,136.04555555555555,1,0,2026-04-01,Standard,Referral,False,72,20,6.13
2962,19,2650.29,13.24,139.48894736842104,0,0,2024-07-19,Standard,Organic,False,693,0,13.24
2963,12,2089.2799999999997,10.45,174.10666666666665,0,0,2025-05-24,Standard,Organic,True,384,0,10.45
2964,21,3543.87,17.71,168.75571428571428,0,0,2025-07-17,Standard,Organic,False,330,0,17.71
2965,16,1987.01,9.94,124.188125,1,0,2024-11-12,Standard,Referral,False,577,20,9.94
2966,23,133073.48,665.38,5785.80347826087,0,2,2026-04-19,Business,Referral,False,54,20,665.38
2967,32,4982.99,24.92,155.7184375,0,0,2024-10-31,Standard,Organic,False,589,0,24.92
2968,18,7493.419999999999,37.480000000000004,416.3011111111111,0,0,2025-03-13,Standard,Referral,False,456,20,37.480000000000004
2969,18,3434.79,17.18,190.82166666666666,0,0,2024-03-02,Standard,Organic,False,832,0,17.18
2970,25,2842.92,14.22,113.7168,0,0,2025-12-21,Standard,Facebook Ads,False,173,60,14.22
2971,20,3010.64,15.05,150.53199999999998,0,0,2026-03-05,Standard,Organic,True,99,0,15.05
2972,20,3763.35,18.82,188.1675,1,0,2024-09-22,Standard,Google Ads,False,628,80,18.82
2973,12,1768.24,8.84,147.35333333333332,0,0,2025-11-25,Standard,LinkedIn,True,199,120,8.84
2974,24,18556.98,92.8,773.2075,1,0,2025-09-07,Premium,Google Ads,False,278,80,92.8
2975,25,624748.94,3123.7300000000005,24989.957599999998,0,7,2026-04-02,Business,Google Ads,False,71,80,3123.7300000000005
2976,17,2467.48,12.35,145.1458823529412,0,0,2025-04-08,Standard,Referral,False,430,20,12.35
2977,12,2089.99,10.43,174.16583333333332,0,0,2024-08-21,Standard,Google Ads,False,660,80,10.43
2978,16,114892.97,574.46,7180.810625,2,2,2025-03-04,Business,Organic,True,465,0,574.46
2979,22,3858.12,19.3,175.36909090909091,0,0,2024-10-21,Standard,Google Ads,False,599,80,19.3
2980,22,3563.62,17.81,161.98272727272726,0,0,2023-09-24,Standard,Google Ads,False,992,80,17.81
2981,31,24241.8,121.21000000000001,781.9935483870968,0,0,2026-03-09,Premium,Facebook Ads,True,95,60,121.21000000000001
2982,15,2521.2200000000003,12.59,168.08133333333336,0,0,2026-03-24,Standard,LinkedIn,False,80,120,12.59
2983,25,3463.86,17.31,138.55440000000002,0,0,2025-07-22,Standard,Facebook Ads,False,325,60,17.31
2984,18,2711.86,13.57,150.6588888888889,0,0,2025-11-18,Standard,Organic,False,206,0,13.57
2985,13,1795.16,8.97,138.08923076923077,0,0,2023-08-24,Standard,Google Ads,False,1023,80,8.97
2986,14,1809.41,9.05,129.24357142857144,0,0,2024-03-20,Standard,Referral,False,814,20,9.05
2987,22,3304.13,16.53,150.18772727272727,0,0,2025-01-07,Standard,Google Ads,False,521,80,16.53
2988,20,3530.91,17.64,176.5455,0,0,2025-11-03,Standard,Organic,False,221,0,17.64
2989,25,30658.73,153.32,1226.3491999999999,1,1,2025-12-08,Premium,LinkedIn,False,186,120,153.32
2990,21,2546.56,12.72,121.2647619047619,0,0,2024-05-25,Standard,Google Ads,False,748,80,12.72
2991,22,3251.49,16.24,147.795,0,0,2023-08-14,Standard,LinkedIn,False,1033,120,16.24
2992,26,141935.29,709.68,5459.049615384616,0,2,2024-01-01,Premium,LinkedIn,False,893,120,709.68
2993,24,18021.42,90.1,750.8924999999999,0,0,2026-04-24,Premium,Google Ads,False,49,80,90.1
2994,21,14260.88,71.32,679.0895238095238,0,0,2025-07-28,Premium,Facebook Ads,False,319,60,71.32
2995,19,2777.24,13.87,146.17052631578946,0,0,2023-06-23,Standard,Google Ads,False,1085,80,13.87
2996,28,131283.41,656.42,4688.693214285714,0,2,2024-12-02,Business,Google Ads,False,557,80,656.42
2997,17,2450.17,12.24,144.12764705882353,1,0,2024-02-04,Standard,Google Ads,False,859,80,12.24
2998,24,4123.03,20.61,171.79291666666666,0,0,2023-10-04,Standard,LinkedIn,False,982,120,20.61
2999,23,20896.84,104.51,908.5582608695652,0,0,2023-06-21,Premium,Organic,False,1087,0,104.51
3000,25,4146.63,20.74,165.86520000000002,1,0,2023-08-04,Standard,LinkedIn,False,1043,120,20.74
3001,20,12943.76,64.71,647.188,0,0,2025-04-28,Premium,Google Ads,False,410,80,64.71
3002,15,2029.5700000000002,10.14,135.3046666666667,0,0,2024-10-02,Standard,LinkedIn,False,618,120,10.14
3003,14,2261.5,11.299999999999999,161.53571428571428,0,0,2023-11-27,Standard,Google Ads,False,928,80,11.299999999999999
3004,26,20602.65,103.01,792.4096153846154,1,0,2025-05-28,Premium,Organic,False,380,0,103.01
3005,23,3536.57,17.69,153.76391304347825,0,0,2026-01-24,Standard,Organic,False,139,0,17.69
3006,23,17528.72,87.63,762.1182608695652,0,0,2024-12-22,Premium,Google Ads,True,537,80,87.63
3007,18,24128.94,120.64,1340.4966666666667,1,1,2024-04-06,Standard,Organic,False,797,0,120.64
3008,12,1569.66,7.86,130.805,0,0,2026-05-24,Standard,Referral,False,19,20,7.86
3009,15,2539.47,12.71,169.29799999999997,0,0,2026-03-22,Standard,Google Ads,False,82,80,12.71
3010,23,18083.85,90.41,786.2543478260869,0,1,2025-03-17,Standard,Referral,True,452,20,90.41
3011,18,7964.540000000001,39.82,442.4744444444445,1,0,2025-03-19,Standard,Google Ads,False,450,80,39.82
3012,20,6075.89,30.380000000000003,303.7945,0,0,2024-11-19,Standard,Organic,False,570,0,30.380000000000003
3013,18,15263.33,76.31,847.9627777777778,0,0,2025-12-01,Premium,Organic,False,193,0,76.31
3014,17,195999.7,980.0000000000001,11529.39411764706,1,4,2026-05-01,Business,Google Ads,False,42,80,980.0000000000001
3015,22,32957.71,164.77999999999997,1498.0777272727273,0,1,2024-10-03,Premium,Organic,False,617,0,164.77999999999997
3016,18,14733.52,73.65,818.5288888888889,1,0,2025-10-29,Premium,Organic,False,226,0,73.65
3017,22,3686.52,18.43,167.5690909090909,3,0,2025-02-22,Standard,Facebook Ads,False,475,60,18.43
3018,19,2421.77,12.1,127.46157894736842,0,0,2026-05-09,Standard,Organic,False,34,0,12.1
3019,23,3607.72,18.07,156.85739130434783,1,0,2024-04-28,Standard,Facebook Ads,False,775,60,18.07
3020,25,9355.779999999999,46.79,374.23119999999994,0,0,2023-12-01,Standard,Facebook Ads,False,924,60,46.79
3021,20,3120.87,15.63,156.0435,0,0,2024-01-30,Standard,Referral,False,864,20,15.63
3022,12,1440.72,7.21,120.06,0,0,2025-01-27,Standard,Google Ads,True,501,80,7.21
3023,23,4337.45,21.669999999999998,188.58478260869563,2,0,2025-04-05,Standard,Organic,False,433,0,21.669999999999998
3024,21,42585.43,212.93,2027.877619047619,1,1,2026-05-18,Premium,Facebook Ads,False,25,60,212.93
3025,26,3596.07,17.98,138.31038461538463,0,0,2025-01-17,Standard,Google Ads,False,511,80,17.98
3026,12,9300.7,46.52,775.0583333333334,0,0,2026-02-24,Premium,Organic,False,108,0,46.52
3027,15,2789.9,13.94,185.99333333333334,0,0,2024-03-11,Standard,LinkedIn,False,823,120,13.94
3028,17,2775.1,13.9,163.24117647058824,0,0,2024-03-11,Standard,Facebook Ads,False,823,60,13.9
3029,17,13142.53,65.71,773.09,1,0,2023-09-16,Premium,Organic,True,1000,0,65.71
3030,16,2210.86,11.06,138.17875,0,0,2026-04-10,Standard,Facebook Ads,False,63,60,11.06
3031,21,58991.75,294.96,2809.1309523809523,0,1,2024-05-27,Premium,Facebook Ads,False,746,60,294.96
3032,21,2920.43,14.59,139.06809523809522,0,0,2024-09-02,Standard,Organic,True,648,0,14.59
3033,20,5649.38,28.27,282.469,0,0,2024-09-27,Standard,Google Ads,True,623,80,28.27
3034,14,8403.69,41.99,600.2635714285715,0,0,2023-10-22,Premium,Organic,False,964,0,41.99
3035,17,13813.16,69.07,812.5388235294117,1,0,2026-03-25,Premium,Facebook Ads,False,79,60,69.07
3036,22,4023.08,20.13,182.86727272727273,0,0,2023-10-02,Standard,Organic,False,984,0,20.13
3037,26,4085.69,20.41,157.1419230769231,0,0,2025-03-19,Standard,Referral,False,450,20,20.41
3038,28,21773.9,108.88,777.6392857142857,0,0,2026-05-11,Premium,Referral,False,32,20,108.88
3039,17,2200.31,10.99,129.43,0,0,2025-06-15,Standard,Referral,False,362,20,10.99
3040,31,7586.5,37.940000000000005,244.7258064516129,1,0,2023-07-23,Standard,Referral,False,1055,20,37.940000000000005
3041,26,4281.01,21.4,164.65423076923076,2,0,2025-05-30,Standard,Google Ads,True,378,80,21.4
3042,26,3921.42,19.61,150.82384615384615,0,0,2024-03-12,Standard,Google Ads,False,822,80,19.61
3043,15,2126.17,10.62,141.74466666666666,0,0,2024-11-03,Standard,LinkedIn,False,586,120,10.62
3044,23,5069.71,25.36,220.42217391304348,0,0,2024-01-07,Standard,Organic,False,887,0,25.36
3045,20,3470.04,17.32,173.502,0,0,2024-07-21,Standard,LinkedIn,True,691,120,17.32
3046,20,3335.73,16.7,166.7865,0,0,2026-05-15,Standard,Organic,False,28,0,16.7
3047,18,2907.4,14.54,161.52222222222224,0,0,2024-02-14,Standard,Referral,False,849,20,14.54
3048,23,3694.86,18.5,160.64608695652174,0,0,2023-09-07,Standard,LinkedIn,False,1009,120,18.5
3049,13,2118.36,10.59,162.95076923076925,0,0,2023-11-11,Standard,Google Ads,False,944,80,10.59
3050,22,3276.1,16.4,148.91363636363636,0,0,2025-11-24,Standard,LinkedIn,False,200,120,16.4
3051,10,47739.99,238.70999999999998,4773.999,1,1,2024-08-21,Business,Organic,False,660,0,238.70999999999998
3052,10,1860.76,9.32,186.076,0,0,2024-08-04,Standard,Organic,False,677,0,9.32
3053,19,17117.05,85.59,900.8973684210526,1,1,2024-06-18,Standard,Referral,False,724,20,85.59
3054,27,22419.24,112.11,830.3422222222223,0,0,2025-12-30,Premium,Google Ads,False,164,80,112.11
3055,22,945873.3600000001,4729.38,42994.243636363644,0,3,2025-03-06,Business,LinkedIn,False,463,120,4729.38
3056,16,1886.4199999999998,9.41,117.90124999999999,0,0,2023-08-05,Standard,Organic,True,1042,0,9.41
3057,24,3511.85,17.55,146.32708333333332,0,0,2024-11-12,Standard,Referral,False,577,20,17.55
3058,18,15198.99,76.0,844.3883333333333,0,0,2024-05-11,Premium,Organic,False,762,0,76.0
3059,13,1704.6,8.54,131.12307692307692,0,0,2023-10-18,Standard,Google Ads,False,968,80,8.54
3060,21,2426.7,12.14,115.55714285714285,0,0,2025-10-13,Standard,Organic,False,242,0,12.14
3061,10,1309.93,6.53,130.993,0,0,2024-11-21,Standard,Referral,False,568,20,6.53
3062,13,1862.17,9.31,143.24384615384616,0,0,2024-07-08,Standard,Google Ads,False,704,80,9.31
3063,21,116913.76,584.5600000000001,5567.321904761904,0,0,2024-02-26,Business,Facebook Ads,False,837,60,584.5600000000001
3064,19,2910.62,14.56,153.19052631578947,0,0,2024-01-01,Standard,Organic,False,893,0,14.56
3065,14,4025.66,20.13,287.54714285714283,0,0,2026-04-02,Standard,Organic,False,71,0,20.13
3066,15,1898.93,9.49,126.59533333333334,0,0,2024-11-03,Standard,Facebook Ads,False,586,60,9.49
3067,29,16410.61,82.03999999999999,565.8831034482758,0,0,2024-08-19,Standard,Organic,False,662,0,82.03999999999999
3068,11,1382.83,6.91,125.71181818181817,0,0,2024-04-30,Standard,LinkedIn,True,773,120,6.91
3069,18,3088.76,15.46,171.5977777777778,0,0,2024-09-27,Standard,Organic,False,623,0,15.46
3070,26,20544.29,102.74,790.1650000000001,1,0,2025-02-13,Premium,Google Ads,True,484,80,102.74
3071,17,11938.75,59.68,702.2794117647059,0,0,2024-04-09,Premium,Organic,False,794,0,59.68
3072,23,2662.2,13.32,115.74782608695651,0,0,2024-10-23,Standard,Referral,False,597,20,13.32
3073,16,14223.539999999999,71.12,888.9712499999999,0,0,2024-01-03,Premium,Referral,False,891,20,71.12
3074,18,2673.28,13.37,148.51555555555558,0,0,2024-03-21,Standard,Referral,True,813,20,13.37
3075,23,5647.98,28.26,245.56434782608693,0,0,2024-11-28,Standard,Organic,False,561,0,28.26
3076,24,3344.13,16.71,139.33875,0,0,2023-07-06,Standard,Referral,True,1072,20,16.71
3077,22,17105.19,85.53999999999999,777.5086363636364,1,0,2025-02-11,Premium,Google Ads,True,486,80,85.53999999999999
3078,19,3625.2799999999997,18.11,190.80421052631579,0,0,2026-04-07,Standard,Referral,False,66,20,18.11
3079,23,56561.71,282.78999999999996,2459.2047826086955,0,1,2024-06-17,Premium,Organic,False,725,0,282.78999999999996
3080,16,13354.56,66.77,834.66,0,0,2023-08-07,Premium,Organic,True,1040,0,66.77
3081,14,25628.670000000002,128.15,1830.6192857142858,0,1,2026-01-15,Premium,Google Ads,False,148,80,128.15
3082,18,13308.740000000002,66.55,739.3744444444445,0,1,2024-05-15,Standard,Referral,False,758,20,66.55
3083,24,21497.22,107.47,895.7175000000001,0,0,2023-09-01,Premium,Organic,False,1015,0,107.47
3084,15,2787.2400000000002,13.93,185.816,0,0,2026-04-25,Standard,Organic,False,48,0,13.93
3085,25,28591.940000000002,142.98,1143.6776,0,1,2025-06-02,Standard,LinkedIn,False,375,120,142.98
3086,20,14897.73,74.48,744.8865,0,0,2024-08-19,Premium,Google Ads,False,662,80,74.48
3087,20,9977.449999999999,49.91,498.87249999999995,0,0,2026-05-22,Standard,Organic,False,21,0,49.91
3088,16,11267.44,56.35,704.215,1,0,2023-10-23,Premium,Google Ads,False,963,80,56.35
3089,30,24139.36,120.67999999999999,804.6453333333334,0,0,2024-07-19,Premium,Referral,False,693,20,120.67999999999999
3090,24,3230.78,16.169999999999998,134.61583333333334,0,0,2025-08-27,Standard,LinkedIn,False,289,120,16.169999999999998
3091,25,4854.74,24.27,194.18959999999998,0,0,2025-10-05,Standard,Referral,False,250,20,24.27
3092,19,2976.23,14.870000000000001,156.64368421052632,1,0,2025-03-08,Standard,Organic,True,461,0,14.870000000000001
3093,19,84350.18000000001,421.75,4439.483157894737,0,0,2026-02-27,Business,Referral,True,105,20,421.75
3094,23,3617.4700000000003,18.06,157.2813043478261,0,0,2024-09-22,Standard,Facebook Ads,False,628,60,18.06
3095,11,1768.18,8.85,160.74363636363637,0,0,2026-02-10,Standard,Referral,False,122,20,8.85
3096,17,2252.12,11.27,132.47764705882352,0,0,2024-11-08,Standard,Organic,False,581,0,11.27
3097,20,2846.46,14.25,142.323,0,0,2025-08-06,Standard,LinkedIn,True,310,120,14.25
3098,23,3575.14,17.9,155.44086956521738,0,0,2023-06-12,Standard,LinkedIn,False,1096,120,17.9
3099,17,15035.34,75.19,884.4317647058824,1,0,2024-06-05,Premium,Organic,False,737,0,75.19
3100,12,9397.85,46.99,783.1541666666667,1,0,2026-02-25,Premium,Google Ads,False,107,80,46.99
3101,10,1690.31,8.440000000000001,169.031,0,0,2025-08-31,Standard,Referral,False,285,20,8.440000000000001
3102,21,3332.46,16.66,158.68857142857144,0,0,2025-09-19,Standard,Facebook Ads,False,266,60,16.66
3103,20,2649.43,13.24,132.4715,1,0,2026-04-30,Standard,Google Ads,False,43,80,13.24
3104,27,22201.420000000002,110.99,822.2748148148149,0,0,2025-04-21,Premium,Facebook Ads,False,417,60,110.99
3105,22,15690.140000000001,78.45,713.1881818181819,0,0,2025-11-25,Standard,Google Ads,True,199,80,78.45
3106,21,5899.7699999999995,29.48,280.94142857142856,0,0,2025-02-19,Standard,Referral,False,478,20,29.48
3107,18,2902.05,14.51,161.22500000000002,0,0,2023-08-28,Standard,Facebook Ads,False,1019,60,14.51
3108,21,23176.68,115.9,1103.6514285714286,1,0,2024-02-21,Premium,Google Ads,False,842,80,115.9
3109,26,26939.6,134.7,1036.1384615384616,1,1,2024-10-27,Standard,Facebook Ads,False,593,60,134.7
3110,23,3754.7799999999997,18.77,163.25130434782608,0,0,2025-01-08,Standard,Organic,True,520,0,18.77
3111,26,3336.13,16.7,128.31269230769232,2,0,2026-03-04,Standard,Organic,True,100,0,16.7
3112,22,3637.23,18.19,165.32863636363638,0,0,2024-02-18,Standard,Referral,False,845,20,18.19
3113,14,1896.62,9.49,135.47285714285712,0,0,2026-01-09,Standard,Google Ads,False,154,80,9.49
3114,21,3175.86,15.87,151.23142857142858,0,0,2024-07-09,Standard,Facebook Ads,False,703,60,15.87
3115,26,16866.24,84.31000000000002,648.7015384615386,1,1,2024-08-04,Standard,Organic,False,677,0,84.31000000000002
3116,26,4157.24,20.81,159.89384615384614,1,0,2024-10-18,Standard,Organic,False,602,0,20.81
3117,26,23633.84,118.15,908.9938461538461,1,0,2023-06-30,Premium,Organic,False,1078,0,118.15
3118,17,2859.72,14.27,168.21882352941176,0,0,2024-10-14,Standard,Facebook Ads,False,606,60,14.27
3119,23,3324.37,16.62,144.53782608695653,1,0,2025-09-20,Standard,Referral,False,265,20,16.62
3120,18,94164.92,470.83000000000004,5231.384444444444,1,1,2024-04-16,Premium,Organic,False,787,0,470.83000000000004
3121,16,2978.43,14.89,186.151875,0,0,2025-12-05,Standard,Referral,False,189,20,14.89
3122,21,2964.38,14.84,141.16095238095238,0,0,2024-08-30,Standard,Facebook Ads,False,651,60,14.84
3123,23,20908.45,104.55,909.0630434782609,2,0,2025-12-15,Premium,Google Ads,False,179,80,104.55
3124,23,3551.41,17.74,154.4091304347826,0,0,2023-06-12,Standard,Google Ads,False,1096,80,17.74
3125,16,9120.93,45.61,570.058125,0,0,2025-08-25,Standard,Organic,False,291,0,45.61
3126,21,2987.04,14.93,142.24,1,0,2023-08-28,Standard,Organic,False,1019,0,14.93
3127,18,2674.2200000000003,13.370000000000001,148.5677777777778,0,0,2026-02-22,Standard,Referral,False,110,20,13.370000000000001
3128,17,16316.11,81.55,959.7711764705882,0,0,2023-12-06,Premium,Organic,False,919,0,81.55
3129,23,3809.38,19.06,165.62521739130435,0,0,2025-07-22,Standard,Referral,True,325,20,19.06
3130,13,2497.44,12.5,192.11076923076922,0,0,2024-08-27,Standard,LinkedIn,False,654,120,12.5
3131,24,4316.94,21.58,179.87249999999997,1,0,2025-06-22,Standard,Referral,True,355,20,21.58
3132,23,3579.69,17.89,155.6386956521739,0,0,2025-03-23,Standard,Facebook Ads,False,446,60,17.89
3133,28,25210.21,126.04,900.3646428571428,0,0,2023-09-08,Premium,Referral,False,1008,20,126.04
3134,21,2899.02,14.5,138.04857142857142,0,0,2024-07-26,Standard,Organic,False,686,0,14.5
3135,24,4279.28,21.39,178.3033333333333,1,0,2025-11-19,Standard,Google Ads,True,205,80,21.39
3136,18,2791.89,13.96,155.105,0,0,2025-01-17,Standard,Referral,False,511,20,13.96
3137,25,4097.14,20.5,163.8856,0,0,2023-11-28,Standard,Organic,False,927,0,20.5
3138,25,4918.03,24.57,196.72119999999998,0,0,2026-04-22,Standard,Referral,False,51,20,24.57
3139,23,17093.29,85.46,743.1865217391305,0,0,2026-05-24,Premium,Organic,False,19,0,85.46
3140,21,3104.23,15.52,147.8204761904762,0,0,2025-09-06,Standard,Google Ads,True,279,80,15.52
3141,10,1587.35,7.95,158.73499999999999,0,0,2023-10-11,Standard,Referral,False,975,20,7.95
3142,19,3234.4,16.17,170.23157894736843,0,0,2026-05-29,Standard,Google Ads,False,14,80,16.17
3143,21,107989.48,539.95,5142.35619047619,0,3,2024-07-13,Business,Google Ads,False,699,80,539.95
3144,22,2760.37,13.81,125.47136363636363,0,0,2025-12-08,Standard,Organic,True,186,0,13.81
3145,20,12365.080000000002,61.82999999999999,618.2540000000001,2,1,2025-06-18,Standard,Referral,False,359,20,61.82999999999999
3146,21,32361.53,161.82999999999998,1541.0252380952381,0,1,2025-10-13,Premium,Referral,False,242,20,161.82999999999998
3147,23,3303.4,16.55,143.62608695652173,1,0,2025-09-23,Standard,Google Ads,False,262,80,16.55
3148,18,4238.93,21.19,235.49611111111113,1,0,2024-01-01,Standard,Google Ads,False,893,80,21.19
3149,15,78643.69,393.21000000000004,5242.912666666667,1,4,2025-01-04,Business,Organic,False,524,0,393.21000000000004
3150,19,14224.89,71.13,748.6784210526315,0,0,2025-08-22,Premium,Referral,False,294,20,71.13
3151,19,18457.81,92.29,971.4636842105264,0,1,2024-09-17,Standard,Organic,False,633,0,92.29
3152,26,19371.59,96.86,745.0611538461538,0,1,2024-10-04,Standard,Google Ads,False,616,80,96.86
3153,10,1749.85,8.74,174.98499999999999,1,0,2025-04-27,Standard,Referral,False,411,20,8.74
3154,13,2298.7,11.49,176.8230769230769,0,0,2023-09-03,Standard,LinkedIn,False,1013,120,11.49
3155,27,3780.36,18.89,140.01333333333335,0,0,2024-11-08,Standard,Referral,True,581,20,18.89
3156,15,11408.27,57.05,760.5513333333333,0,0,2025-06-10,Premium,Referral,False,367,20,57.05
3157,14,8259.97,41.3,589.9978571428571,0,0,2024-04-19,Premium,LinkedIn,False,784,120,41.3
3158,20,3217.71,16.1,160.8855,0,0,2025-07-05,Standard,Google Ads,False,342,80,16.1
3159,25,19435.92,97.2,777.4368,0,0,2025-08-25,Premium,Organic,False,291,0,97.2
3160,24,12000.06,60.02,500.0025,0,0,2023-09-13,Standard,Referral,True,1003,20,60.02
3161,17,12639.9,63.21,743.5235294117647,0,0,2025-04-03,Premium,LinkedIn,True,435,120,63.21
3162,28,18878.84,94.41,674.2442857142858,0,0,2025-11-21,Premium,Organic,False,203,0,94.41
3163,20,3609.69,18.02,180.4845,0,0,2025-05-07,Standard,Referral,False,401,20,18.02
3164,16,2395.67,11.99,149.729375,0,0,2024-08-15,Standard,Referral,False,666,20,11.99
3165,15,10446.480000000001,52.22,696.4320000000001,0,0,2026-03-20,Standard,Organic,False,84,0,52.22
3166,17,2510.5299999999997,12.57,147.67823529411763,0,0,2024-06-06,Standard,Referral,False,736,20,12.57
3167,20,15057.56,75.29,752.8779999999999,0,0,2023-09-13,Premium,Organic,False,1003,0,75.29
3168,12,1966.1599999999999,9.85,163.84666666666666,1,0,2026-02-13,Standard,Organic,False,119,0,9.85
3169,19,13346.12,66.73,702.4273684210526,0,0,2024-04-07,Premium,Google Ads,True,796,80,66.73
3170,18,12522.37,62.61,695.6872222222223,0,0,2026-02-11,Premium,Referral,False,121,20,62.61
3171,16,2898.5499999999997,14.5,181.15937499999998,0,0,2024-09-03,Standard,Google Ads,False,647,80,14.5
3172,12,1856.97,9.27,154.7475,0,0,2025-07-28,Standard,Organic,False,319,0,9.27
3173,24,4204.13,21.04,175.17208333333335,0,0,2024-03-28,Standard,Facebook Ads,False,806,60,21.04
3174,22,3568.83,17.87,162.21954545454545,0,0,2023-10-01,Standard,LinkedIn,False,985,120,17.87
3175,19,3137.62,15.68,165.1378947368421,0,0,2024-08-30,Standard,Google Ads,False,651,80,15.68
3176,18,14398.1,71.99000000000001,799.8944444444445,0,0,2024-10-08,Premium,Organic,True,612,0,71.99000000000001
3177,23,23440.85,117.23,1019.1673913043478,0,1,2025-12-05,Standard,Organic,False,189,0,117.23
3178,16,2465.04,12.33,154.065,0,0,2024-03-10,Standard,Google Ads,False,824,80,12.33
3179,18,50182.26,250.91000000000003,2787.9033333333336,1,1,2023-09-21,Premium,Google Ads,False,995,80,250.91000000000003
3180,22,3303.09,16.52,150.14045454545456,1,0,2023-10-15,Standard,Google Ads,True,971,80,16.52
3181,18,18990.92,94.94,1055.051111111111,0,1,2025-03-08,Standard,Facebook Ads,False,461,60,94.94
3182,20,8777.72,43.879999999999995,438.88599999999997,0,0,2025-09-28,Standard,Google Ads,False,257,80,43.879999999999995
3183,17,2694.95,13.48,158.52647058823527,0,0,2025-11-30,Standard,Referral,False,194,20,13.48
3184,21,3569.1,17.85,169.95714285714286,0,0,2025-04-21,Standard,Google Ads,False,417,80,17.85
3185,22,3242.92,16.24,147.40545454545455,0,0,2026-03-01,Standard,Google Ads,False,103,80,16.24
3186,18,3139.44,15.68,174.41333333333333,0,0,2024-11-02,Standard,Facebook Ads,False,587,60,15.68
3187,11,56737.880000000005,283.69,5157.989090909091,0,2,2023-11-02,Business,Organic,True,953,0,283.69
3188,16,70411.56999999999,352.05,4400.7231249999995,0,1,2024-03-23,Premium,Referral,False,811,20,352.05
3189,16,2141.33,10.719999999999999,133.833125,2,0,2024-12-16,Standard,Organic,False,543,0,10.719999999999999
3190,20,3739.28,18.7,186.964,0,0,2024-04-06,Standard,Organic,False,797,0,18.7
3191,20,6453.08,32.27,322.654,0,0,2023-12-29,Standard,Google Ads,False,896,80,32.27
3192,22,7213.84,36.09,327.9018181818182,1,0,2025-06-16,Standard,Google Ads,False,361,80,36.09
3193,26,23130.0,115.65,889.6153846153846,0,1,2025-08-02,Standard,Google Ads,False,314,80,115.65
3194,21,14163.28,70.82,674.4419047619048,0,1,2024-07-08,Standard,Google Ads,False,704,80,70.82
3195,16,11312.89,56.56,707.055625,0,0,2025-06-24,Premium,Organic,True,353,0,56.56
3196,21,14454.25,72.26,688.297619047619,0,0,2025-12-04,Premium,Referral,False,190,20,72.26
3197,20,3618.56,18.12,180.928,1,0,2024-08-06,Standard,Google Ads,False,675,80,18.12
3198,18,204125.19,1020.6099999999999,11340.288333333334,0,2,2024-10-19,Business,Organic,False,601,0,1020.6099999999999
3199,19,2934.7,14.690000000000001,154.4578947368421,0,0,2026-06-11,Standard,Google Ads,True,1,80,14.690000000000001
3200,17,2420.98,12.1,142.4105882352941,0,0,2023-10-22,Standard,Organic,False,964,0,12.1
3201,23,43083.63,215.43,1873.201304347826,1,1,2025-09-05,Premium,Organic,False,280,0,215.43
3202,23,3054.54,15.3,132.80608695652174,2,0,2023-09-30,Standard,Facebook Ads,False,986,60,15.3
3203,24,3938.04,19.7,164.085,0,0,2025-11-10,Standard,Organic,False,214,0,19.7
3204,21,2243.67,11.209999999999999,106.84142857142858,1,0,2026-01-20,Standard,Google Ads,False,143,80,11.209999999999999
3205,16,15371.16,76.86,960.6975,1,0,2025-02-10,Premium,Referral,False,487,20,76.86
3206,17,2792.2,13.96,164.24705882352941,0,0,2023-11-22,Standard,Facebook Ads,False,933,60,13.96
3207,13,1659.91,8.31,127.68538461538462,0,0,2024-10-31,Standard,Organic,False,589,0,8.31
3208,22,17015.87,85.07,773.4486363636363,0,0,2023-12-12,Premium,Organic,False,913,0,85.07
3209,22,3340.4700000000003,16.69,151.83954545454546,0,0,2025-02-15,Standard,Organic,False,482,0,16.69
3210,26,4058.33,20.29,156.08961538461537,1,0,2024-03-31,Standard,Organic,True,803,0,20.29
3211,19,2676.78,13.370000000000001,140.88315789473685,0,0,2023-10-06,Standard,Google Ads,False,980,80,13.370000000000001
3212,24,19508.14,97.53,812.8391666666666,0,0,2025-12-01,Premium,Organic,False,193,0,97.53
3213,20,16035.550000000001,80.19,801.7775,0,0,2024-01-17,Premium,Organic,False,877,0,80.19
3214,24,3743.7,18.74,155.98749999999998,0,0,2025-08-23,Standard,Organic,False,293,0,18.74
3215,19,2931.77,14.66,154.3036842105263,1,0,2025-05-08,Standard,Referral,False,400,20,14.66
3216,17,2291.63,11.48,134.80176470588236,0,0,2023-08-15,Standard,Referral,True,1032,20,11.48
3217,21,32562.260000000002,162.82,1550.5838095238096,0,1,2025-05-12,Premium,Organic,False,396,0,162.82
3218,16,2437.21,12.18,152.325625,0,0,2023-06-16,Standard,Facebook Ads,False,1092,60,12.18
3219,23,112352.42,561.75,4884.887826086956,0,2,2024-12-28,Business,Facebook Ads,False,531,60,561.75
3220,15,2805.9,14.03,187.06,0,0,2024-01-25,Standard,Google Ads,False,869,80,14.03
3221,28,4407.74,22.06,157.4192857142857,0,0,2026-03-15,Standard,Google Ads,False,89,80,22.06
3222,20,12804.8,64.03,640.24,0,0,2025-11-23,Premium,Facebook Ads,False,201,60,64.03
3223,28,4358.47,21.79,155.65964285714287,0,0,2023-07-01,Standard,Referral,True,1077,20,21.79
3224,20,14342.89,71.71,717.1445,0,0,2024-06-07,Premium,Google Ads,False,735,80,71.71
3225,14,2066.3,10.34,147.59285714285716,0,0,2025-04-04,Standard,Google Ads,False,434,80,10.34
3226,22,3102.81,15.52,141.03681818181818,0,0,2023-09-23,Standard,Google Ads,False,993,80,15.52
3227,18,2817.44,14.08,156.52444444444444,0,0,2026-01-30,Standard,LinkedIn,False,133,120,14.08
3228,21,2735.59,13.67,130.26619047619047,1,0,2024-02-12,Standard,Organic,False,851,0,13.67
3229,20,3538.18,17.69,176.909,0,0,2024-08-07,Standard,Referral,False,674,20,17.69
3230,14,19569.06,97.84,1397.7900000000002,0,1,2024-07-27,Standard,Referral,False,685,20,97.84
3231,23,4095.37,20.49,178.0595652173913,0,0,2023-10-16,Standard,Facebook Ads,False,970,60,20.49
3232,20,3261.81,16.32,163.0905,0,0,2024-08-07,Standard,LinkedIn,False,674,120,16.32
3233,12,1392.1799999999998,6.94,116.01499999999999,0,0,2023-11-23,Standard,Facebook Ads,False,932,60,6.94
3234,23,4179.37,20.93,181.71173913043478,0,0,2023-10-03,Standard,Organic,False,983,0,20.93
3235,18,2878.89,14.4,159.93833333333333,0,0,2026-03-13,Standard,Organic,False,91,0,14.4
3236,25,3598.9,17.990000000000002,143.95600000000002,0,0,2025-08-14,Standard,Referral,False,302,20,17.990000000000002
3237,22,3054.2799999999997,15.26,138.83090909090907,0,0,2025-08-26,Standard,Facebook Ads,False,290,60,15.26
3238,17,2645.87,13.23,155.63941176470587,0,0,2024-03-26,Standard,Google Ads,False,808,80,13.23
3239,19,2685.7999999999997,13.43,141.3578947368421,0,0,2023-08-25,Standard,Organic,False,1022,0,13.43
3240,26,19924.97,99.62,766.345,0,0,2025-12-29,Premium,Referral,False,165,20,99.62
3241,24,3135.41,15.68,130.64208333333332,0,0,2024-11-28,Standard,Organic,False,561,0,15.68
3242,23,13935.140000000001,69.69,605.8756521739131,0,1,2024-05-16,Standard,Google Ads,False,757,80,69.69
3243,22,3355.87,16.79,152.53954545454545,0,0,2025-04-20,Standard,Facebook Ads,False,418,60,16.79
3244,16,2980.91,14.91,186.306875,0,0,2024-03-06,Standard,Referral,False,828,20,14.91
3245,26,19003.3,95.01,730.8961538461538,1,0,2025-04-06,Premium,Organic,True,432,0,95.01
3246,19,17420.94,87.12,916.8915789473683,0,0,2024-08-02,Premium,Organic,False,679,0,87.12
3247,16,2378.01,11.9,148.625625,0,0,2024-10-28,Standard,Facebook Ads,False,592,60,11.9
3248,15,2601.1,13.0,173.40666666666667,0,0,2023-06-24,Standard,LinkedIn,False,1084,120,13.0
3249,12,9356.24,46.78,779.6866666666666,0,0,2024-12-12,Premium,Organic,False,547,0,46.78
3250,12,1848.73,9.26,154.06083333333333,0,0,2026-05-23,Standard,LinkedIn,True,20,120,9.26
3251,13,11736.81,58.68,902.8315384615385,0,0,2023-07-14,Premium,Organic,False,1064,0,58.68
3252,18,2675.97,13.38,148.665,0,0,2024-08-18,Standard,Facebook Ads,False,663,60,13.38
3253,17,16306.15,81.54,959.185294117647,0,1,2026-01-01,Standard,Referral,False,162,20,81.54
3254,25,18144.5,90.71,725.78,0,0,2023-09-13,Premium,Facebook Ads,False,1003,60,90.71
3255,16,12465.66,62.34,779.10375,0,0,2025-11-16,Premium,Organic,True,208,0,62.34
3256,20,14551.75,72.76,727.5875,0,0,2025-04-01,Premium,Organic,False,437,0,72.76
3257,22,3488.8,17.45,158.5818181818182,0,0,2026-04-29,Standard,Google Ads,False,44,80,17.45
3258,23,112141.24,560.68,4875.706086956522,0,2,2024-03-04,Business,Google Ads,False,830,80,560.68
3259,10,1624.0600000000002,8.11,162.406,0,0,2026-04-08,Standard,Referral,False,65,20,8.11
3260,22,16480.04,82.39,749.0927272727273,0,1,2025-12-25,Standard,Google Ads,False,169,80,82.39
3261,12,9192.5,45.94,766.0416666666666,1,0,2024-05-30,Premium,Facebook Ads,False,743,60,45.94
3262,16,10617.5,53.08,663.59375,0,0,2026-01-02,Premium,Google Ads,False,161,80,53.08
3263,18,3005.7,15.02,166.98333333333332,1,0,2025-08-14,Standard,Organic,False,302,0,15.02
3264,16,13949.98,69.75,871.87375,0,0,2025-10-27,Premium,LinkedIn,False,228,120,69.75
3265,22,65607.24,328.02,2982.147272727273,0,1,2024-02-07,Premium,Organic,False,856,0,328.02
3266,23,3788.89,18.95,164.73434782608695,0,0,2023-08-04,Standard,Google Ads,False,1043,80,18.95
3267,23,18119.56,90.59,787.8069565217392,0,0,2025-03-22,Premium,Referral,False,447,20,90.59
3268,17,2392.13,11.95,140.7135294117647,0,0,2024-10-05,Standard,Organic,False,615,0,11.95
3269,25,4835.34,24.17,193.4136,0,0,2023-10-27,Standard,Google Ads,False,959,80,24.17
3270,12,1755.88,8.77,146.32333333333335,0,0,2025-07-19,Standard,Organic,False,328,0,8.77
3271,20,3228.93,16.15,161.4465,0,0,2024-03-21,Standard,Organic,False,813,0,16.15
3272,15,10846.06,54.21,723.0706666666666,0,0,2024-04-19,Standard,Google Ads,False,784,80,54.21
3273,20,16743.14,83.7,837.1569999999999,0,0,2024-05-29,Premium,Organic,False,744,0,83.7
3274,20,11971.38,59.87,598.569,0,0,2025-02-21,Premium,Facebook Ads,False,476,60,59.87
3275,21,14924.1,74.63,710.6714285714286,1,0,2025-02-13,Premium,Organic,False,484,0,74.63
3276,22,3458.53,17.28,157.2059090909091,0,0,2025-03-30,Standard,LinkedIn,True,439,120,17.28
3277,24,17948.1,89.75999999999999,747.8375,2,1,2024-11-04,Standard,Google Ads,False,585,80,89.75999999999999
3278,15,78139.83,390.71,5209.322,0,2,2026-04-16,Business,LinkedIn,False,57,120,390.71
3279,19,17565.04,87.83,924.4757894736842,1,0,2026-01-10,Premium,Referral,False,153,20,87.83
3280,16,2614.69,13.08,163.418125,0,0,2024-09-19,Standard,Referral,False,631,20,13.08
3281,12,1979.19,9.9,164.9325,0,0,2026-06-06,Standard,Google Ads,True,6,80,9.9
3282,20,89759.75,448.79,4487.9875,2,1,2025-02-18,Premium,LinkedIn,False,479,120,448.79
3283,19,2780.65,13.91,146.35,0,0,2026-05-25,Standard,Google Ads,True,18,80,13.91
3284,25,19908.47,99.55,796.3388,0,0,2023-11-27,Premium,Facebook Ads,False,928,60,99.55
3285,25,3674.7,18.4,146.988,3,0,2025-07-01,Standard,Google Ads,True,346,80,18.4
3286,16,13060.76,65.32,816.2975,0,0,2026-03-20,Premium,LinkedIn,False,84,120,65.32
3287,21,3692.09,18.47,175.81380952380954,1,0,2025-11-19,Standard,Organic,False,205,0,18.47
3288,21,14114.11,70.55,672.1004761904762,0,0,2024-07-08,Premium,Referral,False,704,20,70.55
3289,24,111136.61,555.66,4630.692083333333,0,1,2023-08-05,Business,Organic,False,1042,0,555.66
3290,17,74165.46,370.82,4362.67411764706,0,1,2024-04-11,Premium,Organic,False,792,0,370.82
3291,17,3215.21,16.06,189.13,0,0,2025-06-15,Standard,Google Ads,True,362,80,16.06
3292,22,41609.45,208.04,1891.3386363636362,0,1,2025-01-04,Premium,Referral,False,524,20,208.04
3293,17,3079.18,15.39,181.12823529411764,0,0,2024-09-10,Standard,Google Ads,False,640,80,15.39
3294,18,3225.61,16.15,179.20055555555555,0,0,2023-10-24,Standard,Google Ads,False,962,80,16.15
3295,15,2248.4,11.24,149.89333333333335,0,0,2023-06-22,Standard,Organic,False,1086,0,11.24
3296,13,10759.210000000001,53.79,827.6315384615385,0,0,2025-08-06,Premium,Google Ads,False,310,80,53.79
3297,21,3314.49,16.56,157.83285714285714,0,0,2025-05-08,Standard,Facebook Ads,True,400,60,16.56
3298,20,2829.42,14.14,141.471,0,0,2025-04-24,Standard,Google Ads,False,414,80,14.14
3299,18,13731.29,68.64,762.8494444444445,0,0,2025-07-27,Premium,LinkedIn,False,320,120,68.64
3300,21,2994.2200000000003,14.98,142.58190476190478,0,0,2023-06-24,Standard,Referral,False,1084,20,14.98
3301,17,2000.53,10.01,117.67823529411764,0,0,2023-08-30,Standard,Referral,False,1017,20,10.01
3302,25,16901.0,84.51,676.04,1,0,2025-05-29,Premium,LinkedIn,False,379,120,84.51
3303,20,15450.74,77.23,772.537,0,0,2024-07-17,Premium,Google Ads,False,695,80,77.23
3304,22,3150.0,15.74,143.1818181818182,0,0,2023-07-27,Standard,Google Ads,True,1051,80,15.74
3305,23,24122.98,120.64,1048.8252173913042,1,1,2025-07-14,Standard,Google Ads,False,333,80,120.64
3306,20,3440.35,17.19,172.01749999999998,0,0,2025-05-09,Standard,Google Ads,False,399,80,17.19
3307,19,2857.98,14.3,150.42,0,0,2024-06-09,Standard,Referral,False,733,20,14.3
3308,26,4503.44,22.52,173.20923076923074,0,0,2025-07-03,Standard,Referral,False,344,20,22.52
3309,17,2474.14,12.36,145.53764705882352,0,0,2024-08-01,Standard,Organic,False,680,0,12.36
3310,14,2325.26,11.62,166.09,0,0,2026-04-20,Standard,Organic,False,53,0,11.62
3311,17,12191.07,60.97,717.1217647058824,1,0,2025-04-11,Premium,Google Ads,False,427,80,60.97
3312,24,17521.93,87.63,730.0804166666667,0,0,2025-08-24,Premium,Facebook Ads,False,292,60,87.63
3313,25,3499.52,17.52,139.9808,0,0,2025-09-22,Standard,Google Ads,True,263,80,17.52
3314,21,2902.9700000000003,14.53,138.23666666666668,0,0,2026-02-03,Standard,LinkedIn,False,129,120,14.53
3315,28,24488.25,122.43,874.5803571428571,0,0,2025-09-03,Premium,Organic,True,282,0,122.43
3316,17,1754.04,8.76,103.17882352941176,1,0,2023-07-04,Standard,Google Ads,False,1074,80,8.76
3317,14,2333.47,11.65,166.67642857142854,0,0,2025-05-31,Standard,Google Ads,False,377,80,11.65
3318,12,2103.0299999999997,10.51,175.25249999999997,0,0,2024-03-14,Standard,Organic,False,820,0,10.51
3319,32,5106.4800000000005,25.54,159.57750000000001,0,0,2025-08-18,Standard,Organic,False,298,0,25.54
3320,12,8830.29,44.15,735.8575000000001,0,0,2026-06-11,Premium,Organic,False,1,0,44.15
3321,21,3238.2,16.18,154.2,0,0,2025-05-11,Standard,Referral,False,397,20,16.18
3322,21,17611.8,88.07,838.6571428571428,0,0,2025-06-01,Premium,Google Ads,False,376,80,88.07
3323,25,152065.49,760.35,6082.6196,0,3,2026-03-08,Business,Organic,False,96,0,760.35
3324,25,3939.53,19.7,157.5812,0,0,2024-05-11,Standard,Organic,False,762,0,19.7
3325,28,4628.68,23.13,165.31,1,0,2024-11-29,Standard,Organic,False,560,0,23.13
3326,20,18257.15,91.3,912.8575000000001,0,0,2024-09-30,Premium,Organic,False,620,0,91.3
3327,25,4014.7200000000003,20.07,160.58880000000002,0,0,2024-12-01,Standard,LinkedIn,False,558,120,20.07
3328,21,3539.66,17.67,168.55523809523808,0,0,2025-03-12,Standard,Referral,False,457,20,17.67
3329,16,2961.46,14.81,185.09125,0,0,2025-04-15,Standard,Google Ads,False,423,80,14.81
3330,19,2802.06,14.030000000000001,147.47684210526316,0,0,2026-03-29,Standard,Facebook Ads,True,75,60,14.030000000000001
3331,19,2867.42,14.36,150.91684210526316,0,0,2025-01-13,Standard,Facebook Ads,False,515,60,14.36
3332,13,9942.3,49.71,764.7923076923076,0,0,2024-10-05,Premium,Referral,False,615,20,49.71
3333,15,2268.53,11.32,151.23533333333336,0,0,2025-03-17,Standard,Facebook Ads,False,452,60,11.32
3334,23,4008.34,20.04,174.27565217391304,0,0,2026-05-07,Standard,Facebook Ads,False,36,60,20.04
3335,21,3396.84,16.99,161.75428571428571,1,0,2026-01-17,Standard,LinkedIn,False,146,120,16.99
3336,15,11795.69,58.980000000000004,786.3793333333334,0,0,2024-11-05,Premium,Referral,False,584,20,58.980000000000004
3337,19,12647.01,63.24,665.6321052631579,0,0,2025-12-22,Premium,Organic,False,172,0,63.24
3338,19,15849.720000000001,79.25,834.1957894736843,0,0,2023-11-06,Premium,Organic,False,949,0,79.25
3339,26,3449.01,17.25,132.65423076923076,0,0,2025-11-17,Standard,Google Ads,False,207,80,17.25
3340,23,3356.95,16.77,145.95434782608694,0,0,2024-10-27,Standard,Referral,False,593,20,16.77
3341,20,3088.34,15.44,154.417,0,0,2026-04-15,Standard,Organic,False,58,0,15.44
3342,29,20181.04,100.89,695.8979310344828,1,0,2025-02-21,Premium,Google Ads,False,476,80,100.89
3343,25,4768.99,23.85,190.75959999999998,1,0,2023-08-09,Standard,Organic,True,1038,0,23.85
3344,14,1966.6,9.83,140.47142857142856,0,0,2026-05-27,Standard,Facebook Ads,True,16,60,9.83
3345,18,3452.34,17.27,191.79666666666668,0,0,2023-06-30,Standard,Organic,False,1078,0,17.27
3346,25,4336.03,21.69,173.44119999999998,1,0,2025-11-18,Standard,Google Ads,False,206,80,21.69
3347,25,174179.15,870.89,6967.166,0,5,2024-02-19,Business,Organic,False,844,0,870.89
3348,17,16747.22,83.76,985.1305882352942,0,0,2023-11-07,Premium,Referral,False,948,20,83.76
3349,22,15473.9,77.38,703.3590909090909,0,0,2023-12-22,Premium,Organic,False,903,0,77.38
3350,26,14545.759999999998,72.74000000000001,559.4523076923076,0,0,2025-06-22,Standard,Google Ads,False,355,80,72.74000000000001
3351,15,2957.91,14.8,197.194,3,0,2026-04-28,Standard,Google Ads,False,45,80,14.8
3352,24,120718.46,603.59,5029.935833333334,0,4,2024-10-21,Business,Organic,False,599,0,603.59
3353,20,7345.570000000001,36.71,367.2785,1,0,2025-03-10,Standard,Organic,False,459,0,36.71
3354,17,3122.32,15.61,183.6658823529412,0,0,2024-04-29,Standard,Google Ads,True,774,80,15.61
3355,17,13356.99,66.78999999999999,785.7052941176471,0,0,2025-01-17,Premium,Referral,False,511,20,66.78999999999999
3356,15,2571.6,12.879999999999999,171.44,0,0,2025-11-27,Standard,LinkedIn,False,197,120,12.879999999999999
3357,20,3168.0,15.82,158.4,0,0,2024-05-17,Standard,Organic,True,756,0,15.82
3358,27,20643.09,103.2,764.5588888888889,0,0,2025-02-15,Premium,Organic,False,482,0,103.2
3359,14,1977.02,9.9,141.21571428571428,0,0,2024-02-07,Standard,Referral,False,856,20,9.9
3360,20,3751.4,18.75,187.57,2,0,2024-03-10,Standard,Organic,False,824,0,18.75
3361,22,21101.44,105.5,959.1563636363636,0,1,2023-08-06,Standard,Facebook Ads,False,1041,60,105.5
3362,22,4174.28,20.86,189.73999999999998,1,0,2026-04-21,Standard,Organic,False,52,0,20.86
3363,24,3553.93,17.76,148.08041666666665,0,0,2024-11-03,Standard,Organic,True,586,0,17.76
3364,20,7021.83,35.120000000000005,351.0915,0,0,2024-03-20,Standard,Referral,True,814,20,35.120000000000005
3365,20,2710.65,13.549999999999999,135.5325,1,0,2025-06-19,Standard,Facebook Ads,False,358,60,13.549999999999999
3366,25,4824.97,24.11,192.99880000000002,0,0,2025-01-15,Standard,Referral,False,513,20,24.11
3367,17,2339.81,11.69,137.63588235294117,1,0,2025-04-30,Standard,LinkedIn,False,408,120,11.69
3368,20,3105.34,15.53,155.267,0,0,2024-04-08,Standard,Google Ads,True,795,80,15.53
3369,26,124688.5,623.46,4795.711538461538,0,3,2026-06-07,Business,Google Ads,False,5,80,623.46
3370,29,5165.2,25.83,178.1103448275862,0,0,2025-10-11,Standard,Facebook Ads,True,244,60,25.83
3371,23,3480.05,17.41,151.30652173913043,0,0,2025-11-17,Standard,Organic,False,207,0,17.41
3372,23,20653.44,103.24000000000001,897.975652173913,0,0,2024-05-15,Premium,Google Ads,False,758,80,103.24000000000001
3373,20,2751.07,13.719999999999999,137.5535,1,0,2024-08-21,Standard,Google Ads,False,660,80,13.719999999999999
3374,21,2964.21,14.81,141.15285714285716,0,0,2026-06-06,Standard,Organic,False,6,0,14.81
3375,26,4288.2,21.42,164.93076923076922,0,0,2024-12-20,Standard,Organic,False,539,0,21.42
3376,19,3253.5099999999998,16.26,171.23736842105262,0,0,2026-04-23,Standard,Organic,False,50,0,16.26
3377,13,19781.579999999998,98.91000000000001,1521.6599999999999,0,1,2024-05-15,Standard,Organic,True,758,0,98.91000000000001
3378,12,56498.439999999995,282.48,4708.203333333333,0,1,2025-03-18,Business,Facebook Ads,False,451,60,282.48
3379,21,101168.31,505.84999999999997,4817.538571428571,0,1,2024-08-03,Business,Facebook Ads,False,678,60,505.84999999999997
3380,15,11704.17,58.53,780.278,0,0,2023-10-25,Premium,Google Ads,False,961,80,58.53
3381,28,23124.53,115.64,825.8760714285714,0,0,2024-04-08,Premium,Google Ads,False,795,80,115.64
3382,23,3489.48,17.44,151.71652173913043,0,0,2025-05-04,Standard,Google Ads,False,404,80,17.44
3383,19,15178.83,75.89,798.8857894736842,0,0,2026-04-10,Premium,Referral,False,63,20,75.89
3384,24,2703.94,13.54,112.66416666666667,3,0,2024-04-05,Standard,Facebook Ads,False,798,60,13.54
3385,19,3242.82,16.22,170.67473684210526,0,0,2024-05-13,Standard,Facebook Ads,False,760,60,16.22
3386,22,3580.08,17.89,162.73090909090908,0,0,2024-06-13,Standard,Referral,False,729,20,17.89
3387,14,56221.74,281.12,4015.8385714285714,1,1,2024-01-27,Business,Organic,True,867,0,281.12
3388,16,1712.73,8.55,107.045625,0,0,2024-05-29,Standard,Google Ads,False,744,80,8.55
3389,13,2382.9700000000003,11.92,183.30538461538464,0,0,2024-10-06,Standard,Facebook Ads,True,614,60,11.92
3390,19,3023.59,15.1,159.13631578947368,0,0,2025-10-25,Standard,Referral,False,230,20,15.1
3391,12,1879.5,9.39,156.625,0,0,2026-03-17,Standard,Organic,True,87,0,9.39
3392,27,4163.52,20.82,154.20444444444445,0,0,2026-05-21,Standard,Google Ads,False,22,80,20.82
3393,10,1679.8,8.39,167.98,0,0,2025-06-02,Standard,Google Ads,False,375,80,8.39
3394,31,4852.21,24.24,156.52290322580646,1,0,2025-06-26,Standard,Facebook Ads,False,351,60,24.24
3395,18,2696.57,13.49,149.80944444444447,0,0,2024-07-08,Standard,Google Ads,False,704,80,13.49
3396,15,2451.66,12.27,163.444,0,0,2024-08-19,Standard,Referral,False,662,20,12.27
3397,17,2878.94,14.4,169.34941176470588,0,0,2024-01-10,Standard,Referral,False,884,20,14.4
3398,24,3756.28,18.79,156.51166666666668,0,0,2025-04-09,Standard,Google Ads,False,429,80,18.79
3399,16,2454.67,12.28,153.416875,0,0,2025-11-28,Standard,Referral,False,196,20,12.28
3400,17,2452.02,12.25,144.2364705882353,0,0,2025-06-30,Standard,Google Ads,False,347,80,12.25
3401,18,2903.51,14.51,161.30611111111114,0,0,2025-12-18,Standard,Organic,True,176,0,14.51
3402,12,10450.18,52.25,870.8483333333334,0,0,2024-12-02,Premium,Google Ads,False,557,80,52.25
3403,13,13717.71,68.59,1055.2084615384615,0,0,2024-06-15,Premium,Google Ads,False,727,80,68.59
3404,12,2103.59,10.51,175.29916666666668,0,0,2025-02-21,Standard,LinkedIn,False,476,120,10.51
3405,24,146426.84,732.14,6101.118333333333,1,6,2025-04-13,Business,Google Ads,False,425,80,732.14
3406,29,4943.12,24.71,170.45241379310343,0,0,2026-01-12,Standard,Referral,False,151,20,24.71
3407,30,43464.63,217.33,1448.821,0,1,2023-09-23,Premium,LinkedIn,False,993,120,217.33
3408,15,78183.62,390.93,5212.241333333333,0,2,2024-04-21,Business,Organic,False,782,0,390.93
3409,5,4191.08,20.96,838.216,0,0,2024-02-22,Premium,LinkedIn,False,841,120,20.96
3410,21,3369.1,16.85,160.43333333333334,0,0,2025-01-28,Standard,LinkedIn,False,500,120,16.85
3411,17,2936.08,14.69,172.71058823529413,0,0,2025-07-02,Standard,Google Ads,False,345,80,14.69
3412,26,4467.57,22.36,171.82961538461538,0,0,2024-05-23,Standard,Referral,False,750,20,22.36
3413,26,3818.29,19.1,146.8573076923077,0,0,2024-08-09,Standard,LinkedIn,False,672,120,19.1
3414,22,2893.91,14.47,131.54136363636363,0,0,2023-10-23,Standard,Organic,False,963,0,14.47
3415,18,2734.9,13.67,151.9388888888889,0,0,2023-11-13,Standard,Organic,False,942,0,13.67
3416,23,3524.75,17.61,153.25,0,0,2025-09-22,Standard,Google Ads,False,263,80,17.61
3417,29,5074.76,25.35,174.99172413793104,0,0,2025-08-07,Standard,Facebook Ads,False,309,60,25.35
3418,19,2734.66,13.68,143.9294736842105,0,0,2023-09-18,Standard,Facebook Ads,True,998,60,13.68
3419,17,2862.03,14.3,168.35470588235296,0,0,2026-02-03,Standard,Referral,False,129,20,14.3
3420,17,3048.96,15.25,179.3505882352941,0,0,2026-03-06,Standard,Google Ads,False,98,80,15.25
3421,21,3273.19,16.36,155.86619047619047,0,0,2024-08-20,Standard,Facebook Ads,False,661,60,16.36
3422,20,19482.76,97.42,974.1379999999999,0,0,2024-10-13,Premium,Referral,False,607,20,97.42
3423,19,100216.94,501.08,5274.575789473684,0,2,2024-12-19,Business,LinkedIn,False,540,120,501.08
3424,18,12307.65,61.54,683.7583333333333,0,1,2025-03-03,Standard,Organic,False,466,0,61.54
3425,25,16790.71,83.93,671.6283999999999,2,1,2024-02-09,Standard,Facebook Ads,False,854,60,83.93
3426,12,1911.02,9.54,159.25166666666667,1,0,2026-02-23,Standard,Organic,False,109,0,9.54
3427,18,14189.22,70.95,788.29,0,0,2025-11-04,Premium,Google Ads,False,220,80,70.95
3428,23,8756.58,43.769999999999996,380.7208695652174,0,0,2025-02-12,Standard,Google Ads,False,485,80,43.769999999999996
3429,24,3227.9,16.15,134.49583333333334,0,0,2024-02-11,Standard,Google Ads,False,852,80,16.15
3430,19,2531.06,12.64,133.2136842105263,0,0,2024-12-22,Standard,LinkedIn,False,537,120,12.64
3431,10,1522.37,7.6,152.237,1,0,2023-08-15,Standard,Google Ads,False,1032,80,7.6
3432,17,2626.36,13.14,154.49176470588236,0,0,2023-08-28,Standard,Google Ads,False,1019,80,13.14
3433,11,11118.65,55.61,1010.7863636363636,0,0,2025-04-10,Premium,Facebook Ads,False,428,60,55.61
3434,17,2688.37,13.47,158.13941176470587,1,0,2025-06-16,Standard,Google Ads,False,361,80,13.47
3435,20,2583.08,12.91,129.154,1,0,2024-10-22,Standard,Organic,True,598,0,12.91
3436,25,116065.71,580.32,4642.6284000000005,0,2,2024-08-09,Business,Google Ads,False,672,80,580.32
3437,13,5306.88,26.54,408.22153846153844,0,0,2025-04-28,Standard,Referral,False,410,20,26.54
3438,21,2945.93,14.719999999999999,140.28238095238095,0,0,2024-06-04,Standard,LinkedIn,False,738,120,14.719999999999999
3439,17,12789.95,63.96,752.35,0,0,2024-07-09,Premium,Google Ads,False,703,80,63.96
3440,16,2533.42,12.67,158.33875,0,0,2025-04-19,Standard,Organic,False,419,0,12.67
3441,29,4094.67,20.490000000000002,141.19551724137932,0,0,2024-10-28,Standard,Organic,True,592,0,20.490000000000002
3442,20,3403.12,17.02,170.156,0,0,2024-04-18,Standard,Google Ads,False,785,80,17.02
3443,18,13992.91,69.96000000000001,777.3838888888889,0,0,2025-04-09,Premium,Referral,False,429,20,69.96000000000001
3444,18,2634.75,13.17,146.375,2,0,2026-01-19,Standard,Referral,False,144,20,13.17
3445,27,19211.13,96.07,711.5233333333334,0,0,2023-06-28,Premium,LinkedIn,False,1080,120,96.07
3446,19,95409.26000000001,477.05,5021.540000000001,2,1,2024-10-05,Premium,Referral,False,615,20,477.05
3447,24,3916.36,19.6,163.18166666666667,0,0,2026-01-03,Standard,Organic,False,160,0,19.6
3448,27,4256.54,21.29,157.64962962962963,1,0,2023-09-24,Standard,Facebook Ads,False,992,60,21.29
3449,30,99334.12,496.69,3311.137333333333,2,1,2024-05-13,Premium,Google Ads,False,760,80,496.69
3450,18,3216.32,16.08,178.68444444444447,0,0,2026-05-12,Standard,Organic,True,31,0,16.08
3451,11,1929.02,9.629999999999999,175.36545454545455,0,0,2025-12-06,Standard,Organic,False,188,0,9.629999999999999
3452,19,2688.67,13.43,141.50894736842105,0,0,2024-06-08,Standard,Referral,False,734,20,13.43
3453,18,3129.94,15.66,173.88555555555556,0,0,2023-07-04,Standard,Referral,False,1074,20,15.66
3454,35,20554.93,102.80000000000001,587.2837142857143,0,1,2024-03-18,Standard,Organic,False,816,0,102.80000000000001
3455,19,24091.99,120.46999999999998,1267.9994736842107,0,1,2024-05-05,Standard,Organic,False,768,0,120.46999999999998
3456,16,2319.89,11.6,144.993125,0,0,2023-06-20,Standard,Referral,False,1088,20,11.6
3457,20,3426.88,17.11,171.344,1,0,2023-08-20,Standard,Organic,True,1027,0,17.11
3458,22,3629.93,18.14,164.99681818181818,0,0,2025-12-12,Standard,Organic,False,182,0,18.14
3459,23,17179.010000000002,85.89,746.9134782608696,1,0,2025-08-05,Premium,Referral,True,311,20,85.89
3460,20,2811.67,14.05,140.58350000000002,3,0,2024-05-16,Standard,LinkedIn,False,757,120,14.05
3461,24,16197.98,81.01,674.9158333333334,0,0,2024-03-29,Premium,Google Ads,False,805,80,81.01
3462,21,3860.0099999999998,19.3,183.81,1,0,2024-11-20,Standard,Referral,False,569,20,19.3
3463,28,18581.65,92.9,663.6303571428572,0,0,2024-03-14,Premium,Referral,False,820,20,92.9
3464,29,24877.45,124.4,857.8431034482759,0,0,2024-11-20,Premium,Organic,True,569,0,124.4
3465,20,17835.16,89.16,891.758,1,0,2024-10-27,Premium,Google Ads,False,593,80,89.16
3466,15,18402.03,92.02,1226.802,0,1,2023-07-12,Standard,Google Ads,False,1066,80,92.02
3467,20,107289.69,536.46,5364.4845000000005,0,2,2024-11-09,Business,Organic,False,580,0,536.46
3468,22,2917.98,14.63,132.63545454545454,0,0,2024-01-14,Standard,Google Ads,False,880,80,14.63
3469,21,11039.8,55.23,525.7047619047619,0,0,2023-08-28,Standard,Referral,True,1019,20,55.23
3470,23,17060.690000000002,85.31,741.7691304347827,1,0,2025-01-29,Premium,Organic,False,499,0,85.31
3471,23,20150.65,100.77,876.1152173913044,0,0,2025-12-01,Premium,Referral,False,193,20,100.77
3472,32,5479.92,27.39,171.2475,1,0,2023-08-01,Standard,Referral,True,1046,20,27.39
3473,25,3547.33,17.72,141.8932,0,0,2024-05-12,Standard,Google Ads,False,761,80,17.72
3474,12,1713.2400000000002,8.57,142.77,0,0,2023-07-30,Standard,Facebook Ads,True,1048,60,8.57
3475,20,11769.64,58.85,588.482,1,0,2025-09-13,Standard,Organic,False,272,0,58.85
3476,23,15696.369999999999,78.48,682.4508695652173,0,0,2025-04-04,Premium,Google Ads,False,434,80,78.48
3477,17,2519.49,12.59,148.20529411764704,1,0,2025-01-28,Standard,Organic,False,500,0,12.59
3478,18,2172.11,10.860000000000001,120.67277777777778,1,0,2025-08-12,Standard,Organic,False,304,0,10.860000000000001
3479,20,15439.2,77.2,771.96,1,0,2025-08-07,Premium,Organic,False,309,0,77.2
3480,15,1956.26,9.78,130.41733333333335,1,0,2024-09-24,Standard,Google Ads,False,626,80,9.78
3481,26,21513.65,107.55,827.448076923077,0,0,2025-07-26,Premium,Organic,True,321,0,107.55
3482,23,20274.32,101.38,881.4921739130434,1,0,2023-07-14,Premium,Facebook Ads,False,1064,60,101.38
3483,26,4218.15,21.09,162.23653846153846,1,0,2026-03-16,Standard,Organic,True,88,0,21.09
3484,15,2958.37,14.79,197.22466666666665,0,0,2026-05-19,Standard,LinkedIn,False,24,120,14.79
3485,15,10336.77,51.69,689.118,0,0,2026-04-14,Premium,Referral,False,59,20,51.69
3486,16,12257.38,61.28,766.08625,0,0,2024-02-18,Premium,Facebook Ads,False,845,60,61.28
3487,25,3713.06,18.56,148.5224,0,0,2024-05-05,Standard,Google Ads,False,768,80,18.56
3488,23,2525.75,12.64,109.81521739130434,1,0,2025-11-26,Standard,Organic,False,198,0,12.64
3489,17,3008.51,15.05,176.97117647058826,0,0,2024-02-22,Standard,Referral,False,841,20,15.05
3490,20,2840.21,14.19,142.0105,0,0,2024-07-07,Standard,Referral,False,705,20,14.19
3491,19,2551.74,12.77,134.30210526315787,0,0,2024-01-06,Standard,Referral,False,888,20,12.77
3492,20,2827.17,14.17,141.3585,0,0,2023-12-20,Standard,LinkedIn,False,905,120,14.17
3493,16,10956.03,54.78,684.751875,1,0,2023-09-15,Premium,Google Ads,True,1001,80,54.78
3494,15,286944.29,1434.73,19129.619333333332,1,6,2024-01-28,Business,Organic,False,866,0,1434.73
3495,19,2264.19,11.32,119.16789473684211,0,0,2025-12-10,Standard,LinkedIn,False,184,120,11.32
3496,17,13569.07,67.83,798.1805882352941,0,0,2025-06-11,Premium,Facebook Ads,False,366,60,67.83
3497,23,15447.24,77.23,671.6191304347826,0,0,2023-11-03,Premium,Organic,False,952,0,77.23
3498,14,9443.23,47.21,674.5164285714285,0,0,2025-03-22,Premium,Referral,False,447,20,47.21
3499,19,10040.58,50.21,528.4515789473684,0,0,2026-04-15,Standard,Organic,False,58,0,50.21
3500,21,97327.36,486.63,4634.636190476191,0,1,2023-09-03,Business,Facebook Ads,False,1013,60,486.63
3501,25,3865.97,19.32,154.6388,0,0,2025-06-23,Standard,Google Ads,False,354,80,19.32
3502,20,7323.3099999999995,36.63,366.16549999999995,1,0,2026-02-18,Standard,Facebook Ads,False,114,60,36.63
3503,16,2697.34,13.48,168.58375,1,0,2025-10-02,Standard,Organic,False,253,0,13.48
3504,27,9880.68,49.39,365.9511111111111,2,0,2024-10-16,Standard,Referral,False,604,20,49.39
3505,20,3458.65,17.31,172.9325,0,0,2024-06-29,Standard,Google Ads,False,713,80,17.31
3506,29,5248.24,26.22,180.97379310344826,0,0,2026-06-02,Standard,LinkedIn,False,10,120,26.22
3507,17,95892.15,479.48,5640.714705882353,0,3,2025-06-12,Business,Facebook Ads,False,365,60,479.48
3508,11,1681.4,8.39,152.85454545454547,0,0,2024-02-04,Standard,Facebook Ads,False,859,60,8.39
3509,24,23975.66,119.88,998.9858333333333,1,1,2025-01-07,Standard,Google Ads,False,521,80,119.88
3510,16,2716.92,13.58,169.8075,0,0,2023-08-11,Standard,Organic,False,1036,0,13.58
3511,29,4240.32,21.21,146.21793103448275,0,0,2025-02-08,Standard,Google Ads,True,489,80,21.21
3512,15,2516.29,12.58,167.75266666666667,0,0,2025-09-09,Standard,Referral,False,276,20,12.58
3513,17,2628.95,13.15,154.6441176470588,0,0,2025-03-04,Standard,Referral,False,465,20,13.15
3514,26,47236.49,236.17,1816.788076923077,0,1,2026-04-15,Premium,Organic,False,58,0,236.17
3515,29,164819.33,824.09,5683.425172413793,0,4,2024-11-25,Business,Google Ads,False,564,80,824.09
3516,12,1529.7900000000002,7.64,127.48250000000002,0,0,2025-03-19,Standard,Referral,True,450,20,7.64
3517,24,112203.19,561.04,4675.1329166666665,0,2,2024-06-15,Business,Organic,False,727,0,561.04
3518,26,10495.59,52.49,403.6765384615385,0,0,2025-06-29,Standard,Google Ads,False,348,80,52.49
3519,25,13567.15,67.83,542.686,1,1,2024-10-30,Standard,LinkedIn,False,590,120,67.83
3520,17,2875.64,14.39,169.15529411764706,0,0,2025-12-12,Standard,Organic,False,182,0,14.39
3521,18,14238.33,71.21,791.0183333333333,0,0,2026-03-16,Premium,Referral,False,88,20,71.21
3522,10,1204.8400000000001,6.02,120.48400000000001,0,0,2025-07-07,Standard,Referral,False,340,20,6.02
3523,17,40236.59,201.18,2366.8582352941175,0,1,2026-03-10,Premium,Organic,False,94,0,201.18
3524,26,4013.7,20.06,154.37307692307692,2,0,2026-05-02,Standard,Facebook Ads,False,41,60,20.06
3525,12,13249.01,66.26,1104.0841666666668,0,1,2024-12-11,Standard,Organic,False,548,0,66.26
3526,27,4304.2,21.53,159.4148148148148,1,0,2024-01-28,Standard,Organic,False,866,0,21.53
3527,22,3638.33,18.18,165.37863636363636,0,0,2025-11-14,Standard,Referral,False,210,20,18.18
3528,20,2886.95,14.43,144.3475,0,0,2024-01-23,Standard,Organic,True,871,0,14.43
3529,20,18204.89,91.03,910.2445,0,0,2025-03-04,Premium,Referral,False,465,20,91.03
3530,23,3036.81,15.18,132.03521739130434,0,0,2025-03-04,Standard,Referral,False,465,20,15.18
3531,21,3701.12,18.52,176.24380952380952,0,0,2026-04-13,Standard,Referral,False,60,20,18.52
3532,14,9205.19,46.019999999999996,657.5135714285715,0,0,2023-09-10,Premium,Organic,True,1006,0,46.019999999999996
3533,19,2801.75,14.0,147.46052631578948,3,0,2026-05-23,Standard,Organic,False,20,0,14.0
3534,21,2345.65,11.73,111.69761904761906,0,0,2025-12-27,Standard,Organic,True,167,0,11.73
3535,16,2225.62,11.129999999999999,139.10125,0,0,2025-09-20,Standard,Organic,True,265,0,11.129999999999999
3536,12,7438.14,37.18,619.845,0,0,2025-08-10,Premium,Organic,False,306,0,37.18
3537,25,7188.900000000001,35.93,287.55600000000004,0,0,2023-08-17,Standard,Facebook Ads,False,1030,60,35.93
3538,23,2817.47,14.08,122.49869565217391,1,0,2025-11-25,Standard,Organic,False,199,0,14.08
3539,18,18772.41,93.87,1042.9116666666666,0,1,2025-04-14,Standard,Referral,False,424,20,93.87
3540,27,3884.53,19.4,143.87148148148148,0,0,2024-05-17,Standard,Facebook Ads,False,756,60,19.4
3541,20,14735.94,73.66,736.797,1,0,2026-01-25,Premium,Organic,False,138,0,73.66
3542,20,4741.98,23.71,237.099,0,0,2023-10-25,Standard,Google Ads,False,961,80,23.71
3543,17,2126.93,10.63,125.1135294117647,0,0,2025-10-27,Standard,Organic,False,228,0,10.63
3544,13,2154.0099999999998,10.77,165.69307692307692,0,0,2025-05-10,Standard,Facebook Ads,False,398,60,10.77
3545,19,80230.45,401.15,4222.655263157894,0,1,2023-12-03,Business,Referral,False,922,20,401.15
3546,18,13619.7,68.1,756.6500000000001,0,0,2024-12-31,Premium,Organic,False,528,0,68.1
3547,16,26439.17,132.21,1652.448125,0,1,2026-05-10,Premium,Organic,False,33,0,132.21
3548,20,3738.83,18.7,186.9415,0,0,2026-01-27,Standard,Referral,False,136,20,18.7
3549,26,3379.67,16.9,129.9873076923077,1,0,2026-05-18,Standard,Google Ads,False,25,80,16.9
3550,27,3340.71,16.71,123.73,0,0,2025-04-12,Standard,Google Ads,False,426,80,16.71
3551,18,5947.83,29.75,330.435,0,0,2024-04-27,Standard,Google Ads,False,776,80,29.75
3552,25,31400.850000000002,157.01,1256.034,0,1,2024-12-13,Premium,Google Ads,True,546,80,157.01
3553,23,41873.15,209.35,1820.571739130435,1,1,2025-08-15,Premium,Referral,False,301,20,209.35
3554,20,4232.7,21.17,211.635,1,0,2024-03-30,Standard,Organic,True,804,0,21.17
3555,23,3656.69,18.31,158.98652173913044,0,0,2026-03-01,Standard,Organic,False,103,0,18.31
3556,26,21656.23,108.31,832.9319230769231,0,0,2024-03-23,Premium,Organic,False,811,0,108.31
3557,22,17842.66,89.21,811.03,1,0,2025-07-06,Premium,Google Ads,True,341,80,89.21
3558,24,3816.9700000000003,19.08,159.0404166666667,0,0,2024-07-31,Standard,Organic,True,681,0,19.08
3559,25,6547.37,32.76,261.8948,0,0,2025-05-09,Standard,LinkedIn,False,399,120,32.76
3560,29,5101.73,25.53,175.92172413793102,0,0,2024-02-14,Standard,LinkedIn,False,849,120,25.53
3561,23,3358.15,16.77,146.00652173913045,0,0,2023-10-12,Standard,Google Ads,False,974,80,16.77
3562,17,13119.99,65.61,771.7641176470588,1,0,2025-05-05,Premium,Organic,False,403,0,65.61
3563,24,3098.1,15.459999999999999,129.0875,0,0,2024-09-10,Standard,Facebook Ads,True,640,60,15.459999999999999
3564,24,3794.96,18.98,158.12333333333333,0,0,2025-11-12,Standard,Organic,False,212,0,18.98
3565,19,3005.18,15.05,158.16736842105263,1,0,2024-11-08,Standard,Google Ads,False,581,80,15.05
3566,19,2935.81,14.69,154.51631578947368,0,0,2026-03-29,Standard,Google Ads,False,75,80,14.69
3567,28,23361.3,116.8,834.3321428571428,0,0,2024-04-24,Premium,Organic,False,779,0,116.8
3568,26,3532.34,17.67,135.85923076923078,2,0,2023-08-08,Standard,Google Ads,True,1039,80,17.67
3569,26,3906.17,19.52,150.2373076923077,0,0,2023-11-07,Standard,Organic,False,948,0,19.52
3570,24,3404.67,17.02,141.86125,1,0,2024-05-18,Standard,Organic,False,755,0,17.02
3571,21,3406.21,17.03,162.2004761904762,1,0,2025-02-08,Standard,Referral,False,489,20,17.03
3572,32,10579.07,52.89,330.5959375,0,0,2025-03-07,Standard,Referral,False,462,20,52.89
3573,29,5718.45,28.62,197.18793103448274,0,0,2025-07-07,Standard,Organic,False,340,0,28.62
3574,21,3125.35,15.66,148.82619047619048,2,0,2024-12-23,Standard,Organic,False,536,0,15.66
3575,22,19023.43,95.12,864.7013636363637,0,0,2025-05-31,Premium,Facebook Ads,False,377,60,95.12
3576,26,3692.82,18.45,142.03153846153847,0,0,2024-04-18,Standard,Google Ads,False,785,80,18.45
3577,26,10638.9,53.21,409.1884615384615,1,0,2025-05-09,Standard,Organic,False,399,0,53.21
3578,23,12914.019999999999,64.57,561.4791304347825,0,1,2025-01-08,Standard,Organic,False,520,0,64.57
3579,14,13323.1,66.61,951.65,0,0,2025-02-25,Premium,Organic,False,472,0,66.61
3580,16,2854.85,14.26,178.428125,0,0,2025-03-14,Standard,Google Ads,False,455,80,14.26
3581,22,7663.43,38.31,348.3377272727273,0,0,2026-03-26,Standard,Google Ads,False,78,80,38.31
3582,22,228648.15,1143.28,10393.097727272727,0,1,2023-07-29,Business,Referral,True,1049,20,1143.28
3583,30,37814.67,189.06,1260.489,0,1,2023-10-05,Premium,Organic,False,981,0,189.06
3584,21,19189.03,95.93,913.7633333333333,0,1,2025-03-03,Standard,Organic,False,466,0,95.93
3585,23,4033.06,20.15,175.3504347826087,0,0,2023-11-18,Standard,Organic,False,937,0,20.15
3586,29,4069.84,20.36,140.3393103448276,1,0,2025-03-02,Standard,Referral,False,467,20,20.36
3587,17,100889.83,504.45,5934.695882352941,0,4,2025-03-21,Business,LinkedIn,False,448,120,504.45
3588,26,4290.51,21.47,165.0196153846154,0,0,2024-09-10,Standard,Facebook Ads,False,640,60,21.47
3589,22,4731.83,23.669999999999998,215.08318181818183,0,0,2025-12-24,Standard,Facebook Ads,False,170,60,23.669999999999998
3590,19,3118.66,15.6,164.14,1,0,2025-03-17,Standard,Facebook Ads,False,452,60,15.6
3591,12,11084.3,55.43,923.6916666666666,0,1,2023-08-20,Standard,Referral,False,1027,20,55.43
3592,24,21969.62,109.85,915.4008333333333,0,0,2025-03-26,Premium,Google Ads,True,443,80,109.85
3593,20,3283.09,16.41,164.1545,0,0,2024-04-22,Standard,Organic,False,781,0,16.41
3594,21,4121.2,20.6,196.24761904761903,0,0,2024-10-28,Standard,Organic,True,592,0,20.6
3595,16,3075.9700000000003,15.36,192.24812500000002,0,0,2024-03-09,Standard,Referral,False,825,20,15.36
3596,18,24158.35,120.78999999999999,1342.1305555555555,2,1,2023-06-21,Premium,Google Ads,True,1087,80,120.78999999999999
3597,22,3729.91,18.64,169.54136363636363,0,0,2025-04-08,Standard,Google Ads,False,430,80,18.64
3598,18,177441.36,887.2,9857.853333333333,0,3,2023-10-16,Premium,LinkedIn,True,970,120,887.2
3599,18,13904.82,69.52,772.49,0,0,2025-08-05,Premium,Google Ads,False,311,80,69.52
3600,19,3359.48,16.79,176.81473684210528,0,0,2023-07-04,Standard,Organic,False,1074,0,16.79
3601,21,5491.42,27.459999999999997,261.49619047619046,0,0,2025-02-13,Standard,LinkedIn,False,484,120,27.459999999999997
3602,18,11884.67,59.43,660.2594444444444,0,0,2023-12-09,Premium,LinkedIn,False,916,120,59.43
3603,24,41873.700000000004,209.37,1744.7375000000002,0,1,2025-01-29,Premium,Organic,False,499,0,209.37
3604,16,2554.21,12.780000000000001,159.638125,2,0,2023-09-23,Standard,Referral,True,993,20,12.780000000000001
3605,17,2408.64,12.06,141.68470588235294,0,0,2025-04-13,Standard,Organic,False,425,0,12.06
3606,17,12751.87,63.74,750.11,0,0,2025-09-29,Premium,Google Ads,False,256,80,63.74
3607,26,126491.89,632.47,4865.072692307693,0,1,2025-01-20,Business,Google Ads,False,508,80,632.47
3608,25,3287.75,16.42,131.51,0,0,2025-07-02,Standard,Organic,False,345,0,16.42
3609,14,2220.59,11.09,158.61357142857145,1,0,2025-08-13,Standard,Organic,True,303,0,11.09
3610,17,2602.13,13.02,153.0664705882353,0,0,2024-02-16,Standard,Google Ads,False,847,80,13.02
3611,20,2669.6,13.34,133.48,0,0,2025-07-15,Standard,Referral,False,332,20,13.34
3612,24,4087.09,20.45,170.29541666666668,0,0,2023-07-07,Standard,Referral,False,1071,20,20.45
3613,16,13063.48,65.31,816.4675,0,0,2025-10-31,Premium,Organic,True,224,0,65.31
3614,29,4007.89,20.03,138.20310344827587,0,0,2025-12-30,Standard,Organic,False,164,0,20.03
3615,17,2585.7599999999998,12.940000000000001,152.1035294117647,0,0,2025-12-15,Standard,Organic,False,179,0,12.940000000000001
3616,26,3709.44,18.54,142.67076923076922,1,0,2024-04-27,Standard,LinkedIn,True,776,120,18.54
3617,19,16813.56,84.07,884.9242105263158,0,0,2024-08-26,Premium,Referral,False,655,20,84.07
3618,28,56422.24,282.11,2015.08,0,1,2025-09-26,Premium,Organic,False,259,0,282.11
3619,22,10448.92,52.25,474.9509090909091,2,0,2023-12-01,Standard,Organic,False,924,0,52.25
3620,24,4206.25,21.03,175.26041666666666,0,0,2024-06-25,Standard,LinkedIn,False,717,120,21.03
3621,14,1979.58,9.89,141.39857142857142,0,0,2024-10-22,Standard,Facebook Ads,False,598,60,9.89
3622,18,3011.12,15.05,167.28444444444443,0,0,2026-02-25,Standard,Facebook Ads,False,107,60,15.05
3623,25,3891.08,19.46,155.6432,0,0,2023-11-10,Standard,Referral,False,945,20,19.46
3624,30,5046.53,25.23,168.21766666666664,1,0,2023-09-02,Standard,Organic,False,1014,0,25.23
3625,27,3307.75,16.53,122.50925925925925,0,0,2023-10-31,Standard,Google Ads,False,955,80,16.53
3626,26,4134.6,20.650000000000002,159.02307692307693,1,0,2026-02-24,Standard,Facebook Ads,False,108,60,20.650000000000002
3627,16,2647.4,13.24,165.4625,0,0,2024-09-22,Standard,Organic,True,628,0,13.24
3628,27,282973.72,1414.85,10480.508148148147,1,3,2025-08-24,Business,Facebook Ads,False,292,60,1414.85
3629,19,3516.68,17.61,185.08842105263156,0,0,2024-10-30,Standard,Referral,False,590,20,17.61
3630,13,7670.2,38.35,590.0153846153846,0,0,2025-07-07,Premium,LinkedIn,False,340,120,38.35
3631,30,5186.92,25.95,172.89733333333334,3,0,2024-08-18,Standard,Facebook Ads,True,663,60,25.95
3632,16,2583.06,12.92,161.44125,0,0,2025-03-10,Standard,Facebook Ads,False,459,60,12.92
3633,31,49114.090000000004,245.57,1584.325483870968,1,1,2024-01-21,Premium,Organic,True,873,0,245.57
3634,17,2737.99,13.69,161.05823529411762,0,0,2025-03-24,Standard,Google Ads,False,445,80,13.69
3635,26,18552.98,92.78,713.5761538461538,1,0,2024-03-16,Premium,Facebook Ads,False,818,60,92.78
3636,24,3591.68,17.95,149.65333333333334,0,0,2026-06-06,Standard,Referral,False,6,20,17.95
3637,14,10171.26,50.87,726.5185714285715,0,0,2024-03-27,Premium,Google Ads,False,807,80,50.87
3638,17,8264.84,41.31,486.16705882352943,0,0,2025-05-18,Standard,Organic,False,390,0,41.31
3639,23,3453.1,17.28,150.13478260869564,0,0,2024-09-30,Standard,Google Ads,False,620,80,17.28
3640,16,10979.03,54.9,686.189375,0,0,2023-07-27,Premium,Facebook Ads,False,1051,60,54.9
3641,22,16590.36,82.97,754.1072727272727,0,0,2024-07-03,Premium,Facebook Ads,False,709,60,82.97
3642,19,11380.02,56.93,598.9484210526316,2,0,2023-07-10,Standard,Organic,False,1068,0,56.93
3643,17,2245.62,11.26,132.09529411764706,0,0,2026-04-08,Standard,Google Ads,False,65,80,11.26
3644,21,3319.97,16.58,158.0938095238095,0,0,2024-04-04,Standard,Referral,False,799,20,16.58
3645,21,3675.15,18.39,175.00714285714287,0,0,2025-04-24,Standard,Google Ads,False,414,80,18.39
3646,19,5023.47,25.1,264.3931578947369,0,0,2024-05-01,Standard,Organic,False,772,0,25.1
3647,22,3264.6,16.35,148.39090909090908,0,0,2024-10-30,Standard,Organic,False,590,0,16.35
3648,18,3607.55,18.04,200.41944444444445,0,0,2023-11-10,Standard,Organic,False,945,0,18.04
3649,9,6252.77,31.27,694.7522222222223,0,0,2025-02-27,Premium,Google Ads,False,470,80,31.27
3650,22,14689.400000000001,73.44,667.7,1,1,2025-11-13,Standard,Organic,False,211,0,73.44
3651,24,9632.77,48.16,401.3654166666667,0,0,2026-06-01,Standard,Google Ads,True,11,80,48.16
3652,21,19127.57,95.64,910.8366666666667,0,1,2026-04-16,Standard,LinkedIn,False,57,120,95.64
3653,21,3215.9,16.07,153.13809523809525,1,0,2025-06-22,Standard,Google Ads,False,355,80,16.07
3654,23,131592.13,657.95,5721.396956521739,1,4,2026-04-03,Business,Organic,False,70,0,657.95
3655,30,3778.02,18.91,125.934,1,0,2023-08-02,Standard,Referral,True,1045,20,18.91
3656,25,3722.33,18.63,148.8932,1,0,2024-11-02,Standard,Referral,True,587,20,18.63
3657,17,2379.02,11.87,139.94235294117647,1,0,2023-07-19,Standard,LinkedIn,False,1059,120,11.87
3658,14,2215.59,11.07,158.2564285714286,1,0,2025-06-29,Standard,Organic,False,348,0,11.07
3659,15,1988.07,9.94,132.53799999999998,0,0,2023-10-19,Standard,LinkedIn,False,967,120,9.94
3660,16,2868.06,14.36,179.25375,0,0,2025-10-02,Standard,Organic,True,253,0,14.36
3661,12,18390.47,91.94,1532.5391666666667,0,1,2025-04-19,Standard,Organic,True,419,0,91.94
3662,14,2135.29,10.68,152.5207142857143,0,0,2023-09-10,Standard,Facebook Ads,False,1006,60,10.68
3663,18,3157.87,15.790000000000001,175.4372222222222,0,0,2026-02-09,Standard,LinkedIn,False,123,120,15.790000000000001
3664,16,2536.06,12.690000000000001,158.50375,0,0,2025-03-23,Standard,Referral,False,446,20,12.690000000000001
3665,22,3651.04,18.28,165.95636363636365,1,0,2023-11-24,Standard,Organic,False,931,0,18.28
3666,21,4162.03,20.83,198.19190476190474,2,0,2026-02-27,Standard,Organic,False,105,0,20.83
3667,18,2668.58,13.34,148.25444444444443,0,0,2024-02-04,Standard,Referral,False,859,20,13.34
3668,13,9129.99,45.64,702.3069230769231,1,0,2023-10-31,Premium,Referral,False,955,20,45.64
3669,19,12934.63,64.67,680.77,0,0,2025-10-06,Premium,Google Ads,True,249,80,64.67
3670,14,2216.44,11.09,158.31714285714287,0,0,2023-07-22,Standard,Referral,False,1056,20,11.09
3671,22,15926.31,79.62,723.9231818181818,0,0,2025-01-15,Premium,Facebook Ads,False,513,60,79.62
3672,17,5489.169999999999,27.46,322.8923529411764,1,0,2024-09-12,Standard,LinkedIn,False,638,120,27.46
3673,18,2243.16,11.209999999999999,124.61999999999999,0,0,2023-08-12,Standard,Google Ads,False,1035,80,11.209999999999999
3674,23,3832.9,19.15,166.6478260869565,0,0,2023-09-05,Standard,Organic,False,1011,0,19.15
3675,17,3044.87,15.22,179.10999999999999,0,0,2024-08-07,Standard,Referral,False,674,20,15.22
3676,19,2560.16,12.79,134.74526315789473,0,0,2023-11-25,Standard,Google Ads,False,930,80,12.79
3677,18,2248.59,11.25,124.92166666666668,0,0,2024-01-05,Standard,Google Ads,False,889,80,11.25
3678,17,2207.71,11.05,129.86529411764707,0,0,2025-03-27,Standard,Referral,False,442,20,11.05
3679,19,17826.34,89.12,938.2284210526316,1,0,2023-10-03,Premium,Organic,False,983,0,89.12
3680,26,4568.05,22.82,175.69423076923078,0,0,2025-08-15,Standard,Facebook Ads,False,301,60,22.82
3681,16,10534.14,52.67,658.38375,0,0,2023-10-16,Premium,LinkedIn,False,970,120,52.67
3682,18,16623.06,83.11,923.5033333333334,0,0,2026-03-06,Premium,Organic,False,98,0,83.11
3683,18,2954.43,14.780000000000001,164.135,0,0,2025-04-21,Standard,Organic,False,417,0,14.780000000000001
3684,24,17018.95,85.10000000000001,709.1229166666667,0,1,2023-12-16,Standard,Referral,False,909,20,85.10000000000001
3685,21,3122.24,15.59,148.67809523809524,0,0,2026-03-05,Standard,Google Ads,False,99,80,15.59
3686,21,3261.31,16.3,155.3004761904762,0,0,2025-10-28,Standard,Organic,True,227,0,16.3
3687,22,3212.9700000000003,16.06,146.04409090909093,1,0,2026-06-02,Standard,Referral,False,10,20,16.06
3688,17,3220.5299999999997,16.1,189.44294117647058,0,0,2025-07-05,Standard,Organic,False,342,0,16.1
3689,22,4187.62,20.95,190.34636363636363,1,0,2026-04-15,Standard,Organic,False,58,0,20.95
3690,18,2740.61,13.69,152.25611111111112,0,0,2024-05-25,Standard,Facebook Ads,False,748,60,13.69
3691,23,3930.92,19.65,170.9095652173913,0,0,2024-05-01,Standard,Referral,True,772,20,19.65
3692,23,3779.99,18.9,164.3473913043478,0,0,2023-10-13,Standard,Referral,False,973,20,18.9
3693,13,2042.8899999999999,10.219999999999999,157.14538461538461,0,0,2024-10-12,Standard,Facebook Ads,False,608,60,10.219999999999999
3694,24,3786.64,18.92,157.77666666666667,0,0,2023-09-28,Standard,Organic,False,988,0,18.92
3695,17,12031.45,60.18,707.7323529411765,0,0,2023-10-25,Premium,Referral,False,961,20,60.18
3696,12,53941.94,269.71,4495.161666666667,0,0,2025-08-17,Business,Google Ads,False,299,80,269.71
3697,23,4716.06,23.59,205.04608695652175,0,0,2024-02-28,Standard,Organic,False,835,0,23.59
3698,27,4318.11,21.6,159.92999999999998,0,0,2026-01-15,Standard,Facebook Ads,False,148,60,21.6
3699,19,3201.8,16.02,168.5157894736842,0,0,2023-12-07,Standard,Organic,False,918,0,16.02
3700,16,2507.95,12.52,156.746875,0,0,2025-06-10,Standard,Referral,False,367,20,12.52
3701,22,9258.06,46.28,420.8209090909091,0,0,2025-08-23,Standard,LinkedIn,True,293,120,46.28
3702,18,13381.95,66.92,743.4416666666667,1,1,2026-05-02,Standard,LinkedIn,False,41,120,66.92
3703,17,15605.48,78.01,917.9694117647059,0,0,2025-04-12,Premium,Organic,False,426,0,78.01
3704,27,23644.29,118.23,875.7144444444444,0,0,2023-09-12,Premium,Organic,False,1004,0,118.23
3705,15,2124.5099999999998,10.6,141.634,0,0,2025-03-15,Standard,LinkedIn,False,454,120,10.6
3706,22,7226.15,36.15,328.4613636363636,0,0,2023-10-09,Standard,Facebook Ads,False,977,60,36.15
3707,21,2359.82,11.790000000000001,112.37238095238096,0,0,2025-01-03,Standard,Referral,False,525,20,11.790000000000001
3708,22,3176.77,15.89,144.39863636363637,1,0,2025-03-29,Standard,Referral,False,440,20,15.89
3709,22,114677.23,573.39,5212.601363636363,0,0,2023-07-31,Business,Organic,False,1047,0,573.39
3710,13,3004.77,15.02,231.13615384615383,1,0,2024-09-14,Standard,Google Ads,False,636,80,15.02
3711,23,20044.36,100.21,871.4939130434783,0,0,2026-03-06,Premium,Organic,False,98,0,100.21
3712,26,10310.57,51.56,396.5603846153846,0,0,2025-02-07,Standard,Organic,False,490,0,51.56
3713,18,14145.5,70.72,785.8611111111111,1,0,2025-12-23,Premium,Google Ads,False,171,80,70.72
3714,22,2792.24,13.98,126.91999999999999,0,0,2025-11-18,Standard,Organic,False,206,0,13.98
3715,22,2951.58,14.76,134.16272727272727,0,0,2024-06-27,Standard,Google Ads,False,715,80,14.76
3716,25,3448.98,17.25,137.9592,0,0,2026-01-01,Standard,Google Ads,True,162,80,17.25
3717,16,2479.73,12.38,154.983125,2,0,2024-04-09,Standard,Organic,False,794,0,12.38
3718,26,16605.05,83.04,638.6557692307692,0,1,2025-09-28,Standard,Referral,True,257,20,83.04
3719,22,14278.34,71.37,649.0154545454545,1,0,2024-09-26,Premium,Organic,False,624,0,71.37
3720,23,3410.56,17.05,148.28521739130434,0,0,2025-10-16,Standard,Google Ads,False,239,80,17.05
3721,16,11795.9,58.99,737.24375,1,0,2023-06-21,Premium,Facebook Ads,True,1087,60,58.99
3722,27,4042.82,20.23,149.73407407407407,0,0,2023-10-17,Standard,Organic,False,969,0,20.23
3723,23,6058.53,30.3,263.41434782608695,1,0,2026-02-28,Standard,Google Ads,False,104,80,30.3
3724,22,116202.67,581.0,5281.939545454546,0,2,2025-01-31,Business,Google Ads,False,497,80,581.0
3725,19,2642.29,13.2,139.0678947368421,1,0,2025-03-27,Standard,LinkedIn,False,442,120,13.2
3726,21,87215.65000000001,436.07000000000005,4153.1261904761905,0,1,2025-05-14,Premium,LinkedIn,False,394,120,436.07000000000005
3727,21,3167.78,15.85,150.84666666666666,0,0,2025-12-15,Standard,Facebook Ads,False,179,60,15.85
3728,21,9967.529999999999,49.85,474.6442857142857,0,0,2025-04-16,Standard,Google Ads,False,422,80,49.85
3729,20,3177.7,15.870000000000001,158.885,0,0,2025-06-12,Standard,Referral,False,365,20,15.870000000000001
3730,19,2723.2,13.64,143.32631578947368,0,0,2025-02-10,Standard,Referral,False,487,20,13.64
3731,26,17055.79,85.28,655.9919230769231,1,1,2023-07-11,Standard,Referral,False,1067,20,85.28
3732,22,3136.92,15.69,142.58727272727273,0,0,2026-04-04,Standard,Google Ads,False,69,80,15.69
3733,18,1664.57,8.32,92.47611111111111,2,0,2024-04-07,Standard,Organic,False,796,0,8.32
3734,20,3594.07,17.95,179.70350000000002,0,0,2025-09-13,Standard,Google Ads,False,272,80,17.95
3735,25,21405.16,107.02,856.2064,0,0,2024-09-15,Premium,Facebook Ads,False,635,60,107.02
3736,23,8769.59,43.84,381.2865217391304,1,0,2026-03-21,Standard,Referral,False,83,20,43.84
3737,23,3988.56,19.93,173.41565217391303,0,0,2025-09-17,Standard,Google Ads,False,268,80,19.93
3738,22,2751.6,13.77,125.07272727272726,0,0,2025-05-21,Standard,Organic,False,387,0,13.77
3739,7,6077.0,30.39,868.1428571428571,0,0,2026-06-11,Premium,Facebook Ads,False,1,60,30.39
3740,22,3705.18,18.53,168.41727272727272,0,0,2024-10-21,Standard,Organic,False,599,0,18.53
3741,24,3255.23,16.3,135.63458333333332,0,0,2024-05-13,Standard,Referral,False,760,20,16.3
3742,23,4071.7,20.36,177.0304347826087,1,0,2025-11-03,Standard,Organic,False,221,0,20.36
3743,16,2440.1,12.22,152.50625,0,0,2026-02-27,Standard,Facebook Ads,False,105,60,12.22
3744,23,4102.77,20.52,178.3813043478261,1,0,2023-10-12,Standard,Google Ads,False,974,80,20.52
3745,22,4254.03,21.26,193.36499999999998,1,0,2023-11-17,Standard,LinkedIn,False,938,120,21.26
3746,25,3821.66,19.09,152.8664,2,0,2025-09-01,Standard,Organic,False,284,0,19.09
3747,21,14678.85,73.39,698.9928571428571,0,1,2025-02-23,Standard,Organic,False,474,0,73.39
3748,28,8633.03,43.16,308.32250000000005,1,0,2024-05-05,Standard,Referral,False,768,20,43.16
3749,18,9501.62,47.49,527.8677777777779,0,0,2025-01-08,Standard,Google Ads,False,520,80,47.49
3750,19,2986.2599999999998,14.92,157.1715789473684,0,0,2024-08-26,Standard,Referral,False,655,20,14.92
3751,19,15831.28,79.15,833.2252631578948,0,0,2025-08-06,Premium,LinkedIn,False,310,120,79.15
3752,30,5420.97,27.1,180.699,0,0,2025-09-16,Standard,LinkedIn,False,269,120,27.1
3753,18,2839.16,14.190000000000001,157.7311111111111,0,0,2023-10-01,Standard,Referral,False,985,20,14.190000000000001
3754,20,3405.88,17.05,170.294,0,0,2023-11-13,Standard,Google Ads,False,942,80,17.05
3755,14,2073.61,10.370000000000001,148.115,0,0,2025-03-22,Standard,Organic,False,447,0,10.370000000000001
3756,20,18002.13,89.99000000000001,900.1065000000001,0,0,2023-07-23,Premium,Facebook Ads,False,1055,60,89.99000000000001
3757,10,2085.7,10.45,208.57,0,0,2024-03-28,Standard,LinkedIn,False,806,120,10.45
3758,24,10254.78,51.25,427.2825,0,0,2024-08-12,Standard,Organic,False,669,0,51.25
3759,19,3071.03,15.36,161.63315789473685,1,0,2023-07-19,Standard,Organic,False,1059,0,15.36
3760,25,3787.0099999999998,18.919999999999998,151.4804,0,0,2023-06-15,Standard,Referral,False,1093,20,18.919999999999998
3761,20,13689.240000000002,68.44,684.4620000000001,1,1,2025-11-25,Standard,Referral,False,199,20,68.44
3762,23,3894.83,19.45,169.3404347826087,0,0,2025-10-18,Standard,Google Ads,True,237,80,19.45
3763,16,2683.9,13.4,167.74375,1,0,2024-05-06,Standard,Referral,False,767,20,13.4
3764,23,19808.9,99.05,861.2565217391304,0,0,2024-11-06,Premium,Google Ads,False,583,80,99.05
3765,18,2887.59,14.45,160.42166666666668,0,0,2026-05-17,Standard,Facebook Ads,True,26,60,14.45
3766,17,12343.42,61.7,726.0835294117647,2,0,2024-06-17,Premium,Organic,False,725,0,61.7
3767,20,3071.96,15.36,153.598,0,0,2023-10-05,Standard,Referral,False,981,20,15.36
3768,20,115456.75,577.29,5772.8375,0,2,2025-01-20,Business,Facebook Ads,False,508,60,577.29
3769,16,2578.43,12.9,161.151875,1,0,2026-06-11,Standard,Organic,False,1,0,12.9
3770,26,25200.55,125.98,969.251923076923,1,0,2025-09-04,Premium,Organic,False,281,0,125.98
3771,17,16027.53,80.14,942.7958823529412,0,0,2026-04-25,Premium,LinkedIn,False,48,120,80.14
3772,21,3822.92,19.099999999999998,182.04380952380953,0,0,2024-05-05,Standard,Organic,False,768,0,19.099999999999998
3773,17,2091.16,10.44,123.00941176470587,1,0,2025-05-03,Standard,Referral,False,405,20,10.44
3774,20,18879.87,94.4,943.9934999999999,0,0,2024-04-12,Premium,Google Ads,False,791,80,94.4
3775,17,14791.24,73.96,870.0729411764705,0,0,2025-07-05,Premium,Organic,False,342,0,73.96
3776,19,2831.42,14.18,149.0221052631579,0,0,2023-10-26,Standard,Referral,True,960,20,14.18
3777,17,10259.15,51.300000000000004,603.4794117647059,0,0,2026-04-14,Standard,Google Ads,True,59,80,51.300000000000004
3778,15,2470.92,12.350000000000001,164.728,1,0,2026-05-16,Standard,Referral,False,27,20,12.350000000000001
3779,16,41781.97,208.89999999999998,2611.373125,0,1,2025-03-23,Premium,Facebook Ads,False,446,60,208.89999999999998
3780,24,3524.74,17.63,146.86416666666665,0,0,2023-11-27,Standard,Google Ads,False,928,80,17.63
3781,26,23893.66,119.48,918.9869230769231,0,0,2023-08-19,Premium,Google Ads,False,1028,80,119.48
3782,18,2565.84,12.84,142.54666666666668,1,0,2026-03-29,Standard,Referral,False,75,20,12.84
3783,17,2753.12,13.77,161.94823529411764,0,0,2025-01-26,Standard,Referral,False,502,20,13.77
3784,16,2230.13,11.15,139.383125,0,0,2024-06-03,Standard,Google Ads,False,739,80,11.15
3785,23,56502.270000000004,282.49,2456.6204347826088,0,1,2024-08-29,Premium,Google Ads,True,652,80,282.49
3786,15,3107.04,15.54,207.136,0,0,2024-01-21,Standard,Organic,False,873,0,15.54
3787,17,3089.75,15.45,181.75,0,0,2024-12-04,Standard,Referral,False,555,20,15.45
3788,23,3760.45,18.79,163.4978260869565,0,0,2024-04-20,Standard,Organic,False,783,0,18.79
3789,25,4373.9800000000005,21.87,174.9592,0,0,2024-03-01,Standard,Google Ads,True,833,80,21.87
3790,24,4810.84,24.05,200.45166666666668,0,0,2023-08-24,Standard,Google Ads,False,1023,80,24.05
3791,14,2434.88,12.17,173.92000000000002,0,0,2025-04-02,Standard,LinkedIn,False,436,120,12.17
3792,18,12307.98,61.54,683.7766666666666,0,0,2025-03-24,Premium,Facebook Ads,False,445,60,61.54
3793,20,19365.88,96.85000000000001,968.2940000000001,0,0,2024-06-28,Premium,Google Ads,False,714,80,96.85000000000001
3794,15,2921.26,14.61,194.7506666666667,1,0,2024-09-09,Standard,Referral,False,641,20,14.61
3795,19,2812.34,14.06,148.01789473684212,1,0,2026-03-05,Standard,Facebook Ads,True,99,60,14.06
3796,18,11225.460000000001,56.14,623.6366666666668,0,0,2025-12-10,Standard,Referral,False,184,20,56.14
3797,20,18558.44,92.8,927.9219999999999,1,0,2024-09-17,Premium,Organic,False,633,0,92.8
3798,20,19045.5,95.22,952.275,0,0,2025-10-18,Premium,Google Ads,False,237,80,95.22
3799,26,3509.92,17.53,134.99692307692308,0,0,2024-09-02,Standard,Google Ads,False,648,80,17.53
3800,19,2942.03,14.700000000000001,154.84368421052633,0,0,2024-07-26,Standard,Referral,False,686,20,14.700000000000001
3801,23,19030.17,95.14,827.3986956521738,0,0,2024-08-02,Premium,Organic,False,679,0,95.14
3802,21,3888.77,19.44,185.1795238095238,0,0,2023-07-12,Standard,Facebook Ads,False,1066,60,19.44
3803,26,70193.12,350.94,2699.7353846153846,1,1,2025-07-26,Premium,Referral,False,321,20,350.94
3804,20,90748.23,453.74,4537.4115,0,2,2025-08-22,Business,Organic,False,294,0,453.74
3805,25,3662.94,18.31,146.51760000000002,1,0,2026-03-09,Standard,Referral,False,95,20,18.31
3806,21,3104.55,15.530000000000001,147.8357142857143,0,0,2025-03-06,Standard,Organic,False,463,0,15.530000000000001
3807,15,2608.61,13.04,173.90733333333336,0,0,2023-08-31,Standard,Referral,False,1016,20,13.04
3808,23,3448.68,17.26,149.94260869565215,0,0,2023-08-16,Standard,Facebook Ads,False,1031,60,17.26
3809,15,10752.24,53.76,716.816,1,0,2024-05-05,Premium,Organic,False,768,0,53.76
3810,14,2372.87,11.85,169.4907142857143,0,0,2025-12-19,Standard,Google Ads,False,175,80,11.85
3811,15,6932.67,34.650000000000006,462.178,0,0,2025-05-07,Standard,Facebook Ads,False,401,60,34.650000000000006
3812,27,8320.05,41.58,308.15,1,0,2025-11-07,Standard,Organic,False,217,0,41.58
3813,21,3699.77,18.51,176.1795238095238,0,0,2025-03-10,Standard,Referral,False,459,20,18.51
3814,10,1788.42,8.95,178.842,0,0,2026-05-23,Standard,Google Ads,True,20,80,8.95
3815,20,2941.8199999999997,14.71,147.09099999999998,0,0,2025-06-03,Standard,Google Ads,True,374,80,14.71
3816,15,2363.96,11.83,157.59733333333332,0,0,2024-01-06,Standard,Google Ads,False,888,80,11.83
3817,15,2875.62,14.36,191.708,1,0,2025-03-29,Standard,Referral,False,440,20,14.36
3818,24,3520.21,17.61,146.67541666666668,0,0,2023-11-18,Standard,Organic,True,937,0,17.61
3819,23,3110.14,15.540000000000001,135.22347826086957,1,0,2024-07-05,Standard,Google Ads,False,707,80,15.540000000000001
3820,23,3065.04,15.34,133.26260869565218,0,0,2024-10-18,Standard,Google Ads,False,602,80,15.34
3821,23,79937.61,399.68999999999994,3475.548260869565,1,1,2025-07-12,Premium,Facebook Ads,True,335,60,399.68999999999994
3822,22,2776.17,13.88,126.18954545454545,0,0,2026-05-31,Standard,Facebook Ads,False,12,60,13.88
3823,21,2722.55,13.6,129.6452380952381,0,0,2024-01-31,Standard,Referral,False,863,20,13.6
3824,12,1795.46,8.99,149.62166666666667,1,0,2024-11-19,Standard,Organic,False,570,0,8.99
3825,27,19690.12,98.44,729.2637037037036,0,0,2023-09-28,Premium,Organic,False,988,0,98.44
3826,13,80489.48999999999,402.44,6191.49923076923,1,1,2024-08-12,Business,Google Ads,True,669,80,402.44
3827,26,4331.92,21.65,166.6123076923077,1,0,2024-06-15,Standard,Organic,False,727,0,21.65
3828,29,3956.55,19.76,136.43275862068967,0,0,2024-12-07,Standard,Organic,False,552,0,19.76
3829,13,6712.01,33.57,516.3084615384615,0,0,2023-06-17,Standard,Organic,False,1091,0,33.57
3830,17,2360.8,11.8,138.87058823529412,0,0,2024-02-12,Standard,Organic,False,851,0,11.8
3831,21,14101.45,70.53999999999999,671.4976190476191,1,0,2024-05-12,Premium,Organic,False,761,0,70.53999999999999
3832,20,3158.64,15.8,157.932,0,0,2024-07-24,Standard,LinkedIn,False,688,120,15.8
3833,16,2824.46,14.11,176.52875,0,0,2024-09-26,Standard,Facebook Ads,False,624,60,14.11
3834,23,5488.07,27.45,238.61173913043476,1,0,2024-07-08,Standard,Organic,False,704,0,27.45
3835,22,3278.31,16.39,149.0140909090909,1,0,2024-11-22,Standard,Referral,False,567,20,16.39
3836,18,2960.32,14.79,164.46222222222224,1,0,2024-08-27,Standard,Referral,True,654,20,14.79
3837,16,11563.12,57.8,722.695,0,0,2025-08-31,Premium,Facebook Ads,False,285,60,57.8
3838,24,51341.759999999995,256.73,2139.24,2,1,2024-10-19,Premium,Organic,False,601,0,256.73
3839,20,2319.75,11.61,115.9875,0,0,2025-07-09,Standard,Organic,True,338,0,11.61
3840,19,2936.11,14.69,154.5321052631579,2,0,2025-11-27,Standard,Facebook Ads,False,197,60,14.69
3841,16,11358.81,56.79,709.925625,0,0,2025-06-15,Standard,Facebook Ads,True,362,60,56.79
3842,19,3230.27,16.15,170.0142105263158,0,0,2025-11-21,Standard,Google Ads,False,203,80,16.15
3843,20,18451.42,92.26,922.5709999999999,0,0,2024-08-07,Premium,Referral,False,674,20,92.26
3844,20,3129.55,15.64,156.47750000000002,2,0,2023-07-19,Standard,Referral,False,1059,20,15.64
3845,18,13307.44,66.52,739.3022222222222,0,0,2024-01-05,Premium,Organic,True,889,0,66.52
3846,22,3226.15,16.16,146.64318181818183,0,0,2026-01-08,Standard,Organic,False,155,0,16.16
3847,19,2824.1,14.1,148.63684210526316,0,0,2026-01-29,Standard,Organic,True,134,0,14.1
3848,15,11334.18,56.68,755.612,1,0,2026-02-13,Premium,Referral,False,119,20,56.68
3849,19,2848.85,14.24,149.93947368421053,0,0,2026-05-15,Standard,Organic,False,28,0,14.24
3850,21,3347.02,16.73,159.38190476190476,0,0,2025-12-05,Standard,Organic,False,189,0,16.73
3851,24,3099.12,15.48,129.13,1,0,2024-08-07,Standard,Organic,False,674,0,15.48
3852,16,2470.33,12.36,154.395625,1,0,2026-03-24,Standard,LinkedIn,False,80,120,12.36
3853,27,4691.89,23.48,173.77370370370372,0,0,2024-07-29,Standard,Referral,False,683,20,23.48
3854,14,12859.09,64.3,918.5064285714286,1,0,2024-06-09,Premium,Google Ads,False,733,80,64.3
3855,18,2813.92,14.05,156.32888888888888,0,0,2024-10-24,Standard,Organic,False,596,0,14.05
3856,20,12001.99,60.02,600.0995,0,1,2024-05-31,Standard,Referral,False,742,20,60.02
3857,21,3211.71,16.07,152.93857142857144,1,0,2025-11-23,Standard,Google Ads,False,201,80,16.07
3858,23,128350.55,641.75,5580.458695652174,0,3,2024-11-17,Business,Organic,False,572,0,641.75
3859,17,38985.63,194.92000000000002,2293.2723529411765,1,1,2024-06-14,Premium,Referral,False,728,20,194.92000000000002
3860,16,11352.94,56.75,709.55875,1,0,2024-07-24,Premium,Organic,False,688,0,56.75
3861,23,4017.38,20.07,174.6686956521739,1,0,2025-12-31,Standard,LinkedIn,False,163,120,20.07
3862,22,3726.81,18.669999999999998,169.40045454545455,0,0,2025-08-14,Standard,Referral,False,302,20,18.669999999999998
3863,24,66574.06,332.86,2773.9191666666666,1,1,2026-04-07,Premium,Google Ads,False,66,80,332.86
3864,12,2105.61,10.53,175.4675,0,0,2024-02-24,Standard,Google Ads,False,839,80,10.53
3865,16,13450.09,67.25,840.630625,0,0,2024-12-06,Premium,Referral,False,553,20,67.25
3866,19,105699.73,528.5,5563.143684210526,1,2,2024-05-12,Business,Referral,False,761,20,528.5
3867,21,3314.16,16.56,157.81714285714284,0,0,2023-09-15,Standard,Google Ads,False,1001,80,16.56
3868,14,13624.58,68.14,973.1842857142857,0,0,2023-08-29,Premium,Referral,False,1018,20,68.14
3869,21,7648.15,38.22,364.197619047619,0,0,2024-07-25,Standard,Organic,False,687,0,38.22
3870,14,67016.92,335.1,4786.922857142857,0,0,2024-09-19,Business,Referral,False,631,20,335.1
3871,19,2890.1099999999997,14.46,152.11105263157893,0,0,2025-10-19,Standard,Google Ads,False,236,80,14.46
3872,15,13102.220000000001,65.52,873.4813333333334,1,0,2026-05-10,Premium,Referral,False,33,20,65.52
3873,16,2454.5,12.26,153.40625,0,0,2025-01-26,Standard,Google Ads,False,502,80,12.26
3874,18,2652.56,13.26,147.36444444444444,0,0,2024-06-02,Standard,Referral,False,740,20,13.26
3875,27,17492.62,87.48,647.8748148148147,1,0,2025-10-29,Premium,LinkedIn,False,226,120,87.48
3876,21,3556.34,17.78,169.34952380952382,1,0,2025-03-06,Standard,Organic,True,463,0,17.78
3877,26,13294.630000000001,66.47,511.3319230769231,1,1,2024-03-23,Standard,Organic,False,811,0,66.47
3878,17,14204.39,70.99,835.5523529411764,2,0,2023-11-05,Premium,Facebook Ads,False,950,60,70.99
3879,16,2787.34,13.92,174.20875,0,0,2024-05-07,Standard,Organic,False,766,0,13.92
3880,16,98641.94,493.21999999999997,6165.12125,0,3,2025-11-14,Business,Facebook Ads,False,210,60,493.21999999999997
3881,17,13672.66,68.36,804.2741176470588,1,0,2023-12-24,Premium,Google Ads,False,901,80,68.36
3882,11,1465.27,7.32,133.20636363636365,0,0,2024-03-26,Standard,Organic,False,808,0,7.32
3883,15,2411.68,12.06,160.77866666666665,0,0,2023-10-19,Standard,Referral,True,967,20,12.06
3884,15,2654.99,13.27,176.9993333333333,0,0,2023-07-09,Standard,Organic,False,1069,0,13.27
3885,18,2877.25,14.379999999999999,159.84722222222223,0,0,2024-02-02,Standard,Organic,False,861,0,14.379999999999999
3886,15,2374.39,11.86,158.29266666666666,0,0,2025-04-06,Standard,LinkedIn,False,432,120,11.86
3887,25,4256.25,21.28,170.25,0,0,2023-10-08,Standard,Google Ads,False,978,80,21.28
3888,24,3667.38,18.34,152.8075,0,0,2023-09-13,Standard,Organic,False,1003,0,18.34
3889,21,3394.3,16.97,161.63333333333335,0,0,2025-06-04,Standard,LinkedIn,False,373,120,16.97
3890,14,2568.88,12.86,183.49142857142857,1,0,2025-07-18,Standard,Google Ads,True,329,80,12.86
3891,25,19998.13,99.97,799.9252,0,0,2024-06-27,Premium,Referral,False,715,20,99.97
3892,17,12139.46,60.68,714.0858823529411,1,0,2024-08-06,Premium,Facebook Ads,False,675,60,60.68
3893,25,3354.66,16.78,134.1864,1,0,2024-08-17,Standard,Organic,False,664,0,16.78
3894,24,4006.77,20.04,166.94875,0,0,2025-04-02,Standard,Referral,False,436,20,20.04
3895,18,2635.64,13.16,146.42444444444445,0,0,2024-12-18,Standard,Organic,True,541,0,13.16
3896,22,6794.38,33.959999999999994,308.8354545454545,0,0,2025-12-12,Standard,Organic,True,182,0,33.959999999999994
3897,13,1798.05,9.01,138.31153846153845,1,0,2024-12-17,Standard,Organic,False,542,0,9.01
3898,16,17452.969999999998,87.25,1090.8106249999998,0,1,2023-11-26,Standard,Referral,False,929,20,87.25
3899,22,3363.4700000000003,16.81,152.88500000000002,1,0,2025-08-03,Standard,Referral,False,313,20,16.81
3900,24,3405.01,17.02,141.87541666666667,1,0,2024-02-27,Standard,Referral,True,836,20,17.02
3901,15,7548.579999999999,37.76,503.2386666666666,0,0,2024-10-12,Standard,LinkedIn,True,608,120,37.76
3902,20,3141.73,15.73,157.0865,0,0,2026-04-06,Standard,Facebook Ads,True,67,60,15.73
3903,17,2933.18,14.66,172.54,0,0,2023-08-06,Standard,Organic,False,1041,0,14.66
3904,9,8323.82,41.620000000000005,924.8688888888888,1,0,2024-01-13,Premium,Google Ads,False,881,80,41.620000000000005
3905,14,10253.27,51.27,732.3764285714286,0,0,2023-08-26,Premium,Google Ads,False,1021,80,51.27
3906,12,1642.49,8.22,136.87416666666667,0,0,2025-06-22,Standard,Organic,False,355,0,8.22
3907,21,3266.0,16.33,155.52380952380952,0,0,2024-11-28,Standard,Facebook Ads,False,561,60,16.33
3908,26,19101.28,95.5,734.6646153846153,0,0,2023-11-17,Premium,Organic,False,938,0,95.5
3909,24,4486.97,22.45,186.95708333333334,0,0,2025-06-19,Standard,Facebook Ads,False,358,60,22.45
3910,19,33722.81,168.62,1774.8847368421052,0,1,2025-03-19,Premium,Organic,False,450,0,168.62
3911,13,2160.0699999999997,10.8,166.15923076923076,0,0,2023-10-15,Standard,Referral,False,971,20,10.8
3912,17,3116.22,15.59,183.3070588235294,0,0,2025-07-30,Standard,Organic,False,317,0,15.59
3913,18,2885.4,14.44,160.3,1,0,2024-09-06,Standard,Referral,False,644,20,14.44
3914,24,43389.63,216.96,1807.90125,0,1,2024-04-05,Premium,Referral,False,798,20,216.96
3915,21,2848.99,14.24,135.66619047619048,0,0,2024-07-21,Standard,Organic,True,691,0,14.24
3916,13,1890.3600000000001,9.45,145.4123076923077,0,0,2025-08-19,Standard,Referral,True,297,20,9.45
3917,15,2498.17,12.48,166.54466666666667,0,0,2025-12-13,Standard,Organic,False,181,0,12.48
3918,22,256553.34,1282.76,11661.515454545455,1,1,2024-01-22,Business,Google Ads,False,872,80,1282.76
3919,19,3369.37,16.84,177.33526315789473,1,0,2024-03-22,Standard,Referral,False,812,20,16.84
3920,13,2534.26,12.68,194.94307692307694,1,0,2024-10-11,Standard,Facebook Ads,False,609,60,12.68
3921,22,3126.57,15.61,142.1168181818182,0,0,2024-03-24,Standard,Organic,False,810,0,15.61
3922,24,4448.41,22.23,185.35041666666666,1,0,2024-01-10,Standard,Organic,False,884,0,22.23
3923,22,3149.98,15.75,143.1809090909091,1,0,2025-04-15,Standard,Referral,False,423,20,15.75
3924,16,2581.46,12.9,161.34125,2,0,2023-09-26,Standard,Referral,False,990,20,12.9
3925,22,3663.42,18.34,166.51909090909092,0,0,2026-01-31,Standard,LinkedIn,False,132,120,18.34
3926,25,4623.48,23.09,184.93919999999997,0,0,2023-12-20,Standard,Organic,False,905,0,23.09
3927,25,2819.14,14.1,112.76559999999999,0,0,2025-02-01,Standard,Facebook Ads,False,496,60,14.1
3928,17,105931.09999999999,529.66,6231.241176470588,1,1,2024-02-28,Premium,Organic,True,835,0,529.66
3929,21,3120.3900000000003,15.6,148.59,1,0,2025-09-11,Standard,Organic,False,274,0,15.6
3930,23,18137.54,90.66,788.5886956521739,0,0,2024-09-18,Premium,Organic,False,632,0,90.66
3931,17,13524.85,67.63,795.5794117647059,0,0,2025-06-03,Premium,Facebook Ads,False,374,60,67.63
3932,19,2989.25,14.96,157.32894736842104,0,0,2024-02-27,Standard,Organic,False,836,0,14.96
3933,18,13616.6,68.1,756.4777777777778,0,0,2023-11-21,Premium,LinkedIn,False,934,120,68.1
3934,19,9740.49,48.71,512.6573684210526,2,0,2025-04-30,Premium,Organic,False,408,0,48.71
3935,30,4809.93,24.07,160.33100000000002,0,0,2024-02-29,Standard,Google Ads,False,834,80,24.07
3936,17,65698.79000000001,328.49,3864.6347058823535,0,0,2025-01-05,Business,Facebook Ads,False,523,60,328.49
3937,27,4608.04,23.05,170.66814814814813,1,0,2024-01-20,Standard,Facebook Ads,False,874,60,23.05
3938,19,3140.52,15.71,165.29052631578946,0,0,2026-01-01,Standard,Organic,True,162,0,15.71
3939,18,94131.73,470.67,5229.540555555555,1,2,2025-05-13,Business,Referral,False,395,20,470.67
3940,28,3851.5,19.27,137.55357142857142,2,0,2026-02-05,Standard,Organic,True,127,0,19.27
3941,18,2264.04,11.29,125.78,0,0,2024-02-19,Standard,Organic,True,844,0,11.29
3942,14,6873.1,34.37,490.9357142857143,0,0,2025-06-02,Standard,Organic,False,375,0,34.37
3943,27,3526.08,17.63,130.59555555555556,1,0,2024-10-16,Standard,Facebook Ads,False,604,60,17.63
3944,20,50805.7,254.04,2540.285,1,1,2024-03-06,Premium,Google Ads,False,828,80,254.04
3945,16,2256.12,11.28,141.0075,0,0,2026-04-08,Standard,Referral,True,65,20,11.28
3946,26,203398.74000000002,1017.02,7823.028461538463,1,1,2024-07-16,Business,Organic,False,696,0,1017.02
3947,28,24597.25,123.0,878.4732142857143,0,0,2026-02-03,Premium,Facebook Ads,False,129,60,123.0
3948,20,59451.83,297.27,2972.5915,0,1,2023-11-03,Premium,Organic,False,952,0,297.27
3949,28,4879.18,24.44,174.2564285714286,0,0,2023-10-27,Standard,Organic,False,959,0,24.44
3950,14,10359.4,51.82,739.9571428571428,0,0,2026-05-05,Premium,Organic,True,38,0,51.82
3951,30,5094.16,25.44,169.80533333333332,1,0,2025-02-10,Standard,Referral,False,487,20,25.44
3952,17,5934.08,29.66,349.0635294117647,0,0,2025-05-20,Standard,Google Ads,False,388,80,29.66
3953,29,20494.56,102.47,706.7089655172414,0,0,2023-08-28,Premium,Organic,False,1019,0,102.47
3954,14,2577.6,12.870000000000001,184.1142857142857,0,0,2025-02-09,Standard,Referral,False,488,20,12.870000000000001
3955,22,4068.69,20.35,184.94045454545454,0,0,2026-02-07,Standard,Google Ads,False,125,80,20.35
3956,25,3961.7,19.82,158.468,0,0,2025-05-07,Standard,LinkedIn,False,401,120,19.82
3957,16,14199.41,70.99,887.463125,0,0,2024-09-05,Premium,Organic,True,645,0,70.99
3958,20,5370.18,26.86,268.509,0,0,2025-06-16,Standard,Facebook Ads,True,361,60,26.86
3959,18,2899.85,14.5,161.10277777777776,0,0,2025-02-13,Standard,Facebook Ads,False,484,60,14.5
3960,19,58573.71000000001,292.89,3082.8268421052635,0,2,2026-04-26,Premium,Facebook Ads,False,47,60,292.89
3961,15,2300.32,11.5,153.35466666666667,0,0,2026-05-17,Standard,Organic,False,26,0,11.5
3962,18,2657.14,13.280000000000001,147.61888888888888,0,0,2023-11-10,Standard,LinkedIn,True,945,120,13.280000000000001
3963,21,3072.32,15.34,146.3009523809524,0,0,2026-02-03,Standard,Google Ads,False,129,80,15.34
3964,29,176904.73,884.53,6100.163103448276,1,3,2023-06-16,Business,Google Ads,False,1092,80,884.53
3965,28,4867.8,24.330000000000002,173.85,1,0,2023-06-13,Standard,Referral,False,1095,20,24.330000000000002
3966,21,19663.059999999998,98.31,936.3361904761904,0,1,2023-12-24,Standard,Organic,True,901,0,98.31
3967,16,11480.74,57.43,717.54625,1,0,2024-09-06,Premium,LinkedIn,False,644,120,57.43
3968,24,3131.66,15.66,130.48583333333332,1,0,2026-04-09,Standard,Facebook Ads,False,64,60,15.66
3969,23,17566.67,87.84,763.7682608695651,0,0,2024-04-01,Premium,Google Ads,False,802,80,87.84
3970,15,2462.04,12.32,164.136,0,0,2023-06-16,Standard,Referral,False,1092,20,12.32
3971,31,4355.83,21.8,140.5106451612903,0,0,2023-11-04,Standard,Facebook Ads,False,951,60,21.8
3972,19,154803.35,774.03,8147.5447368421055,0,5,2025-09-18,Business,Google Ads,True,267,80,774.03
3973,22,3736.79,18.69,169.8540909090909,0,0,2025-11-03,Standard,Referral,False,221,20,18.69
3974,14,2388.49,11.940000000000001,170.60642857142855,0,0,2023-08-29,Standard,Organic,False,1018,0,11.940000000000001
3975,17,1945.32,9.719999999999999,114.43058823529411,0,0,2025-03-08,Standard,Google Ads,False,461,80,9.719999999999999
3976,19,3880.73,19.38,204.24894736842106,1,0,2026-05-23,Standard,Google Ads,True,20,80,19.38
3977,26,4430.52,22.13,170.4046153846154,0,0,2025-08-27,Standard,LinkedIn,False,289,120,22.13
3978,24,20084.96,100.45,836.8733333333333,0,0,2026-02-01,Premium,Organic,True,131,0,100.45
3979,18,14119.72,70.6,784.4288888888889,0,0,2025-03-13,Premium,Referral,True,456,20,70.6
3980,21,367792.33,1838.9599999999998,17513.920476190477,1,6,2024-07-06,Business,Google Ads,False,706,80,1838.9599999999998
3981,20,3692.4900000000002,18.46,184.6245,0,0,2024-05-06,Standard,LinkedIn,True,767,120,18.46
3982,14,10096.29,50.47,721.1635714285715,0,0,2024-10-31,Premium,Google Ads,False,589,80,50.47
3983,20,3442.01,17.21,172.1005,0,0,2024-09-11,Standard,Facebook Ads,False,639,60,17.21
3984,24,11148.210000000001,55.75,464.50875,0,0,2025-09-07,Standard,Organic,True,278,0,55.75
3985,26,69186.75,345.94,2661.028846153846,0,1,2024-04-01,Premium,Google Ads,False,802,80,345.94
3986,24,4072.5299999999997,20.35,169.68875,0,0,2024-03-04,Standard,Google Ads,False,830,80,20.35
3987,15,11491.86,57.449999999999996,766.124,0,0,2025-01-09,Premium,Google Ads,False,519,80,57.449999999999996
3988,21,11836.39,59.18,563.6376190476191,1,0,2024-06-24,Standard,Google Ads,False,718,80,59.18
3989,23,3403.44,17.02,147.97565217391303,0,0,2025-06-12,Standard,Organic,False,365,0,17.02
3990,26,5454.71,27.28,209.79653846153846,0,0,2023-10-01,Standard,Organic,False,985,0,27.28
3991,20,3082.2000000000003,15.41,154.11,2,0,2025-09-25,Standard,Facebook Ads,True,260,60,15.41
3992,24,4113.59,20.6,171.39958333333334,0,0,2025-05-11,Standard,Referral,False,397,20,20.6
3993,18,3012.37,15.05,167.3538888888889,0,0,2026-05-20,Standard,Google Ads,False,23,80,15.05
3994,19,2389.68,11.93,125.77263157894735,0,0,2023-10-11,Standard,Referral,False,975,20,11.93
3995,19,3214.78,16.08,169.19894736842107,1,0,2025-05-15,Standard,Facebook Ads,False,393,60,16.08
3996,21,2830.1,14.15,134.76666666666665,0,0,2024-01-31,Standard,Referral,True,863,20,14.15
3997,14,12381.83,61.9,884.4164285714286,0,0,2025-07-29,Premium,Organic,False,318,0,61.9
3998,11,11374.880000000001,56.89,1034.0800000000002,0,0,2023-12-10,Premium,Organic,False,915,0,56.89
3999,24,4324.66,21.62,180.19416666666666,2,0,2023-06-25,Standard,Google Ads,False,1083,80,21.62
4000,23,3677.81,18.4,159.90478260869565,0,0,2024-07-08,Standard,Organic,False,704,0,18.4
4001,26,16904.15,84.53,650.1596153846154,1,1,2026-01-13,Standard,Google Ads,False,150,80,84.53
4002,23,4026.2200000000003,20.14,175.0530434782609,0,0,2024-07-12,Standard,Google Ads,False,700,80,20.14
4003,14,1800.99,9.0,128.64214285714286,0,0,2025-10-21,Standard,Google Ads,False,234,80,9.0
4004,21,3689.16,18.42,175.6742857142857,0,0,2025-09-15,Standard,LinkedIn,False,270,120,18.42
4005,24,4194.21,20.990000000000002,174.75875,0,0,2024-07-05,Standard,Organic,False,707,0,20.990000000000002
4006,23,17191.9,85.97,747.4739130434783,0,0,2024-08-01,Premium,Referral,False,680,20,85.97
4007,30,4935.07,24.67,164.50233333333333,0,0,2023-06-21,Standard,Google Ads,False,1087,80,24.67
4008,25,3430.1,17.18,137.204,1,0,2025-10-05,Standard,Google Ads,False,250,80,17.18
4009,15,1670.16,8.36,111.34400000000001,0,0,2025-01-03,Standard,Google Ads,False,525,80,8.36
4010,22,25315.08,126.58000000000001,1150.6854545454546,0,1,2026-03-01,Standard,Referral,True,103,20,126.58000000000001
4011,15,3009.4100000000003,15.05,200.62733333333335,1,0,2023-11-08,Standard,Google Ads,True,947,80,15.05
4012,16,10688.96,53.45,668.06,0,0,2024-12-13,Premium,Organic,False,546,0,53.45
4013,23,17129.85,85.64,744.7760869565217,0,1,2024-06-13,Standard,Referral,False,729,20,85.64
4014,28,4532.51,22.650000000000002,161.87535714285715,0,0,2024-12-08,Standard,Google Ads,False,551,80,22.650000000000002
4015,15,2452.53,12.27,163.502,1,0,2023-11-04,Standard,Facebook Ads,False,951,60,12.27
4016,21,118807.18999999999,594.02,5657.485238095238,0,1,2024-03-18,Premium,Facebook Ads,False,816,60,594.02
4017,20,4008.66,20.03,200.433,0,0,2024-02-21,Standard,Google Ads,False,842,80,20.03
4018,17,2966.55,14.82,174.50294117647059,0,0,2023-07-12,Standard,Referral,False,1066,20,14.82
4019,21,17186.46,85.93,818.4028571428571,0,0,2024-06-22,Premium,Facebook Ads,False,720,60,85.93
4020,20,2981.28,14.92,149.06400000000002,0,0,2023-08-01,Standard,Referral,True,1046,20,14.92
4021,25,16946.25,84.74,677.85,1,0,2025-04-06,Premium,Google Ads,False,432,80,84.74
4022,28,16694.37,83.48,596.2275,0,1,2026-01-03,Standard,LinkedIn,False,160,120,83.48
4023,17,13891.140000000001,69.46,817.1258823529413,0,0,2024-12-29,Premium,LinkedIn,False,530,120,69.46
4024,22,3887.56,19.42,176.70727272727274,0,0,2024-10-19,Standard,Google Ads,False,601,80,19.42
4025,19,2907.09,14.52,153.00473684210527,1,0,2026-01-24,Standard,Facebook Ads,False,139,60,14.52
4026,22,2958.27,14.79,134.46681818181818,1,0,2024-08-17,Standard,LinkedIn,False,664,120,14.79
4027,27,9039.6,45.2,334.8,1,0,2023-08-22,Standard,Google Ads,True,1025,80,45.2
4028,16,11974.99,59.86,748.436875,0,0,2026-06-04,Premium,LinkedIn,False,8,120,59.86
4029,11,2182.6,10.91,198.4181818181818,0,0,2024-10-07,Standard,Referral,False,613,20,10.91
4030,26,3540.1,17.71,136.15769230769232,0,0,2024-03-20,Standard,Organic,False,814,0,17.71
4031,20,17526.05,87.63000000000001,876.3025,0,1,2024-04-03,Standard,Organic,False,800,0,87.63000000000001
4032,19,2518.92,12.59,132.57473684210527,0,0,2023-09-23,Standard,Referral,False,993,20,12.59
4033,7,1275.33,6.38,182.19,0,0,2026-01-18,Standard,Facebook Ads,False,145,60,6.38
4034,30,7901.35,39.49,263.37833333333333,2,0,2025-12-31,Standard,Organic,False,163,0,39.49
4035,17,3048.22,15.25,179.3070588235294,0,0,2026-03-06,Standard,LinkedIn,False,98,120,15.25
4036,19,23220.1,116.1,1222.1105263157895,0,1,2023-06-25,Standard,Google Ads,False,1083,80,116.1
4037,19,3009.66,15.03,158.40315789473684,0,0,2024-08-27,Standard,Organic,False,654,0,15.03
4038,20,3391.67,16.97,169.58350000000002,0,0,2023-09-14,Standard,LinkedIn,False,1002,120,16.97
4039,14,2613.77,13.08,186.69785714285715,0,0,2023-08-14,Standard,Referral,False,1033,20,13.08
4040,27,3805.62,19.03,140.9488888888889,0,0,2025-12-01,Standard,LinkedIn,False,193,120,19.03
4041,17,81268.81,406.32,4780.518235294117,0,1,2023-08-09,Business,Google Ads,True,1038,80,406.32
4042,26,4024.64,20.12,154.79384615384615,0,0,2025-08-02,Standard,LinkedIn,False,314,120,20.12
4043,13,2147.67,10.75,165.20538461538462,0,0,2024-12-26,Standard,Google Ads,True,533,80,10.75
4044,21,2775.48,13.870000000000001,132.16571428571427,0,0,2025-10-19,Standard,Google Ads,False,236,80,13.870000000000001
4045,14,10147.77,50.74,724.8407142857143,1,0,2024-07-06,Premium,Google Ads,False,706,80,50.74
4046,19,3045.73,15.22,160.30157894736843,0,0,2024-12-24,Standard,Referral,False,535,20,15.22
4047,25,4316.68,21.61,172.6672,0,0,2023-10-31,Standard,Google Ads,False,955,80,21.61
4048,17,2949.9900000000002,14.74,173.52882352941177,1,0,2024-12-26,Standard,LinkedIn,False,533,120,14.74
4049,23,18426.44,92.12,801.1495652173912,1,0,2024-08-19,Premium,Google Ads,False,662,80,92.12
4050,30,4167.43,20.81,138.91433333333333,0,0,2026-04-04,Standard,Referral,False,69,20,20.81
4051,18,2238.5,11.18,124.36111111111111,1,0,2023-09-14,Standard,Google Ads,False,1002,80,11.18
4052,22,597848.32,2989.2499999999995,27174.923636363634,0,5,2025-09-11,Business,Referral,False,274,20,2989.2499999999995
4053,26,14176.14,70.87,545.2361538461538,1,0,2023-12-25,Standard,Facebook Ads,False,900,60,70.87
4054,12,9509.58,47.53,792.465,1,0,2026-04-03,Premium,Google Ads,False,70,80,47.53
4055,17,11663.49,58.32,686.0876470588236,0,0,2024-08-02,Premium,Organic,False,679,0,58.32
4056,19,16279.34,81.4,856.8073684210526,0,0,2024-03-30,Premium,Referral,False,804,20,81.4
4057,17,2818.0699999999997,14.09,165.76882352941175,1,0,2024-01-28,Standard,Google Ads,False,866,80,14.09
4058,16,2939.5,14.7,183.71875,0,0,2023-08-20,Standard,Google Ads,False,1027,80,14.7
4059,21,13737.519999999999,68.69,654.1676190476189,1,1,2025-10-02,Standard,Google Ads,False,253,80,68.69
4060,23,2592.2,12.97,112.70434782608694,0,0,2024-11-13,Standard,LinkedIn,False,576,120,12.97
4061,22,13777.82,68.87,626.2645454545454,0,1,2024-01-09,Standard,Referral,True,885,20,68.87
4062,19,3498.1099999999997,17.47,184.11105263157893,1,0,2023-11-01,Standard,Google Ads,True,954,80,17.47
4063,31,4500.21,22.52,145.16806451612902,0,0,2023-10-04,Standard,Google Ads,False,982,80,22.52
4064,22,4531.97,22.68,205.99863636363636,0,0,2023-08-17,Standard,LinkedIn,True,1030,120,22.68
4065,17,2737.97,13.7,161.0570588235294,0,0,2023-07-09,Standard,Organic,False,1069,0,13.7
4066,24,18396.1,91.99,766.5041666666666,0,0,2023-08-13,Premium,Google Ads,False,1034,80,91.99
4067,18,14769.27,73.83,820.515,0,0,2024-01-20,Premium,Organic,True,874,0,73.83
4068,21,3156.88,15.77,150.32761904761907,0,0,2024-10-15,Standard,Referral,False,605,20,15.77
4069,19,17529.94,87.64,922.6284210526316,0,0,2024-05-12,Premium,Google Ads,False,761,80,87.64
4070,25,3922.46,19.61,156.8984,0,0,2023-10-28,Standard,LinkedIn,False,958,120,19.61
4071,25,3497.58,17.5,139.9032,1,0,2024-02-07,Standard,Organic,False,856,0,17.5
4072,23,3379.72,16.900000000000002,146.94434782608695,1,0,2025-08-31,Standard,Google Ads,False,285,80,16.900000000000002
4073,12,1649.6499999999999,8.26,137.47083333333333,1,0,2025-03-16,Standard,Referral,False,453,20,8.26
4074,11,1907.21,9.540000000000001,173.38272727272727,1,0,2023-12-31,Standard,Organic,False,894,0,9.540000000000001
4075,15,2178.63,10.89,145.24200000000002,0,0,2024-05-28,Standard,Facebook Ads,False,745,60,10.89
4076,19,3099.16,15.5,163.11368421052632,0,0,2024-04-01,Standard,Google Ads,False,802,80,15.5
4077,23,4205.5199999999995,21.02,182.8486956521739,0,0,2025-07-12,Standard,Organic,False,335,0,21.02
4078,23,13643.150000000001,68.21000000000001,593.1804347826088,0,1,2024-10-16,Standard,Google Ads,False,604,80,68.21000000000001
4079,21,3617.5,18.07,172.26190476190476,0,0,2023-07-15,Standard,Facebook Ads,True,1063,60,18.07
4080,18,2708.61,13.56,150.47833333333335,0,0,2026-03-04,Standard,Facebook Ads,False,100,60,13.56
4081,22,2856.94,14.29,129.8609090909091,0,0,2023-10-27,Standard,Google Ads,False,959,80,14.29
4082,24,3494.7200000000003,17.45,145.61333333333334,0,0,2024-07-13,Standard,Organic,True,699,0,17.45
4083,23,3916.92,19.58,170.3008695652174,2,0,2023-09-26,Standard,Organic,False,990,0,19.58
4084,23,301438.26999999996,1507.23,13106.011739130434,0,2,2025-02-04,Business,Google Ads,True,493,80,1507.23
4085,19,2578.14,12.9,135.6915789473684,0,0,2026-02-07,Standard,Google Ads,False,125,80,12.9
4086,27,4711.8099999999995,23.58,174.51148148148147,0,0,2024-05-03,Standard,LinkedIn,False,770,120,23.58
4087,20,7576.28,37.86,378.81399999999996,1,0,2023-09-18,Standard,Google Ads,False,998,80,37.86
4088,21,3368.79,16.84,160.41857142857143,0,0,2024-02-14,Standard,Referral,True,849,20,16.84
4089,21,18352.46,91.73,873.9266666666666,0,0,2023-10-11,Premium,Organic,False,975,0,91.73
4090,13,2231.86,11.16,171.68153846153848,0,0,2026-06-08,Standard,LinkedIn,False,4,120,11.16
4091,22,3830.88,19.16,174.13090909090909,0,0,2026-01-29,Standard,Organic,False,134,0,19.16
4092,17,13299.1,66.49,782.3000000000001,1,0,2024-08-07,Premium,Google Ads,False,674,80,66.49
4093,16,1955.58,9.77,122.22375,0,0,2026-05-21,Standard,Organic,False,22,0,9.77
4094,27,24423.420000000002,122.13,904.5711111111112,0,0,2024-02-26,Premium,Organic,False,837,0,122.13
4095,17,2601.95,12.99,153.05588235294115,1,0,2023-09-02,Standard,Referral,False,1014,20,12.99
4096,22,3713.79,18.57,168.80863636363637,0,0,2026-01-05,Standard,Google Ads,False,158,80,18.57
4097,18,2187.53,10.95,121.52944444444445,0,0,2025-10-05,Standard,Referral,True,250,20,10.95
4098,23,17820.47,89.1,774.803043478261,0,0,2025-07-21,Premium,Google Ads,True,326,80,89.1
4099,20,16563.27,82.8,828.1635,0,0,2025-05-10,Premium,LinkedIn,False,398,120,82.8
4100,17,14287.95,71.44,840.4676470588236,0,0,2025-07-19,Premium,Organic,False,328,0,71.44
4101,17,2348.93,11.75,138.17235294117646,1,0,2024-11-29,Standard,Referral,True,560,20,11.75
4102,16,2863.2999999999997,14.33,178.95624999999998,0,0,2024-10-09,Standard,Google Ads,False,611,80,14.33
4103,20,10121.77,50.589999999999996,506.0885,1,0,2026-01-12,Standard,Facebook Ads,False,151,60,50.589999999999996
4104,14,11801.05,59.0,842.9321428571428,0,0,2024-05-12,Premium,Organic,False,761,0,59.0
4105,16,11416.27,57.07,713.516875,0,0,2026-02-06,Premium,Organic,True,126,0,57.07
4106,17,1852.94,9.25,108.9964705882353,0,0,2023-07-28,Standard,Facebook Ads,False,1050,60,9.25
4107,17,70337.09,351.68,4137.475882352941,0,2,2023-12-25,Business,Google Ads,False,900,80,351.68
4108,19,2701.5,13.53,142.18421052631578,0,0,2024-07-17,Standard,Organic,True,695,0,13.53
4109,26,20451.49,102.27,786.5957692307693,1,0,2025-09-19,Premium,Google Ads,True,266,80,102.27
4110,22,4087.7,20.45,185.80454545454543,0,0,2024-10-17,Standard,LinkedIn,False,603,120,20.45
4111,12,56609.95,283.05,4717.495833333333,0,1,2024-01-18,Premium,Google Ads,False,876,80,283.05
4112,15,13822.05,69.09,921.4699999999999,0,0,2025-04-02,Premium,LinkedIn,False,436,120,69.09
4113,16,11847.9,59.230000000000004,740.49375,1,0,2024-04-23,Premium,Google Ads,False,780,80,59.230000000000004
4114,23,3334.84,16.68,144.9930434782609,1,0,2025-11-28,Standard,Google Ads,False,196,80,16.68
4115,20,3618.62,18.09,180.93099999999998,2,0,2025-02-19,Standard,Organic,False,478,0,18.09
4116,20,2576.65,12.9,128.8325,0,0,2024-02-07,Standard,Organic,True,856,0,12.9
4117,15,2097.33,10.47,139.822,0,0,2025-05-06,Standard,Organic,False,402,0,10.47
4118,21,6317.18,31.58,300.8180952380952,0,0,2023-10-02,Standard,Organic,True,984,0,31.58
4119,10,1483.62,7.41,148.362,1,0,2024-06-24,Standard,LinkedIn,False,718,120,7.41
4120,21,3446.44,17.22,164.11619047619047,0,0,2023-06-22,Standard,Google Ads,False,1086,80,17.22
4121,16,14622.32,73.12,913.895,0,0,2023-07-25,Premium,Google Ads,False,1053,80,73.12
4122,22,4712.24,23.54,214.19272727272727,0,0,2024-04-09,Standard,Referral,False,794,20,23.54
4123,15,2106.6,10.53,140.44,0,0,2024-05-12,Standard,Organic,False,761,0,10.53
4124,18,2700.7599999999998,13.49,150.04222222222222,0,0,2024-01-15,Standard,Referral,False,879,20,13.49
4125,17,2799.3,13.97,164.66470588235296,1,0,2024-08-08,Standard,Referral,True,673,20,13.97
4126,16,2902.33,14.49,181.395625,1,0,2026-02-22,Standard,Referral,False,110,20,14.49
4127,28,4543.14,22.7,162.25500000000002,0,0,2024-03-07,Standard,Organic,False,827,0,22.7
4128,19,3150.66,15.76,165.8242105263158,0,0,2024-12-25,Standard,Referral,False,534,20,15.76
4129,27,4116.42,20.59,152.46,1,0,2025-03-18,Standard,LinkedIn,False,451,120,20.59
4130,23,6212.1900000000005,31.080000000000002,270.09521739130435,0,0,2025-09-17,Standard,Google Ads,False,268,80,31.080000000000002
4131,18,2890.37,14.46,160.57611111111112,0,0,2024-01-02,Standard,Google Ads,False,892,80,14.46
4132,21,2952.2,14.77,140.58095238095237,0,0,2023-07-12,Standard,Google Ads,False,1066,80,14.77
4133,17,15781.14,78.9,928.3023529411764,0,1,2024-04-10,Standard,Google Ads,False,793,80,78.9
4134,17,12950.44,64.75,761.7905882352942,1,0,2026-03-24,Premium,Organic,False,80,0,64.75
4135,17,16049.259999999998,80.24,944.0741176470588,1,1,2024-02-24,Standard,Organic,False,839,0,80.24
4136,19,2625.97,13.1,138.20894736842104,1,0,2023-10-07,Standard,Google Ads,True,979,80,13.1
4137,19,2761.15,13.82,145.32368421052632,2,0,2024-07-13,Standard,Organic,False,699,0,13.82
4138,24,3197.4700000000003,15.99,133.2279166666667,2,0,2025-11-16,Standard,Google Ads,False,208,80,15.99
4139,28,21437.96,107.18,765.6414285714285,0,0,2025-02-15,Premium,Facebook Ads,False,482,60,107.18
4140,21,76034.86,380.17,3620.707619047619,1,1,2025-01-17,Premium,Referral,False,511,20,380.17
4141,24,3149.87,15.74,131.24458333333334,0,0,2024-05-05,Standard,Referral,False,768,20,15.74
4142,26,3460.05,17.29,133.07884615384617,0,0,2024-12-14,Standard,Organic,True,545,0,17.29
4143,12,1958.82,9.79,163.23499999999999,0,0,2025-06-03,Standard,Organic,False,374,0,9.79
4144,16,12825.869999999999,64.12,801.6168749999999,0,0,2023-09-06,Premium,Referral,False,1010,20,64.12
4145,17,2499.33,12.5,147.01941176470586,0,0,2025-03-10,Standard,Facebook Ads,False,459,60,12.5
4146,17,2388.25,11.93,140.48529411764707,1,0,2025-10-31,Standard,LinkedIn,False,224,120,11.93
4147,16,2255.8199999999997,11.3,140.98874999999998,0,0,2026-01-09,Standard,Organic,False,154,0,11.3
4148,21,11069.24,55.36,527.1066666666667,0,0,2025-02-07,Standard,Google Ads,True,490,80,55.36
4149,14,2235.77,11.18,159.69785714285715,1,0,2024-09-15,Standard,Organic,False,635,0,11.18
4150,18,3216.21,16.09,178.67833333333334,0,0,2024-06-29,Standard,Organic,False,713,0,16.09
4151,19,80618.53,403.09,4243.080526315789,0,1,2024-11-24,Premium,Organic,False,565,0,403.09
4152,24,3657.95,18.29,152.41458333333333,0,0,2025-03-30,Standard,Google Ads,True,439,80,18.29
4153,18,2868.2799999999997,14.35,159.34888888888887,0,0,2024-02-08,Standard,Organic,False,855,0,14.35
4154,11,1603.51,8.02,145.77363636363637,0,0,2023-06-30,Standard,Google Ads,True,1078,80,8.02
4155,20,3611.95,18.05,180.5975,1,0,2024-12-27,Standard,Organic,False,532,0,18.05
4156,23,2704.66,13.51,117.59391304347825,0,0,2025-12-09,Standard,Google Ads,True,185,80,13.51
4157,18,2480.5299999999997,12.4,137.8072222222222,0,0,2024-08-18,Standard,Organic,False,663,0,12.4
4158,25,15900.880000000001,79.5,636.0352,1,1,2025-08-05,Standard,Organic,False,311,0,79.5
4159,16,11691.49,58.449999999999996,730.718125,1,0,2025-01-23,Premium,LinkedIn,False,505,120,58.449999999999996
4160,21,3071.86,15.34,146.27904761904762,0,0,2024-09-01,Standard,Organic,False,649,0,15.34
4161,20,19654.93,98.27,982.7465,1,0,2025-11-30,Premium,Facebook Ads,False,194,60,98.27
4162,19,2965.18,14.84,156.0621052631579,1,0,2023-12-29,Standard,Facebook Ads,False,896,60,14.84
4163,15,2279.87,11.42,151.99133333333333,0,0,2023-10-21,Standard,Google Ads,False,965,80,11.42
4164,12,8971.79,44.86,747.6491666666667,1,0,2024-10-10,Premium,Google Ads,False,610,80,44.86
4165,14,7328.32,36.64,523.4514285714286,0,0,2025-06-19,Standard,Facebook Ads,False,358,60,36.64
4166,22,108876.21,544.38,4948.918636363636,0,1,2025-01-05,Business,Facebook Ads,False,523,60,544.38
4167,21,16108.93,80.55,767.0919047619047,1,0,2025-07-14,Premium,Facebook Ads,False,333,60,80.55
4168,21,2948.5,14.73,140.4047619047619,0,0,2023-10-16,Standard,Facebook Ads,False,970,60,14.73
4169,19,2726.33,13.64,143.49105263157895,0,0,2024-09-16,Standard,Referral,True,634,20,13.64
4170,26,20355.3,101.78,782.8961538461538,1,0,2023-06-24,Premium,Organic,False,1084,0,101.78
4171,17,2941.74,14.719999999999999,173.0435294117647,0,0,2024-10-06,Standard,Google Ads,False,614,80,14.719999999999999
4172,15,2081.31,10.41,138.754,0,0,2025-03-30,Standard,Google Ads,False,439,80,10.41
4173,28,3983.4900000000002,19.91,142.2675,0,0,2024-06-09,Standard,Organic,False,733,0,19.91
4174,14,2878.42,14.38,205.60142857142858,1,0,2024-03-04,Standard,Google Ads,False,830,80,14.38
4175,21,16585.89,82.93,789.8042857142857,0,0,2024-05-16,Premium,Google Ads,False,757,80,82.93
4176,21,13794.57,68.96,656.8842857142857,0,0,2024-08-30,Premium,Google Ads,False,651,80,68.96
4177,19,3265.89,16.33,171.88894736842104,0,0,2024-05-27,Standard,Referral,False,746,20,16.33
4178,19,2889.59,14.459999999999999,152.08368421052631,0,0,2023-12-14,Standard,LinkedIn,False,911,120,14.459999999999999
4179,12,39488.76,197.43,3290.73,0,1,2024-09-12,Premium,Facebook Ads,False,638,60,197.43
4180,16,12810.14,64.03999999999999,800.63375,0,0,2025-09-01,Premium,Google Ads,False,284,80,64.03999999999999
4181,22,3960.04,19.81,180.00181818181818,0,0,2024-04-23,Standard,Google Ads,False,780,80,19.81
4182,25,4151.08,20.75,166.04319999999998,1,0,2024-07-11,Standard,Organic,False,701,0,20.75
4183,17,2431.62,12.16,143.0364705882353,0,0,2024-02-28,Standard,Organic,False,835,0,12.16
4184,23,16822.91,84.12,731.4308695652173,1,0,2025-08-19,Premium,Referral,True,297,20,84.12
4185,17,2558.55,12.79,150.50294117647059,0,0,2024-12-19,Standard,Organic,False,540,0,12.79
4186,25,4376.03,21.86,175.0412,1,0,2023-06-13,Standard,Organic,False,1095,0,21.86
4187,14,12041.44,60.2,860.1028571428571,0,0,2025-07-08,Premium,LinkedIn,False,339,120,60.2
4188,12,1689.29,8.44,140.77416666666667,1,0,2026-04-29,Standard,Organic,False,44,0,8.44
4189,22,3172.75,15.85,144.2159090909091,0,0,2025-02-16,Standard,Organic,False,481,0,15.85
4190,17,2623.46,13.11,154.32117647058823,0,0,2025-12-15,Standard,Google Ads,False,179,80,13.11
4191,21,3635.27,18.17,173.10809523809525,0,0,2024-10-05,Standard,Organic,False,615,0,18.17
4192,26,74129.88,370.65999999999997,2851.149230769231,1,1,2023-12-12,Premium,Organic,False,913,0,370.65999999999997
4193,18,2786.85,13.94,154.825,0,0,2024-07-28,Standard,Organic,False,684,0,13.94
4194,23,450495.46,2252.48,19586.759130434784,1,1,2025-08-27,Business,Referral,False,289,20,2252.48
4195,20,123590.8,617.96,6179.54,0,2,2025-09-17,Business,Organic,False,268,0,617.96
4196,9,5923.070000000001,29.61,658.1188888888889,0,0,2023-06-14,Premium,Referral,False,1094,20,29.61
4197,16,17793.32,88.98,1112.0825,0,1,2024-03-16,Standard,Google Ads,False,818,80,88.98
4198,22,4140.84,20.7,188.22,0,0,2023-10-22,Standard,Organic,False,964,0,20.7
4199,21,3029.24,15.15,144.2495238095238,0,0,2024-09-19,Standard,Organic,False,631,0,15.15
4200,18,3051.07,15.25,169.5038888888889,2,0,2023-07-27,Standard,Organic,False,1051,0,15.25
4201,22,8182.59,40.91,371.9359090909091,0,0,2025-07-04,Standard,Google Ads,False,343,80,40.91
4202,24,3596.9,17.99,149.87083333333334,1,0,2025-03-22,Standard,Google Ads,False,447,80,17.99
4203,21,11986.880000000001,59.93,570.8038095238096,0,0,2025-07-21,Standard,Organic,False,326,0,59.93
4204,14,2579.9900000000002,12.879999999999999,184.28500000000003,0,0,2024-05-27,Standard,Organic,False,746,0,12.879999999999999
4205,16,3024.49,15.11,189.030625,0,0,2025-11-12,Standard,Google Ads,False,212,80,15.11
4206,22,75320.55,376.62,3423.6613636363636,0,1,2023-06-20,Premium,Facebook Ads,False,1088,60,376.62
4207,22,3320.39,16.61,150.92681818181816,1,0,2023-09-27,Standard,Referral,False,989,20,16.61
4208,27,4428.79,22.13,164.02925925925925,1,0,2025-10-16,Standard,Google Ads,False,239,80,22.13
4209,15,2625.68,13.14,175.04533333333333,0,0,2025-02-27,Standard,Google Ads,False,470,80,13.14
4210,21,2865.27,14.33,136.44142857142856,0,0,2025-05-26,Standard,Organic,False,382,0,14.33
4211,18,3324.49,16.61,184.69388888888886,1,0,2023-12-03,Standard,Organic,False,922,0,16.61
4212,23,17721.64,88.6,770.5060869565217,0,0,2025-08-03,Premium,Referral,False,313,20,88.6
4213,23,3793.21,18.96,164.92217391304348,0,0,2024-10-31,Standard,Google Ads,False,589,80,18.96
4214,19,106078.53,530.39,5583.080526315789,0,1,2024-12-18,Premium,Organic,False,541,0,530.39
4215,26,9792.12,48.949999999999996,376.62,1,0,2023-10-19,Standard,Organic,True,967,0,48.949999999999996
4216,17,13555.17,67.79,797.3629411764706,2,0,2023-08-02,Premium,Organic,False,1045,0,67.79
4217,23,3736.61,18.68,162.4613043478261,1,0,2026-03-03,Standard,Referral,False,101,20,18.68
4218,17,2872.67,14.37,168.98058823529414,1,0,2024-12-29,Standard,Organic,False,530,0,14.37
4219,17,3242.23,16.19,190.71941176470588,0,0,2025-05-20,Standard,Google Ads,True,388,80,16.19
4220,18,2117.53,10.59,117.64055555555557,1,0,2024-09-08,Standard,Referral,True,642,20,10.59
4221,19,2538.78,12.7,133.62,0,0,2026-05-07,Standard,Organic,False,36,0,12.7
4222,22,17659.05,88.29,802.6840909090909,0,0,2023-06-30,Premium,Google Ads,False,1078,80,88.29
4223,19,3140.91,15.7,165.31105263157895,0,0,2024-10-29,Standard,Organic,False,591,0,15.7
4224,19,13470.39,67.35,708.967894736842,0,1,2023-12-23,Standard,Google Ads,False,902,80,67.35
4225,16,2385.4700000000003,11.94,149.09187500000002,0,0,2025-04-29,Standard,Referral,False,409,20,11.94
4226,17,2438.58,12.2,143.44588235294117,3,0,2026-04-12,Standard,Referral,False,61,20,12.2
4227,24,3110.64,15.55,129.60999999999999,0,0,2026-03-09,Standard,Referral,False,95,20,15.55
4228,14,2150.98,10.77,153.64142857142858,0,0,2025-06-22,Standard,Referral,True,355,20,10.77
4229,28,4101.41,20.51,146.47892857142855,0,0,2024-04-04,Standard,Organic,False,799,0,20.51
4230,10,967.61,4.83,96.761,0,0,2024-04-17,Standard,Organic,False,786,0,4.83
4231,23,3868.86,19.34,168.2113043478261,0,0,2024-05-03,Standard,Organic,False,770,0,19.34
4232,14,2034.87,10.18,145.34785714285712,0,0,2024-05-05,Standard,Referral,False,768,20,10.18
4233,14,2333.02,11.67,166.6442857142857,0,0,2024-03-12,Standard,Organic,True,822,0,11.67
4234,23,3779.59,18.89,164.33,2,0,2025-04-26,Standard,Organic,False,412,0,18.89
4235,21,2624.73,13.14,124.98714285714286,0,0,2024-09-13,Standard,LinkedIn,False,637,120,13.14
4236,20,5166.77,25.85,258.3385,0,0,2025-04-04,Standard,Organic,False,434,0,25.85
4237,14,2144.7,10.73,153.19285714285712,0,0,2026-02-08,Standard,Google Ads,False,124,80,10.73
4238,25,3461.92,17.310000000000002,138.4768,0,0,2023-07-29,Standard,Facebook Ads,False,1049,60,17.310000000000002
4239,19,9277.39,46.379999999999995,488.2836842105263,0,0,2024-10-23,Standard,Google Ads,True,597,80,46.379999999999995
4240,24,3758.2400000000002,18.77,156.59333333333333,0,0,2024-08-30,Standard,LinkedIn,False,651,120,18.77
4241,33,33682.67,168.43,1020.6869696969696,0,0,2023-07-01,Premium,Google Ads,False,1077,80,168.43
4242,23,3508.68,17.57,152.5513043478261,1,0,2024-12-03,Standard,Referral,False,556,20,17.57
4243,16,81928.09,409.65000000000003,5120.505625,0,1,2023-11-22,Business,Organic,False,933,0,409.65000000000003
4244,18,15180.14,75.9,843.3411111111111,0,1,2025-11-12,Standard,Referral,False,212,20,75.9
4245,13,1692.65,8.44,130.20384615384617,1,0,2025-09-27,Standard,Organic,False,258,0,8.44
4246,13,2280.31,11.4,175.40846153846152,0,0,2026-05-19,Standard,LinkedIn,True,24,120,11.4
4247,25,18301.149999999998,91.5,732.0459999999999,0,0,2023-07-03,Premium,Organic,False,1075,0,91.5
4248,22,18545.14,92.72,842.960909090909,1,0,2024-07-22,Premium,Referral,False,690,20,92.72
4249,27,4428.16,22.13,164.0059259259259,0,0,2023-07-03,Standard,Google Ads,False,1075,80,22.13
4250,23,3575.76,17.85,155.46782608695653,0,0,2026-06-04,Standard,Organic,False,8,0,17.85
4251,19,16293.19,81.45,857.5363157894737,0,0,2024-05-15,Premium,Google Ads,False,758,80,81.45
4252,21,4175.76,20.88,198.8457142857143,0,0,2024-10-05,Standard,LinkedIn,False,615,120,20.88
4253,25,14430.36,72.17,577.2144000000001,0,1,2023-10-22,Standard,Referral,False,964,20,72.17
4254,17,2639.65,13.19,155.2735294117647,0,0,2024-01-01,Standard,Referral,False,893,20,13.19
4255,21,3136.19,15.68,149.34238095238095,0,0,2024-03-04,Standard,Organic,True,830,0,15.68
4256,30,24834.55,124.17,827.8183333333333,2,0,2024-07-15,Premium,Organic,False,697,0,124.17
4257,22,3462.5,17.31,157.38636363636363,1,0,2026-05-03,Standard,Google Ads,False,40,80,17.31
4258,23,113889.36000000002,569.45,4951.711304347827,0,1,2025-02-11,Premium,Organic,True,486,0,569.45
4259,15,2031.1100000000001,10.14,135.40733333333336,0,0,2024-08-13,Standard,Organic,False,668,0,10.14
4260,25,4081.0299999999997,20.39,163.2412,0,0,2025-06-06,Standard,Organic,False,371,0,20.39
4261,14,7251.25,36.26,517.9464285714286,0,0,2025-08-07,Standard,Google Ads,False,309,80,36.26
4262,15,2359.81,11.78,157.32066666666665,0,0,2026-04-16,Standard,Organic,False,57,0,11.78
4263,22,2905.5,14.52,132.0681818181818,1,0,2025-04-28,Standard,Facebook Ads,False,410,60,14.52
4264,31,4136.2,20.66,133.42580645161289,1,0,2023-07-05,Standard,Google Ads,False,1073,80,20.66
4265,19,3405.13,17.009999999999998,179.21736842105264,1,0,2026-06-07,Standard,Referral,False,5,20,17.009999999999998
4266,23,4079.4,20.4,177.36521739130436,0,0,2024-06-25,Standard,Organic,True,717,0,20.4
4267,21,2573.62,12.85,122.55333333333333,0,0,2025-11-19,Standard,LinkedIn,False,205,120,12.85
4268,23,3451.25,17.23,150.05434782608697,1,0,2026-04-13,Standard,Referral,True,60,20,17.23
4269,23,10610.84,53.07,461.3408695652174,1,0,2024-10-27,Standard,Google Ads,False,593,80,53.07
4270,22,2919.02,14.58,132.68272727272728,0,0,2023-12-13,Standard,Referral,False,912,20,14.58
4271,24,3418.46,17.09,142.43583333333333,0,0,2026-03-09,Standard,Google Ads,False,95,80,17.09
4272,19,3240.0299999999997,16.18,170.5278947368421,0,0,2024-01-11,Standard,Organic,False,883,0,16.18
4273,21,3836.32,19.18,182.68190476190478,0,0,2023-11-27,Standard,Referral,False,928,20,19.18
4274,20,10478.24,52.370000000000005,523.912,1,0,2024-07-05,Standard,Google Ads,False,707,80,52.370000000000005
4275,18,2968.44,14.83,164.91333333333333,0,0,2024-03-22,Standard,LinkedIn,False,812,120,14.83
4276,28,28200.24,140.98999999999998,1007.1514285714286,1,1,2023-09-15,Standard,Referral,False,1001,20,140.98999999999998
4277,31,4320.88,21.599999999999998,139.3832258064516,1,0,2025-11-23,Standard,Google Ads,False,201,80,21.599999999999998
4278,25,4191.9,20.96,167.676,0,0,2025-01-28,Standard,Organic,False,500,0,20.96
4279,19,3215.49,16.080000000000002,169.23631578947368,0,0,2023-12-10,Standard,Organic,False,915,0,16.080000000000002
4280,18,2704.98,13.55,150.27666666666667,0,0,2025-08-16,Standard,Referral,False,300,20,13.55
4281,14,9242.05,46.21,660.1464285714285,0,0,2025-09-02,Standard,Referral,False,283,20,46.21
4282,14,1943.0,9.71,138.78571428571428,0,0,2025-09-18,Standard,Google Ads,False,267,80,9.71
4283,19,17640.67,88.22000000000001,928.4563157894736,1,1,2025-05-14,Standard,Facebook Ads,False,394,60,88.22000000000001
4284,15,1909.01,9.530000000000001,127.26733333333333,0,0,2025-07-02,Standard,Referral,False,345,20,9.530000000000001
4285,17,2803.77,14.02,164.92764705882354,0,0,2026-03-14,Standard,Google Ads,False,90,80,14.02
4286,9,4327.15,21.64,480.7944444444444,0,0,2026-01-18,Premium,Facebook Ads,True,145,60,21.64
4287,18,3201.53,16.01,177.86277777777778,0,0,2025-09-01,Standard,Referral,False,284,20,16.01
4288,26,114793.63,573.96,4415.139615384615,0,2,2023-10-21,Premium,Facebook Ads,False,965,60,573.96
4289,26,15001.599999999999,75.01,576.9846153846154,0,1,2025-07-18,Standard,Facebook Ads,False,329,60,75.01
4290,13,2570.54,12.85,197.73384615384614,0,0,2025-07-31,Standard,Organic,False,316,0,12.85
4291,22,3168.1,15.85,144.00454545454545,0,0,2025-09-05,Standard,Organic,False,280,0,15.85
4292,13,2485.5299999999997,12.41,191.19461538461536,0,0,2024-02-26,Standard,Organic,False,837,0,12.41
4293,17,2740.3,13.73,161.19411764705885,0,0,2024-11-12,Standard,Organic,False,577,0,13.73
4294,18,2970.64,14.87,165.03555555555556,1,0,2024-09-03,Standard,Referral,False,647,20,14.87
4295,11,1162036.67,5810.16,105639.69727272727,1,4,2024-10-04,Business,Referral,False,616,20,5810.16
4296,25,4280.0599999999995,21.41,171.20239999999998,0,0,2024-03-25,Standard,Organic,False,809,0,21.41
4297,31,23482.39,117.42,757.4964516129032,1,1,2024-08-06,Standard,Referral,False,675,20,117.42
4298,21,2960.62,14.79,140.98190476190476,0,0,2023-10-10,Standard,Organic,False,976,0,14.79
4299,18,2963.67,14.83,164.64833333333334,0,0,2026-04-15,Standard,Referral,False,58,20,14.83
4300,13,1692.24,8.450000000000001,130.1723076923077,1,0,2026-04-14,Standard,Google Ads,False,59,80,8.450000000000001
4301,12,1552.1499999999999,7.77,129.34583333333333,0,0,2025-01-06,Standard,Referral,True,522,20,7.77
4302,18,7607.96,38.03,422.6644444444444,0,0,2024-05-02,Standard,Facebook Ads,True,771,60,38.03
4303,25,4015.13,20.06,160.6052,1,0,2023-08-17,Standard,Google Ads,False,1030,80,20.06
4304,20,4444.92,22.24,222.246,1,0,2026-06-10,Standard,Referral,False,2,20,22.24
4305,22,3069.9300000000003,15.34,139.54227272727275,0,0,2026-05-08,Standard,Facebook Ads,False,35,60,15.34
4306,26,3825.8199999999997,19.12,147.14692307692306,0,0,2024-02-04,Standard,Google Ads,True,859,80,19.12
4307,25,4025.2799999999997,20.1,161.0112,0,0,2026-05-25,Standard,Facebook Ads,False,18,60,20.1
4308,26,48773.6,243.86,1875.9076923076923,1,1,2025-02-28,Premium,Referral,False,469,20,243.86
4309,18,13358.08,66.78999999999999,742.1155555555556,2,0,2025-03-04,Premium,Organic,False,465,0,66.78999999999999
4310,27,4053.99,20.28,150.14777777777778,0,0,2024-07-05,Standard,Organic,False,707,0,20.28
4311,20,95022.4,475.1,4751.12,0,2,2024-03-29,Business,Organic,False,805,0,475.1
4312,15,2482.83,12.41,165.522,0,0,2024-01-29,Standard,Referral,False,865,20,12.41
4313,21,3491.07,17.47,166.24142857142857,1,0,2024-05-29,Standard,Facebook Ads,False,744,60,17.47
4314,19,13850.08,69.25,728.9515789473684,0,0,2026-05-03,Premium,Google Ads,False,40,80,69.25
4315,25,3679.58,18.38,147.1832,0,0,2024-12-25,Standard,Referral,False,534,20,18.38
4316,24,18984.0,94.94,791.0,0,0,2024-08-26,Premium,Google Ads,False,655,80,94.94
4317,17,2657.88,13.3,156.34588235294117,1,0,2025-04-04,Standard,Google Ads,False,434,80,13.3
4318,28,4028.7,20.14,143.88214285714284,0,0,2026-02-03,Standard,Organic,False,129,0,20.14
4319,20,19185.02,95.92,959.251,0,0,2024-07-10,Premium,Google Ads,False,702,80,95.92
4320,20,119832.12999999999,599.16,5991.6065,0,3,2024-09-15,Business,Referral,False,635,20,599.16
4321,23,20672.68,103.38,898.8121739130435,1,0,2024-10-12,Premium,Facebook Ads,False,608,60,103.38
4322,30,4615.84,23.08,153.86133333333333,0,0,2024-08-10,Standard,Organic,False,671,0,23.08
4323,22,3450.45,17.24,156.83863636363637,0,0,2023-09-11,Standard,Google Ads,False,1005,80,17.24
4324,20,2783.2,13.89,139.16,1,0,2026-01-26,Standard,Google Ads,False,137,80,13.89
4325,18,22986.649999999998,114.92,1277.036111111111,1,1,2026-03-14,Premium,LinkedIn,False,90,120,114.92
4326,16,2305.06,11.52,144.06625,0,0,2025-09-27,Standard,Organic,False,258,0,11.52
4327,17,3294.96,16.47,193.82117647058823,0,0,2024-06-16,Standard,Facebook Ads,False,726,60,16.47
4328,24,21425.46,107.11,892.7275,0,0,2024-07-31,Premium,Referral,False,681,20,107.11
4329,15,2558.2,12.780000000000001,170.54666666666665,0,0,2023-07-18,Standard,Facebook Ads,False,1060,60,12.780000000000001
4330,30,4212.25,21.08,140.40833333333333,0,0,2023-12-23,Standard,Referral,False,902,20,21.08
4331,26,5269.849999999999,26.34,202.68653846153845,0,0,2024-07-08,Standard,Facebook Ads,False,704,60,26.34
4332,18,3018.49,15.09,167.69388888888886,0,0,2024-01-03,Standard,Facebook Ads,False,891,60,15.09
4333,19,3039.01,15.19,159.94789473684213,0,0,2025-09-26,Standard,Google Ads,True,259,80,15.19
4334,20,16721.77,83.6,836.0885000000001,1,0,2025-10-11,Premium,Facebook Ads,False,244,60,83.6
4335,24,3290.71,16.43,137.11291666666668,0,0,2024-10-24,Standard,Referral,False,596,20,16.43
4336,18,2473.89,12.379999999999999,137.43833333333333,0,0,2024-07-31,Standard,LinkedIn,False,681,120,12.379999999999999
4337,19,16388.23,81.95,862.5384210526315,0,0,2024-03-07,Premium,Referral,False,827,20,81.95
4338,15,14638.3,73.2,975.8866666666667,0,1,2025-10-19,Standard,LinkedIn,False,236,120,73.2
4339,10,1525.73,7.63,152.573,0,0,2024-08-05,Standard,LinkedIn,True,676,120,7.63
4340,20,15990.32,79.97,799.516,0,0,2024-04-11,Premium,Referral,False,792,20,79.97
4341,26,4342.56,21.72,167.02153846153848,0,0,2026-04-27,Standard,Referral,False,46,20,21.72
4342,19,15484.08,77.44,814.9515789473684,0,0,2024-06-20,Premium,Organic,False,722,0,77.44
4343,23,3847.11,19.240000000000002,167.26565217391305,0,0,2024-12-05,Standard,Google Ads,True,554,80,19.240000000000002
4344,7,866.65,4.34,123.80714285714285,0,0,2023-06-14,Standard,Referral,False,1094,20,4.34
4345,21,17890.35,89.46000000000001,851.9214285714285,0,0,2023-07-10,Premium,Organic,False,1068,0,89.46000000000001
4346,26,19641.26,98.2,755.4330769230769,1,0,2025-08-24,Premium,LinkedIn,False,292,120,98.2
4347,20,3367.5,16.85,168.375,0,0,2026-03-24,Standard,Referral,False,80,20,16.85
4348,18,6306.55,31.54,350.3638888888889,0,0,2024-04-26,Standard,Referral,True,777,20,31.54
4349,21,13002.369999999999,65.0,619.1604761904762,0,1,2025-07-14,Standard,Organic,False,333,0,65.0
4350,17,2529.38,12.62,148.7870588235294,0,0,2024-01-07,Standard,Referral,False,887,20,12.62
4351,14,1998.02,9.99,142.71571428571428,0,0,2026-02-14,Standard,Facebook Ads,False,118,60,9.99
4352,15,13881.86,69.39999999999999,925.4573333333334,0,0,2025-03-06,Premium,Organic,False,463,0,69.39999999999999
4353,20,9060.53,45.3,453.02650000000006,0,0,2025-01-24,Standard,Organic,False,504,0,45.3
4354,15,99408.97,497.04,6627.264666666667,0,1,2025-02-17,Premium,Organic,True,480,0,497.04
4355,25,3500.2999999999997,17.49,140.012,1,0,2023-07-14,Standard,Referral,False,1064,20,17.49
4356,16,13287.07,66.45,830.441875,0,0,2025-04-22,Premium,Referral,False,416,20,66.45
4357,20,2775.84,13.9,138.792,0,0,2024-08-27,Standard,Facebook Ads,False,654,60,13.9
4358,31,4688.23,23.44,151.2332258064516,0,0,2025-06-25,Standard,Google Ads,False,352,80,23.44
4359,16,13984.23,69.91,874.014375,1,0,2025-06-22,Premium,Referral,False,355,20,69.91
4360,23,20445.42,102.22,888.931304347826,1,0,2024-11-28,Premium,Facebook Ads,False,561,60,102.22
4361,23,3056.38,15.31,132.88608695652175,0,0,2026-05-16,Standard,Organic,False,27,0,15.31
4362,22,3054.97,15.27,138.8622727272727,0,0,2024-09-30,Standard,Google Ads,False,620,80,15.27
4363,22,3029.55,15.129999999999999,137.7068181818182,1,0,2024-01-29,Standard,Google Ads,False,865,80,15.129999999999999
4364,15,2231.53,11.16,148.7686666666667,1,0,2026-05-09,Standard,Google Ads,False,34,80,11.16
4365,20,3616.74,18.06,180.837,0,0,2024-10-22,Standard,LinkedIn,False,598,120,18.06
4366,18,3533.6,17.67,196.3111111111111,1,0,2024-04-14,Standard,Google Ads,False,789,80,17.67
4367,29,3753.02,18.77,129.4144827586207,1,0,2023-07-19,Standard,LinkedIn,False,1059,120,18.77
4368,15,12624.04,63.129999999999995,841.6026666666668,1,0,2025-01-31,Premium,Organic,True,497,0,63.129999999999995
4369,13,2061.89,10.31,158.60692307692307,1,0,2024-05-28,Standard,Organic,False,745,0,10.31
4370,24,10033.32,50.14,418.055,0,0,2025-03-27,Standard,Referral,False,442,20,50.14
4371,20,2848.58,14.24,142.429,1,0,2025-05-16,Standard,Facebook Ads,False,392,60,14.24
4372,16,2480.88,12.39,155.055,0,0,2024-10-24,Standard,Organic,False,596,0,12.39
4373,20,14903.06,74.50999999999999,745.153,0,1,2025-02-25,Standard,Facebook Ads,False,472,60,74.50999999999999
4374,18,12367.15,61.85,687.0638888888889,0,0,2026-01-13,Premium,LinkedIn,False,150,120,61.85
4375,12,1389.77,6.94,115.81416666666667,0,0,2024-07-22,Standard,Google Ads,False,690,80,6.94
4376,19,102841.66,514.22,5412.718947368421,0,1,2025-07-23,Business,Organic,True,324,0,514.22
4377,24,113389.76000000001,566.97,4724.573333333334,0,1,2023-09-24,Business,Google Ads,False,992,80,566.97
4378,15,2764.23,13.84,184.282,1,0,2024-05-06,Standard,Google Ads,False,767,80,13.84
4379,8,1627.45,8.129999999999999,203.43125,0,0,2023-07-21,Standard,Google Ads,False,1057,80,8.129999999999999
4380,13,9299.76,46.49,715.3661538461539,0,0,2024-04-27,Premium,Referral,False,776,20,46.49
4381,18,3312.38,16.57,184.0211111111111,0,0,2025-05-22,Standard,Organic,False,386,0,16.57
4382,20,3895.12,19.48,194.756,0,0,2025-10-09,Standard,Organic,False,246,0,19.48
4383,13,5815.13,29.08,447.3176923076923,0,0,2025-03-05,Standard,Organic,False,464,0,29.08
4384,19,2755.01,13.77,145.00052631578947,0,0,2025-07-25,Standard,Facebook Ads,False,322,60,13.77
4385,18,2615.75,13.09,145.31944444444446,0,0,2026-05-17,Standard,Organic,False,26,0,13.09
4386,23,11682.27,58.42,507.9247826086957,0,0,2025-07-20,Standard,Referral,False,327,20,58.42
4387,19,15482.539999999999,77.42,814.8705263157894,0,1,2026-04-20,Standard,LinkedIn,False,53,120,77.42
4388,18,16079.880000000001,80.42,893.3266666666667,0,0,2023-07-25,Premium,Google Ads,False,1053,80,80.42
4389,16,3118.37,15.6,194.898125,0,0,2025-02-17,Standard,Facebook Ads,False,480,60,15.6
4390,21,20021.45,100.11000000000001,953.402380952381,2,1,2023-12-27,Standard,Organic,False,898,0,100.11000000000001
4391,23,2867.7400000000002,14.35,124.68434782608696,0,0,2025-07-30,Standard,Referral,False,317,20,14.35
4392,12,10077.34,50.39,839.7783333333333,0,0,2025-05-16,Premium,Google Ads,False,392,80,50.39
4393,21,16022.32,80.13,762.967619047619,0,0,2025-12-29,Premium,Organic,False,165,0,80.13
4394,23,18099.71,90.49,786.9439130434782,1,0,2026-02-15,Premium,Facebook Ads,True,117,60,90.49
4395,21,17551.04,87.76,835.7638095238095,0,0,2025-11-07,Premium,LinkedIn,False,217,120,87.76
4396,25,18769.56,93.84,750.7824,0,0,2025-10-20,Premium,Google Ads,False,235,80,93.84
4397,16,12099.84,60.51,756.24,1,0,2023-11-15,Premium,Organic,False,940,0,60.51
4398,23,15361.17,76.78,667.8769565217391,0,0,2025-12-11,Premium,LinkedIn,False,183,120,76.78
4399,21,108626.53,543.14,5172.691904761905,0,3,2023-07-31,Business,Referral,True,1047,20,543.14
4400,24,3555.4,17.77,148.14166666666668,0,0,2025-12-30,Standard,Referral,False,164,20,17.77
4401,24,3021.34,15.1,125.88916666666667,0,0,2025-01-09,Standard,Referral,False,519,20,15.1
4402,24,3819.2799999999997,19.09,159.13666666666666,0,0,2024-02-01,Standard,Referral,True,862,20,19.09
4403,22,23670.39,118.35,1075.9268181818181,1,0,2026-02-25,Premium,Google Ads,False,107,80,118.35
4404,15,2893.44,14.469999999999999,192.89600000000002,0,0,2025-03-28,Standard,LinkedIn,False,441,120,14.469999999999999
4405,22,501154.43000000005,2505.77,22779.746818181822,0,6,2025-01-23,Business,Organic,False,505,0,2505.77
4406,25,4628.68,23.16,185.1472,0,0,2024-03-14,Standard,Google Ads,False,820,80,23.16
4407,22,3693.8,18.46,167.9,0,0,2024-09-04,Standard,Facebook Ads,False,646,60,18.46
4408,9,7504.83,37.53,833.87,0,0,2025-01-13,Premium,Referral,False,515,20,37.53
4409,14,2290.45,11.46,163.60357142857143,0,0,2025-07-18,Standard,Google Ads,False,329,80,11.46
4410,11,12055.3,60.28,1095.9363636363635,0,0,2025-04-11,Premium,Referral,False,427,20,60.28
4411,18,3190.08,15.94,177.22666666666666,0,0,2024-04-13,Standard,Organic,False,790,0,15.94
4412,13,1868.38,9.36,143.72153846153847,0,0,2024-10-07,Standard,Google Ads,False,613,80,9.36
4413,24,3837.9900000000002,19.2,159.91625000000002,0,0,2024-07-08,Standard,Google Ads,False,704,80,19.2
4414,21,9474.02,47.36,451.1438095238095,0,0,2024-08-02,Standard,Facebook Ads,False,679,60,47.36
4415,20,8411.55,42.07,420.5775,0,0,2026-03-03,Standard,LinkedIn,False,101,120,42.07
4416,21,15098.97,75.52,718.9985714285714,1,0,2023-09-03,Premium,LinkedIn,False,1013,120,75.52
4417,25,3922.9,19.63,156.916,1,0,2025-08-05,Standard,Google Ads,False,311,80,19.63
4418,21,3826.48,19.13,182.21333333333334,1,0,2024-12-09,Standard,Google Ads,False,550,80,19.13
4419,26,18500.79,92.52,711.5688461538462,0,0,2024-09-26,Premium,Organic,False,624,0,92.52
4420,27,4084.33,20.42,151.2714814814815,0,0,2024-10-14,Standard,Referral,False,606,20,20.42
4421,17,1911.73,9.549999999999999,112.45470588235294,0,0,2024-06-11,Standard,LinkedIn,False,731,120,9.549999999999999
4422,23,7831.15,39.16,340.48478260869564,0,0,2025-04-08,Standard,Referral,False,430,20,39.16
4423,21,16422.3,82.12,782.0142857142857,0,0,2024-04-23,Premium,LinkedIn,False,780,120,82.12
4424,21,38281.93,191.39,1822.9490476190476,0,1,2023-12-09,Premium,Google Ads,False,916,80,191.39
4425,12,1667.07,8.33,138.92249999999999,1,0,2024-08-09,Standard,Referral,False,672,20,8.33
4426,22,3023.85,15.1,137.44772727272726,0,0,2025-01-28,Standard,Organic,False,500,0,15.1
4427,22,3062.1,15.31,139.18636363636364,0,0,2023-10-01,Standard,Google Ads,False,985,80,15.31
4428,22,3103.87,15.52,141.085,1,0,2023-12-12,Standard,LinkedIn,False,913,120,15.52
4429,17,91140.82,455.71,5361.224705882353,0,1,2024-04-25,Business,Referral,False,778,20,455.71
4430,16,2804.52,14.01,175.2825,0,0,2025-09-13,Standard,Referral,False,272,20,14.01
4431,16,2302.41,11.51,143.900625,0,0,2025-07-08,Standard,Google Ads,True,339,80,11.51
4432,16,15445.01,77.22,965.313125,0,1,2025-07-06,Standard,Referral,False,341,20,77.22
4433,14,11631.06,58.15,830.79,0,0,2024-07-20,Premium,Organic,True,692,0,58.15
4434,29,4353.2,21.74,150.1103448275862,0,0,2023-11-21,Standard,Organic,False,934,0,21.74
4435,17,2890.21,14.459999999999999,170.01235294117646,0,0,2024-11-28,Standard,Organic,False,561,0,14.459999999999999
4436,17,69280.76,346.40999999999997,4075.3388235294115,0,1,2025-06-13,Business,Referral,False,364,20,346.40999999999997
4437,26,19571.88,97.87,752.7646153846155,0,0,2025-09-15,Premium,Referral,True,270,20,97.87
4438,28,8332.82,41.65,297.6007142857143,0,0,2026-01-16,Standard,Referral,False,147,20,41.65
4439,16,84709.73,423.55,5294.358125,0,1,2026-05-06,Business,Organic,False,37,0,423.55
4440,24,4133.4,20.67,172.225,1,0,2024-11-24,Standard,Google Ads,False,565,80,20.67
4441,14,79108.94,395.55,5650.638571428572,0,0,2024-06-29,Business,Referral,False,713,20,395.55
4442,27,4204.72,21.05,155.73037037037037,0,0,2024-03-21,Standard,Referral,True,813,20,21.05
4443,22,3337.77,16.7,151.71681818181818,0,0,2023-06-15,Standard,Organic,False,1093,0,16.7
4444,17,11957.43,59.78,703.3782352941176,0,0,2024-03-24,Premium,Organic,False,810,0,59.78
4445,22,8349.34,41.76,379.51545454545453,0,0,2024-02-13,Standard,Facebook Ads,False,850,60,41.76
4446,17,12752.4,63.76,750.1411764705882,0,0,2025-04-01,Premium,Referral,False,437,20,63.76
4447,22,10592.73,52.989999999999995,481.4877272727272,0,0,2024-02-28,Standard,Organic,False,835,0,52.989999999999995
4448,21,4896.67,24.47,233.1747619047619,0,0,2025-06-20,Standard,Referral,False,357,20,24.47
4449,20,2667.09,13.32,133.3545,0,0,2026-01-13,Standard,Organic,False,150,0,13.32
4450,19,5861.64,29.3,308.50736842105266,0,0,2025-02-22,Standard,Facebook Ads,False,475,60,29.3
4451,28,23138.51,115.7,826.3753571428571,1,0,2023-11-05,Premium,Organic,False,950,0,115.7
4452,27,23936.510000000002,119.68,886.5374074074075,0,0,2023-07-30,Premium,Google Ads,False,1048,80,119.68
4453,24,12961.24,64.78,540.0516666666666,1,1,2025-07-26,Standard,LinkedIn,True,321,120,64.78
4454,9,8346.34,41.730000000000004,927.3711111111111,0,0,2025-03-27,Premium,Facebook Ads,False,442,60,41.730000000000004
4455,20,16169.96,80.84,808.4979999999999,1,0,2024-09-04,Premium,Organic,False,646,0,80.84
4456,17,1983.6399999999999,9.95,116.68470588235293,0,0,2023-12-09,Standard,Organic,False,916,0,9.95
4457,23,4026.92,20.14,175.08347826086955,0,0,2024-08-08,Standard,Google Ads,True,673,80,20.14
4458,13,31060.98,155.3,2389.306153846154,0,1,2025-06-18,Premium,Organic,False,359,0,155.3
4459,23,18196.96,90.98,791.1721739130435,0,0,2023-10-20,Premium,Google Ads,False,966,80,90.98
4460,17,2399.29,12.02,141.13470588235293,0,0,2026-04-30,Standard,Google Ads,False,43,80,12.02
4461,26,3691.56,18.45,141.9830769230769,0,0,2024-08-05,Standard,Organic,False,676,0,18.45
4462,18,3892.86,19.47,216.27,0,0,2023-12-06,Standard,Organic,False,919,0,19.47
4463,17,2842.01,14.21,167.17705882352942,0,0,2026-06-11,Standard,Google Ads,False,1,80,14.21
4464,23,3137.27,15.69,136.40304347826086,0,0,2023-07-23,Standard,Organic,True,1055,0,15.69
4465,23,14748.45,73.71000000000001,641.2369565217392,0,0,2023-11-15,Premium,Google Ads,False,940,80,73.71000000000001
4466,14,2638.75,13.18,188.48214285714286,0,0,2024-04-24,Standard,Google Ads,False,779,80,13.18
4467,10,1664.28,8.33,166.428,0,0,2023-07-19,Standard,Facebook Ads,False,1059,60,8.33
4468,23,18197.04,91.01,791.1756521739131,0,0,2025-04-22,Premium,Organic,True,416,0,91.01
4469,20,3335.87,16.69,166.7935,0,0,2024-02-20,Standard,Google Ads,False,843,80,16.69
4470,9,1329.3600000000001,6.63,147.70666666666668,0,0,2023-10-31,Standard,Organic,False,955,0,6.63
4471,10,7717.56,38.58,771.7560000000001,0,0,2025-09-02,Premium,Google Ads,False,283,80,38.58
4472,22,100463.16,502.31,4566.507272727273,0,1,2026-01-11,Business,Organic,False,152,0,502.31
4473,19,2783.33,13.94,146.49105263157895,0,0,2023-09-02,Standard,Referral,False,1014,20,13.94
4474,19,12501.64,62.519999999999996,657.9810526315789,0,0,2026-03-06,Premium,Facebook Ads,False,98,60,62.519999999999996
4475,18,2820.1,14.1,156.67222222222222,1,0,2024-11-10,Standard,LinkedIn,False,579,120,14.1
4476,18,2717.73,13.59,150.985,0,0,2025-12-09,Standard,Organic,False,185,0,13.59
4477,26,3954.7999999999997,19.75,152.1076923076923,0,0,2025-10-04,Standard,Referral,True,251,20,19.75
4478,15,2623.6,13.12,174.90666666666667,1,0,2025-07-28,Standard,Organic,False,319,0,13.12
4479,19,2496.09,12.5,131.37315789473686,0,0,2026-04-23,Standard,Organic,False,50,0,12.5
4480,21,3507.61,17.52,167.02904761904762,1,0,2026-01-06,Standard,Google Ads,False,157,80,17.52
4481,13,2134.37,10.66,164.1823076923077,1,0,2025-09-04,Standard,Google Ads,False,281,80,10.66
4482,21,2644.3,13.23,125.91904761904763,1,0,2026-03-29,Standard,LinkedIn,False,75,120,13.23
4483,25,11538.2,57.68,461.528,0,0,2024-09-09,Standard,LinkedIn,False,641,120,57.68
4484,20,3414.29,17.07,170.7145,0,0,2026-03-05,Standard,Facebook Ads,False,99,60,17.07
4485,16,19731.109999999997,98.64999999999999,1233.1943749999998,0,1,2026-05-24,Standard,Organic,True,19,0,98.64999999999999
4486,18,10385.25,51.949999999999996,576.9583333333334,0,0,2025-07-02,Standard,LinkedIn,False,345,120,51.949999999999996
4487,16,2542.73,12.69,158.920625,0,0,2023-06-29,Standard,Referral,False,1079,20,12.69
4488,19,12637.54,63.18,665.1336842105263,0,1,2024-05-05,Standard,Google Ads,False,768,80,63.18
4489,28,4630.7300000000005,23.14,165.3832142857143,0,0,2023-10-11,Standard,Organic,False,975,0,23.14
4490,18,2879.47,14.379999999999999,159.97055555555553,1,0,2025-09-29,Standard,Google Ads,False,256,80,14.379999999999999
4491,17,2914.29,14.58,171.42882352941177,0,0,2025-02-22,Standard,Organic,False,475,0,14.58
4492,18,28626.46,143.11,1590.358888888889,0,1,2026-02-25,Premium,Referral,False,107,20,143.11
4493,16,2332.12,11.66,145.7575,0,0,2025-11-22,Standard,Google Ads,False,202,80,11.66
4494,22,88933.72000000002,444.65999999999997,4042.4418181818187,0,1,2023-06-19,Premium,Google Ads,False,1089,80,444.65999999999997
4495,22,8414.03,42.07,382.45590909090913,1,0,2025-09-06,Standard,LinkedIn,True,279,120,42.07
4496,17,24460.870000000003,122.32,1438.874705882353,1,1,2025-11-25,Standard,Referral,False,199,20,122.32
4497,20,2274.99,11.38,113.74949999999998,1,0,2026-01-25,Standard,Facebook Ads,False,138,60,11.38
4498,20,91497.23,457.51,4574.8615,0,1,2026-02-06,Business,Referral,False,126,20,457.51
4499,16,1804.0,9.01,112.75,1,0,2024-01-24,Standard,Organic,False,870,0,9.01
4500,21,129302.34,646.54,6157.254285714285,1,2,2023-06-29,Business,Organic,False,1079,0,646.54
4501,16,14746.74,73.73,921.67125,0,0,2023-12-09,Premium,Referral,False,916,20,73.73
4502,19,16404.239999999998,82.02,863.3810526315789,0,0,2026-01-04,Premium,Google Ads,False,159,80,82.02
4503,19,34852.43,174.26000000000002,1834.3384210526317,0,1,2025-11-29,Premium,Facebook Ads,True,195,60,174.26000000000002
4504,12,1620.56,8.09,135.04666666666665,1,0,2023-07-07,Standard,Google Ads,False,1071,80,8.09
4505,19,2303.7400000000002,11.51,121.24947368421054,0,0,2024-03-31,Standard,Organic,False,803,0,11.51
4506,18,2920.82,14.61,162.26777777777778,0,0,2024-10-07,Standard,Google Ads,True,613,80,14.61
4507,16,10278.67,51.42,642.416875,0,0,2026-05-10,Premium,LinkedIn,False,33,120,51.42
4508,20,2629.73,13.14,131.4865,1,0,2023-07-15,Standard,Google Ads,False,1063,80,13.14
4509,17,11421.84,57.1,671.8729411764706,0,0,2023-07-25,Premium,Organic,False,1053,0,57.1
4510,23,3219.06,16.080000000000002,139.9591304347826,2,0,2024-09-05,Standard,Referral,False,645,20,16.080000000000002
4511,23,17300.87,86.49,752.2117391304347,1,0,2023-09-07,Premium,Organic,False,1009,0,86.49
4512,17,2293.53,11.48,134.91352941176473,0,0,2023-08-17,Standard,Google Ads,False,1030,80,11.48
4513,11,1377.49,6.87,125.22636363636364,0,0,2024-04-10,Standard,Google Ads,False,793,80,6.87
4514,25,3627.85,18.14,145.114,0,0,2026-05-29,Standard,Google Ads,False,14,80,18.14
4515,21,3044.48,15.24,144.9752380952381,2,0,2024-10-18,Standard,Organic,False,602,0,15.24
4516,15,11543.93,57.71,769.5953333333333,0,0,2023-09-16,Premium,Organic,False,1000,0,57.71
4517,21,3281.8,16.4,156.2761904761905,0,0,2026-04-15,Standard,Referral,False,58,20,16.4
4518,19,18411.77,92.07000000000001,969.0405263157895,0,0,2026-04-24,Premium,Google Ads,False,49,80,92.07000000000001
4519,17,2869.79,14.33,168.81117647058824,0,0,2023-12-07,Standard,Google Ads,False,918,80,14.33
4520,23,3300.6,16.509999999999998,143.50434782608696,0,0,2024-09-20,Standard,LinkedIn,False,630,120,16.509999999999998
4521,15,86074.47,430.37,5738.298,1,1,2025-06-14,Business,Google Ads,False,363,80,430.37
4522,22,3525.62,17.6,160.25545454545454,2,0,2023-11-09,Standard,Referral,False,946,20,17.6
4523,21,20960.260000000002,104.83,998.1076190476191,0,0,2025-01-21,Premium,Referral,False,507,20,104.83
4524,13,1974.16,9.870000000000001,151.85846153846154,0,0,2025-04-21,Standard,Organic,False,417,0,9.870000000000001
4525,22,3621.56,18.09,164.61636363636364,1,0,2024-04-26,Standard,Organic,False,777,0,18.09
4526,20,15234.89,76.19,761.7445,0,0,2024-09-01,Premium,LinkedIn,False,649,120,76.19
4527,21,2910.6,14.55,138.6,0,0,2023-10-13,Standard,Referral,False,973,20,14.55
4528,17,8693.849999999999,43.480000000000004,511.4029411764705,0,0,2023-09-22,Standard,Organic,False,994,0,43.480000000000004
4529,20,17833.43,89.17,891.6715,0,0,2025-10-02,Premium,Google Ads,False,253,80,89.17
4530,15,27036.71,135.18,1802.4473333333333,0,1,2024-11-02,Premium,Organic,False,587,0,135.18
4531,27,4526.95,22.62,167.6648148148148,0,0,2024-03-28,Standard,Referral,False,806,20,22.62
4532,19,102878.23,514.4,5414.643684210526,1,1,2025-01-16,Business,Referral,False,512,20,514.4
4533,17,14538.71,72.69,855.2182352941176,2,0,2024-02-03,Premium,Google Ads,False,860,80,72.69
4534,15,11965.880000000001,59.83,797.7253333333334,0,0,2025-05-06,Premium,Facebook Ads,False,402,60,59.83
4535,27,3365.74,16.82,124.65703703703703,0,0,2023-11-21,Standard,Organic,False,934,0,16.82
4536,23,3509.14,17.55,152.57130434782607,1,0,2023-09-20,Standard,Google Ads,False,996,80,17.55
4537,14,11664.99,58.32,833.2135714285714,0,0,2026-03-21,Premium,Facebook Ads,True,83,60,58.32
4538,21,119865.87,599.3199999999999,5707.898571428571,0,4,2025-04-27,Business,Organic,False,411,0,599.3199999999999
4539,20,16191.94,80.95,809.597,0,0,2026-04-17,Premium,Google Ads,False,56,80,80.95
4540,18,2752.02,13.76,152.89,1,0,2026-03-25,Standard,Google Ads,False,79,80,13.76
4541,15,13415.48,67.07000000000001,894.3653333333333,0,0,2025-07-15,Premium,Google Ads,False,332,80,67.07000000000001
4542,20,2711.6,13.549999999999999,135.57999999999998,0,0,2024-04-19,Standard,Organic,True,784,0,13.549999999999999
4543,22,3765.05,18.82,171.13863636363638,1,0,2025-02-20,Standard,Organic,True,477,0,18.82
4544,25,4386.05,21.939999999999998,175.442,0,0,2025-06-08,Standard,Organic,False,369,0,21.939999999999998
4545,26,3905.7000000000003,19.54,150.2192307692308,0,0,2024-03-07,Standard,Referral,False,827,20,19.54
4546,12,1794.02,8.97,149.50166666666667,0,0,2025-05-19,Standard,Referral,False,389,20,8.97
4547,21,32353.329999999998,161.78,1540.6347619047617,0,1,2024-01-12,Premium,Referral,True,882,20,161.78
4548,19,2392.41,11.959999999999999,125.91631578947367,0,0,2025-07-31,Standard,Organic,False,316,0,11.959999999999999
4549,24,3732.02,18.68,155.50083333333333,0,0,2024-11-27,Standard,Referral,False,562,20,18.68
4550,20,3158.79,15.79,157.9395,0,0,2024-01-14,Standard,Google Ads,False,880,80,15.79
4551,19,2986.91,14.92,157.2057894736842,0,0,2025-07-21,Standard,Facebook Ads,False,326,60,14.92
4552,19,2525.1,12.61,132.9,0,0,2023-09-11,Standard,Google Ads,False,1005,80,12.61
4553,13,57647.55,288.23,4434.426923076923,0,2,2025-11-21,Business,Facebook Ads,True,203,60,288.23
4554,14,19597.260000000002,98.0,1399.804285714286,0,1,2023-09-01,Standard,Facebook Ads,False,1015,60,98.0
4555,20,2815.03,14.09,140.75150000000002,0,0,2024-04-05,Standard,Google Ads,False,798,80,14.09
4556,17,2955.77,14.78,173.86882352941177,0,0,2024-10-10,Standard,LinkedIn,True,610,120,14.78
4557,21,3254.34,16.27,154.96857142857144,0,0,2025-01-22,Standard,Facebook Ads,False,506,60,16.27
4558,26,22641.35,113.18,870.8211538461538,0,0,2025-10-11,Premium,Organic,False,244,0,113.18
4559,23,3492.18,17.48,151.83391304347825,0,0,2023-07-12,Standard,Facebook Ads,True,1066,60,17.48
4560,30,5439.98,27.2,181.33266666666665,0,0,2024-08-07,Standard,Facebook Ads,False,674,60,27.2
4561,17,2218.75,11.11,130.51470588235293,0,0,2025-12-13,Standard,Organic,False,181,0,11.11
4562,19,5414.99,27.1,284.9994736842105,1,0,2024-02-20,Standard,Google Ads,False,843,80,27.1
4563,23,3173.36,15.879999999999999,137.9721739130435,0,0,2023-11-12,Standard,Google Ads,False,943,80,15.879999999999999
4564,15,132809.75,664.07,8853.983333333334,1,3,2026-02-24,Business,Referral,True,108,20,664.07
4565,20,16686.59,83.44,834.3295,0,0,2023-11-06,Premium,Facebook Ads,False,949,60,83.44
4566,25,3581.64,17.88,143.2656,1,0,2025-06-14,Standard,Google Ads,False,363,80,17.88
4567,16,14405.099999999999,72.03999999999999,900.3187499999999,0,0,2024-04-07,Premium,Referral,False,796,20,72.03999999999999
4568,20,3785.77,18.94,189.2885,1,0,2025-04-26,Standard,Referral,True,412,20,18.94
4569,16,2548.6,12.74,159.2875,1,0,2026-02-12,Standard,Organic,False,120,0,12.74
4570,21,5929.33,29.64,282.3490476190476,1,0,2023-11-16,Standard,Organic,False,939,0,29.64
4571,21,16695.1,83.47,795.0047619047618,0,0,2024-10-25,Premium,Organic,False,595,0,83.47
4572,22,2977.7999999999997,14.89,135.35454545454544,0,0,2026-03-18,Standard,Organic,False,86,0,14.89
4573,20,15066.22,75.33,753.3109999999999,1,0,2025-01-04,Premium,Google Ads,False,524,80,75.33
4574,16,9794.79,48.95,612.174375,1,0,2024-02-13,Premium,LinkedIn,False,850,120,48.95
4575,24,3807.21,19.04,158.63375,0,0,2024-02-02,Standard,Referral,True,861,20,19.04
4576,23,48234.56,241.17999999999998,2097.1547826086958,0,1,2023-10-18,Premium,Organic,True,968,0,241.17999999999998
4577,18,23956.96,119.8,1330.9422222222222,0,1,2026-01-03,Premium,Organic,False,160,0,119.8
4578,18,2770.02,13.88,153.89,0,0,2025-12-20,Standard,Google Ads,False,174,80,13.88
4579,25,4230.4,21.15,169.21599999999998,1,0,2023-10-14,Standard,Google Ads,False,972,80,21.15
4580,17,3221.9,16.12,189.5235294117647,0,0,2024-07-30,Standard,Organic,True,682,0,16.12
4581,21,115352.55,576.78,5492.978571428572,0,2,2024-08-22,Business,Google Ads,True,659,80,576.78
4582,17,16095.06,80.5,946.7682352941176,0,0,2025-03-03,Premium,Organic,False,466,0,80.5
4583,17,2654.18,13.27,156.12823529411764,0,0,2024-09-03,Standard,Google Ads,False,647,80,13.27
4584,24,21456.55,107.28,894.0229166666667,0,0,2024-10-02,Premium,Google Ads,False,618,80,107.28
4585,30,3973.81,19.86,132.46033333333332,0,0,2025-03-29,Standard,Referral,False,440,20,19.86
4586,24,8835.95,44.18,368.1645833333334,1,0,2023-07-24,Standard,Facebook Ads,False,1054,60,44.18
4587,11,23354.06,116.74999999999999,2123.0963636363635,0,1,2024-08-08,Standard,Organic,False,673,0,116.74999999999999
4588,24,3839.9,19.22,159.99583333333334,0,0,2023-09-06,Standard,Referral,False,1010,20,19.22
4589,17,2880.84,14.4,169.46117647058824,1,0,2024-04-03,Standard,Facebook Ads,True,800,60,14.4
4590,13,1639.28,8.21,126.09846153846154,0,0,2023-09-06,Standard,Organic,False,1010,0,8.21
4591,22,22030.63,110.15,1001.3922727272728,0,0,2025-11-24,Premium,Facebook Ads,False,200,60,110.15
4592,19,11522.86,57.6,606.4663157894737,0,0,2024-02-21,Premium,Referral,True,842,20,57.6
4593,22,19582.09,97.9,890.095,0,0,2025-07-08,Premium,Referral,False,339,20,97.9
4594,22,105900.3,529.51,4813.650000000001,0,1,2025-06-24,Business,Referral,False,353,20,529.51
4595,18,2951.16,14.76,163.95333333333332,0,0,2023-07-31,Standard,Facebook Ads,False,1047,60,14.76
4596,24,18973.66,94.85,790.5691666666667,0,0,2026-01-24,Premium,Organic,False,139,0,94.85
4597,21,3281.11,16.41,156.24333333333334,0,0,2024-11-13,Standard,Google Ads,False,576,80,16.41
4598,22,14357.85,71.77,652.6295454545455,0,0,2024-05-21,Premium,Organic,True,752,0,71.77
4599,19,2961.66,14.83,155.87684210526314,0,0,2023-07-15,Standard,Organic,False,1063,0,14.83
4600,26,20201.07,101.02,776.9642307692308,0,0,2024-01-23,Premium,Organic,True,871,0,101.02
4601,22,3104.35,15.53,141.10681818181817,0,0,2025-07-17,Standard,Referral,False,330,20,15.53
4602,24,3212.53,16.05,133.85541666666668,0,0,2025-07-16,Standard,Organic,False,331,0,16.05
4603,19,179757.58000000002,898.78,9460.925263157895,1,2,2024-04-10,Business,Facebook Ads,True,793,60,898.78
4604,26,295708.39,1478.53,11373.399615384616,0,4,2025-02-28,Business,Google Ads,False,469,80,1478.53
4605,24,4162.15,20.82,173.42291666666665,0,0,2023-08-21,Standard,Google Ads,False,1026,80,20.82
4606,18,2850.08,14.25,158.33777777777777,2,0,2024-07-05,Standard,Organic,False,707,0,14.25
4607,13,2263.35,11.34,174.10384615384615,0,0,2024-06-18,Standard,Organic,False,724,0,11.34
4608,17,2903.77,14.51,170.81,0,0,2023-09-29,Standard,Google Ads,True,987,80,14.51
4609,24,18123.32,90.64999999999999,755.1383333333333,0,1,2025-12-30,Standard,Facebook Ads,False,164,60,90.64999999999999
4610,21,4050.8,20.27,192.8952380952381,1,0,2023-12-26,Standard,Organic,False,899,0,20.27
4611,11,1830.04,9.15,166.36727272727273,0,0,2025-12-31,Standard,Google Ads,False,163,80,9.15
4612,21,11561.18,57.809999999999995,550.532380952381,0,0,2025-09-06,Standard,Referral,False,279,20,57.809999999999995
4613,25,22783.64,113.92,911.3456,0,0,2023-10-14,Premium,Organic,True,972,0,113.92
4614,20,2975.16,14.91,148.75799999999998,0,0,2025-06-17,Standard,Referral,False,360,20,14.91
4615,29,15711.93,78.55,541.7906896551724,0,1,2023-08-26,Standard,Google Ads,False,1021,80,78.55
4616,17,247623.87,1238.1100000000001,14566.11,0,1,2026-03-23,Business,Referral,False,81,20,1238.1100000000001
4617,20,2766.15,13.84,138.3075,0,0,2024-06-26,Standard,Google Ads,False,716,80,13.84
4618,22,17705.84,88.51,804.8109090909091,0,0,2023-07-30,Premium,Google Ads,False,1048,80,88.51
4619,21,16782.84,83.91,799.1828571428572,0,0,2026-02-25,Premium,Facebook Ads,False,107,60,83.91
4620,20,13987.98,69.95,699.399,0,0,2025-04-08,Premium,Facebook Ads,False,430,60,69.95
4621,21,3220.98,16.09,153.38,0,0,2026-01-03,Standard,Google Ads,True,160,80,16.09
4622,19,7716.700000000001,38.57,406.14210526315793,2,0,2025-08-13,Standard,Facebook Ads,False,303,60,38.57
4623,20,14809.67,74.06,740.4835,0,0,2025-02-05,Premium,LinkedIn,False,492,120,74.06
4624,15,85467.01999999999,427.34,5697.801333333333,0,1,2023-12-16,Premium,LinkedIn,False,909,120,427.34
4625,28,4656.24,23.28,166.2942857142857,1,0,2025-11-22,Standard,Google Ads,False,202,80,23.28
4626,30,4147.56,20.75,138.252,0,0,2025-05-14,Standard,Google Ads,False,394,80,20.75
4627,27,3732.85,18.69,138.2537037037037,0,0,2024-10-10,Standard,Google Ads,False,610,80,18.69
4628,14,58944.520000000004,294.73,4210.322857142857,0,1,2023-09-16,Business,Referral,False,1000,20,294.73
4629,20,4550.03,22.77,227.5015,0,0,2023-12-05,Standard,LinkedIn,False,920,120,22.77
4630,24,2994.89,14.96,124.78708333333333,0,0,2025-04-30,Standard,Google Ads,False,408,80,14.96
4631,18,2701.38,13.49,150.07666666666668,0,0,2025-12-17,Standard,Facebook Ads,False,177,60,13.49
4632,21,14209.369999999999,71.06,676.6366666666667,0,0,2025-03-03,Premium,Organic,False,466,0,71.06
4633,16,2639.4,13.19,164.9625,0,0,2025-01-18,Standard,Referral,False,510,20,13.19
4634,20,10859.89,54.3,542.9945,0,0,2025-02-22,Standard,Google Ads,False,475,80,54.3
4635,21,3144.04,15.72,149.71619047619046,0,0,2023-10-09,Standard,Google Ads,False,977,80,15.72
4636,18,68801.2,344.02,3822.288888888889,0,1,2025-12-22,Premium,Referral,False,172,20,344.02
4637,18,2360.43,11.8,131.135,2,0,2025-03-21,Standard,Referral,False,448,20,11.8
4638,15,69148.74,345.73999999999995,4609.916,1,1,2025-07-28,Premium,Google Ads,False,319,80,345.73999999999995
4639,16,2518.3,12.59,157.39375,0,0,2023-12-13,Standard,Google Ads,False,912,80,12.59
4640,15,3079.65,15.4,205.31,1,0,2026-02-25,Standard,Organic,False,107,0,15.4
4641,14,2192.77,10.97,156.62642857142856,1,0,2023-10-17,Standard,Organic,True,969,0,10.97
4642,23,3792.61,18.98,164.89608695652174,0,0,2024-04-26,Standard,Google Ads,True,777,80,18.98
4643,17,2225.04,11.120000000000001,130.88470588235293,0,0,2024-04-26,Standard,Google Ads,False,777,80,11.120000000000001
4644,24,4040.9100000000003,20.21,168.37125,1,0,2024-05-11,Standard,Google Ads,True,762,80,20.21
4645,20,3454.33,17.29,172.7165,0,0,2026-04-13,Standard,Referral,False,60,20,17.29
4646,24,3410.17,17.05,142.09041666666667,0,0,2023-06-30,Standard,Referral,False,1078,20,17.05
4647,22,19829.59,99.16,901.345,2,0,2024-06-08,Premium,Referral,False,734,20,99.16
4648,16,2496.85,12.47,156.053125,0,0,2026-02-24,Standard,Google Ads,True,108,80,12.47
4649,20,12837.41,64.19,641.8705,0,0,2024-10-08,Premium,LinkedIn,False,612,120,64.19
4650,16,3101.16,15.51,193.8225,1,0,2024-02-21,Standard,Referral,False,842,20,15.51
4651,16,2231.46,11.16,139.46625,0,0,2023-07-28,Standard,Google Ads,True,1050,80,11.16
4652,18,33517.6,167.57,1862.0888888888887,0,1,2025-10-16,Premium,Google Ads,False,239,80,167.57
4653,18,3584.46,17.9,199.13666666666666,0,0,2023-08-04,Standard,Referral,False,1043,20,17.9
4654,25,132452.77,662.26,5298.1107999999995,0,2,2025-07-05,Business,Organic,False,342,0,662.26
4655,14,2562.99,12.8,183.07071428571427,1,0,2025-01-18,Standard,Facebook Ads,False,510,60,12.8
4656,18,2500.02,12.51,138.89,0,0,2024-02-06,Standard,Organic,False,857,0,12.51
4657,22,3530.51,17.65,160.4777272727273,0,0,2026-04-13,Standard,Google Ads,True,60,80,17.65
4658,19,3141.27,15.71,165.33,0,0,2023-07-27,Standard,Organic,False,1051,0,15.71
4659,16,2813.72,14.07,175.8575,0,0,2024-07-04,Standard,Referral,True,708,20,14.07
4660,15,2340.59,11.709999999999999,156.03933333333333,0,0,2026-06-05,Standard,Facebook Ads,False,7,60,11.709999999999999
4661,19,2923.97,14.61,153.89315789473685,1,0,2026-03-30,Standard,Google Ads,False,74,80,14.61
4662,26,7543.5,37.72,290.13461538461536,1,0,2023-08-06,Standard,Referral,False,1041,20,37.72
4663,16,2654.95,13.29,165.934375,0,0,2024-08-29,Standard,Organic,False,652,0,13.29
4664,25,3346.61,16.73,133.86440000000002,0,0,2024-08-23,Standard,Google Ads,False,658,80,16.73
4665,12,1832.92,9.18,152.74333333333334,0,0,2024-03-30,Standard,Referral,False,804,20,9.18
4666,25,3964.71,19.82,158.5884,1,0,2024-10-06,Standard,Organic,False,614,0,19.82
4667,16,12625.39,63.12,789.086875,0,0,2026-01-28,Premium,Organic,False,135,0,63.12
4668,29,4451.4,22.23,153.49655172413793,0,0,2025-04-14,Standard,Referral,False,424,20,22.23
4669,20,2866.63,14.32,143.3315,0,0,2025-04-09,Standard,Facebook Ads,False,429,60,14.32
4670,25,21000.99,105.0,840.0396000000001,0,0,2025-12-05,Standard,Google Ads,True,189,80,105.0
4671,17,2739.1,13.719999999999999,161.1235294117647,0,0,2024-10-07,Standard,Referral,False,613,20,13.719999999999999
4672,11,2078.7599999999998,10.39,188.9781818181818,0,0,2026-05-20,Standard,Google Ads,False,23,80,10.39
4673,14,7989.57,39.95,570.6835714285714,0,0,2026-02-10,Premium,Organic,True,122,0,39.95
4674,21,3107.7,15.53,147.98571428571427,0,0,2024-10-18,Standard,Google Ads,False,602,80,15.53
4675,17,2568.6,12.84,151.09411764705882,0,0,2025-04-09,Standard,Organic,False,429,0,12.84
4676,18,2842.07,14.2,157.89277777777778,1,0,2024-06-17,Standard,LinkedIn,False,725,120,14.2
4677,22,14096.539999999999,70.49,640.7518181818182,0,1,2023-09-16,Standard,Referral,False,1000,20,70.49
4678,14,2677.01,13.4,191.215,0,0,2025-05-01,Standard,Facebook Ads,False,407,60,13.4
4679,22,7120.57,35.589999999999996,323.6622727272727,0,0,2025-09-03,Standard,Facebook Ads,False,282,60,35.589999999999996
4680,26,139300.17,696.51,5357.698846153847,1,2,2025-05-09,Premium,Google Ads,False,399,80,696.51
4681,17,89067.48,445.34000000000003,5239.2635294117645,1,1,2024-02-06,Business,Referral,False,857,20,445.34000000000003
4682,15,2690.77,13.45,179.38466666666667,0,0,2024-01-29,Standard,Google Ads,True,865,80,13.45
4683,20,16583.53,82.9,829.1764999999999,0,0,2023-07-31,Premium,Google Ads,True,1047,80,82.9
4684,15,2391.09,11.95,159.406,0,0,2023-08-03,Standard,Facebook Ads,False,1044,60,11.95
4685,22,115317.83,576.61,5241.719545454545,0,2,2024-04-28,Business,Facebook Ads,True,775,60,576.61
4686,17,2412.07,12.06,141.8864705882353,0,0,2025-08-26,Standard,LinkedIn,True,290,120,12.06
4687,18,2553.2200000000003,12.77,141.84555555555556,0,0,2024-08-02,Standard,Organic,False,679,0,12.77
4688,17,6504.259999999999,32.53,382.60352941176467,0,0,2025-08-15,Standard,LinkedIn,False,301,120,32.53
4689,21,18562.48,92.81,883.927619047619,0,0,2025-11-02,Premium,Organic,False,222,0,92.81
4690,23,29407.99,147.03,1278.6082608695654,0,1,2025-10-23,Standard,Google Ads,False,232,80,147.03
4691,24,4018.4900000000002,20.08,167.43708333333333,0,0,2025-11-16,Standard,Organic,False,208,0,20.08
4692,24,3422.5499999999997,17.12,142.60625,0,0,2024-01-17,Standard,Organic,False,877,0,17.12
4693,24,4333.69,21.66,180.57041666666666,1,0,2024-08-04,Standard,Google Ads,False,677,80,21.66
4694,18,2367.46,11.84,131.52555555555557,0,0,2024-10-11,Standard,Referral,False,609,20,11.84
4695,22,3516.03,17.56,159.81954545454548,0,0,2026-03-12,Standard,Referral,True,92,20,17.56
4696,18,14106.88,70.53,783.7155555555555,2,0,2025-09-16,Premium,Facebook Ads,False,269,60,70.53
4697,18,2928.62,14.65,162.70111111111112,0,0,2024-10-18,Standard,Organic,True,602,0,14.65
4698,18,13342.54,66.71000000000001,741.2522222222223,0,0,2026-03-27,Premium,Facebook Ads,False,77,60,66.71000000000001
4699,20,3070.08,15.35,153.504,0,0,2026-05-25,Standard,LinkedIn,False,18,120,15.35
4700,20,24724.52,123.61999999999999,1236.226,0,1,2024-07-03,Standard,Referral,False,709,20,123.61999999999999
4701,12,1240.43,6.21,103.36916666666667,0,0,2025-02-20,Standard,Organic,False,477,0,6.21
4702,20,3074.89,15.379999999999999,153.7445,1,0,2025-06-19,Standard,Referral,False,358,20,15.379999999999999
4703,9,24400.67,122.0,2711.1855555555553,0,1,2025-11-07,Premium,Google Ads,False,217,80,122.0
4704,19,2782.08,13.9,146.42526315789473,0,0,2023-10-13,Standard,Facebook Ads,False,973,60,13.9
4705,14,1889.18,9.459999999999999,134.9414285714286,0,0,2026-05-14,Standard,Google Ads,False,29,80,9.459999999999999
4706,19,20187.579999999998,100.93,1062.5042105263158,0,1,2023-07-27,Standard,LinkedIn,True,1051,120,100.93
4707,22,3853.86,19.26,175.17545454545456,1,0,2025-04-03,Standard,Facebook Ads,False,435,60,19.26
4708,23,21875.52,109.37,951.1095652173914,0,0,2024-04-28,Premium,Referral,False,775,20,109.37
4709,23,9239.52,46.19,401.71826086956526,0,0,2026-05-27,Standard,Google Ads,False,16,80,46.19
4710,22,4123.1,20.63,187.41363636363639,1,0,2025-04-24,Standard,Organic,True,414,0,20.63
4711,20,2616.91,13.11,130.8455,2,0,2023-11-12,Standard,Organic,False,943,0,13.11
4712,22,3247.94,16.23,147.63363636363636,1,0,2023-12-15,Standard,Google Ads,False,910,80,16.23
4713,21,56869.18,284.34999999999997,2708.0561904761903,1,1,2025-03-11,Premium,Facebook Ads,False,458,60,284.34999999999997
4714,18,12924.85,64.63,718.0472222222222,0,0,2026-06-05,Premium,Organic,False,7,0,64.63
4715,27,21451.18,107.27,794.4881481481482,0,0,2024-06-16,Premium,Facebook Ads,False,726,60,107.27
4716,23,122364.4,611.85,5320.191304347826,0,1,2025-03-11,Premium,Google Ads,False,458,80,611.85
4717,12,2311.65,11.55,192.63750000000002,0,0,2023-11-22,Standard,Referral,False,933,20,11.55
4718,15,9373.06,46.86,624.8706666666666,1,0,2025-06-17,Premium,Google Ads,False,360,80,46.86
4719,15,2734.12,13.65,182.27466666666666,0,0,2023-09-30,Standard,Facebook Ads,False,986,60,13.65
4720,22,4062.23,20.32,184.6468181818182,0,0,2024-12-07,Standard,LinkedIn,False,552,120,20.32
4721,28,130518.97,652.59,4661.391785714286,0,3,2023-09-29,Business,Referral,False,987,20,652.59
4722,41,10017.98,50.07,244.3409756097561,0,0,2023-06-20,Standard,Referral,False,1088,20,50.07
4723,20,2729.27,13.65,136.4635,0,0,2025-02-03,Standard,Facebook Ads,True,494,60,13.65
4724,19,8135.789999999999,40.669999999999995,428.1994736842105,0,0,2023-11-24,Standard,Referral,True,931,20,40.669999999999995
4725,20,16509.72,82.57000000000001,825.4860000000001,0,0,2025-01-13,Premium,Facebook Ads,False,515,60,82.57000000000001
4726,26,22836.230000000003,114.17999999999999,878.3165384615386,1,1,2023-07-25,Standard,LinkedIn,False,1053,120,114.17999999999999
4727,17,4593.42,22.96,270.2011764705882,0,0,2024-11-10,Standard,Referral,True,579,20,22.96
4728,20,17421.22,87.11,871.061,1,0,2024-03-11,Premium,Facebook Ads,False,823,60,87.11
4729,26,4209.92,21.05,161.92000000000002,0,0,2026-06-01,Standard,Google Ads,False,11,80,21.05
4730,18,14404.369999999999,72.05,800.2427777777777,0,0,2026-04-21,Premium,LinkedIn,False,52,120,72.05
4731,23,3163.39,15.82,137.5386956521739,1,0,2024-04-10,Standard,Organic,False,793,0,15.82
4732,23,4171.650000000001,20.87,181.37608695652176,0,0,2025-02-23,Standard,Google Ads,False,474,80,20.87
4733,26,4116.65,20.59,158.3326923076923,0,0,2026-04-24,Standard,Facebook Ads,False,49,60,20.59
4734,12,77861.39,389.33,6488.449166666666,0,1,2025-09-10,Business,Referral,False,275,20,389.33
4735,17,15415.539999999999,77.07,906.7964705882353,1,0,2025-10-04,Premium,LinkedIn,False,251,120,77.07
4736,26,4430.14,22.16,170.39000000000001,1,0,2025-10-15,Standard,Organic,False,240,0,22.16
4737,20,7521.49,37.59,376.0745,0,0,2025-10-27,Standard,Google Ads,False,228,80,37.59
4738,19,3405.16,17.03,179.21894736842106,0,0,2024-07-14,Standard,Google Ads,False,698,80,17.03
4739,19,3531.93,17.67,185.89105263157893,0,0,2023-08-10,Standard,Google Ads,False,1037,80,17.67
4740,19,13993.61,69.97,736.5057894736842,0,0,2025-12-08,Premium,Facebook Ads,False,186,60,69.97
4741,21,2775.52,13.86,132.16761904761904,1,0,2025-09-25,Standard,LinkedIn,False,260,120,13.86
4742,21,2846.42,14.22,135.54380952380953,0,0,2023-09-17,Standard,Google Ads,True,999,80,14.22
4743,27,20480.96,102.4,758.554074074074,1,0,2024-03-29,Premium,Organic,False,805,0,102.4
4744,14,1805.12,9.03,128.93714285714285,0,0,2023-08-29,Standard,Organic,True,1018,0,9.03
4745,16,2563.35,12.83,160.209375,1,0,2025-11-08,Standard,Google Ads,False,216,80,12.83
4746,18,2664.37,13.33,148.02055555555555,0,0,2024-09-03,Standard,Facebook Ads,False,647,60,13.33
4747,13,12769.78,63.85,982.2907692307692,0,0,2024-02-08,Premium,Organic,True,855,0,63.85
4748,21,2965.95,14.83,141.23571428571427,0,0,2024-02-12,Standard,Google Ads,False,851,80,14.83
4749,18,31501.99,157.52,1750.1105555555557,0,2,2025-05-27,Standard,Google Ads,False,381,80,157.52
4750,28,4936.0599999999995,24.7,176.28785714285712,0,0,2025-09-12,Standard,Google Ads,False,273,80,24.7
4751,33,10510.210000000001,52.55,318.49121212121213,0,0,2023-12-03,Standard,Organic,False,922,0,52.55
4752,17,16180.51,80.91,951.7947058823529,0,1,2024-04-29,Standard,Google Ads,False,774,80,80.91
4753,19,2804.43,14.04,147.6015789473684,0,0,2026-03-23,Standard,Referral,False,81,20,14.04
4754,19,2564.48,12.83,134.97263157894736,0,0,2023-08-07,Standard,Organic,False,1040,0,12.83
4755,26,4981.18,24.89,191.58384615384617,0,0,2024-09-26,Standard,Organic,False,624,0,24.89
4756,18,2360.04,11.790000000000001,131.11333333333334,0,0,2024-07-16,Standard,Google Ads,False,696,80,11.790000000000001
4757,16,2976.79,14.89,186.049375,0,0,2024-03-11,Standard,LinkedIn,False,823,120,14.89
4758,19,28775.89,143.89,1514.5205263157895,0,1,2024-12-22,Standard,Organic,False,537,0,143.89
4759,22,14340.98,71.7,651.8627272727273,1,0,2025-11-14,Premium,LinkedIn,False,210,120,71.7
4760,14,83801.93,419.01,5985.852142857142,0,2,2025-03-29,Business,Referral,False,440,20,419.01
4761,12,9126.0,45.63,760.5,0,0,2026-03-25,Premium,LinkedIn,False,79,120,45.63
4762,17,36358.35,181.79,2138.7264705882353,0,1,2023-07-02,Premium,Google Ads,False,1076,80,181.79
4763,23,148930.0,744.68,6475.217391304348,0,6,2023-09-27,Business,LinkedIn,False,989,120,744.68
4764,26,24215.559999999998,121.09,931.3676923076922,1,0,2024-02-01,Premium,Referral,False,862,20,121.09
4765,20,103231.19,516.15,5161.5595,0,2,2026-03-16,Business,Facebook Ads,False,88,60,516.15
4766,19,14478.369999999999,72.38,762.0194736842104,0,0,2023-07-06,Premium,Referral,False,1072,20,72.38
4767,11,1857.59,9.29,168.87181818181818,0,0,2024-06-27,Standard,Google Ads,False,715,80,9.29
4768,19,2654.08,13.29,139.68842105263158,0,0,2025-04-05,Standard,Referral,False,433,20,13.29
4769,20,3289.76,16.46,164.488,0,0,2024-05-10,Standard,Organic,False,763,0,16.46
4770,21,3421.13,17.1,162.91095238095238,0,0,2025-03-31,Standard,LinkedIn,False,438,120,17.1
4771,31,4768.09,23.86,153.80935483870968,1,0,2024-06-01,Standard,Organic,False,741,0,23.86
4772,17,2243.37,11.21,131.9629411764706,0,0,2025-11-23,Standard,LinkedIn,False,201,120,11.21
4773,22,14424.9,72.14,655.6772727272727,1,0,2024-10-02,Premium,LinkedIn,False,618,120,72.14
4774,20,3837.98,19.18,191.899,0,0,2023-09-30,Standard,Google Ads,False,986,80,19.18
4775,13,62905.25,314.53,4838.865384615385,0,3,2026-02-06,Business,Referral,False,126,20,314.53
4776,26,13798.61,68.97,530.7157692307693,0,1,2024-03-11,Standard,Organic,True,823,0,68.97
4777,32,5454.4,27.26,170.45,0,0,2024-12-11,Standard,Referral,False,548,20,27.26
4778,20,4139.84,20.7,206.99200000000002,0,0,2024-04-30,Standard,LinkedIn,True,773,120,20.7
4779,21,3602.56,17.990000000000002,171.5504761904762,0,0,2026-05-11,Standard,Google Ads,True,32,80,17.990000000000002
4780,16,10351.56,51.77,646.9725,1,0,2025-03-03,Premium,LinkedIn,True,466,120,51.77
4781,13,6501.4,32.5,500.1076923076923,1,0,2023-12-11,Standard,Facebook Ads,True,914,60,32.5
4782,22,3895.57,19.48,177.07136363636366,0,0,2025-01-08,Standard,Referral,True,520,20,19.48
4783,19,18894.94,94.5,994.4705263157894,0,0,2025-07-27,Premium,Facebook Ads,False,320,60,94.5
4784,18,2942.37,14.709999999999999,163.465,1,0,2026-05-19,Standard,Organic,True,24,0,14.709999999999999
4785,26,3937.96,19.68,151.46,0,0,2025-11-24,Standard,Google Ads,False,200,80,19.68
4786,17,2388.33,11.94,140.49,1,0,2023-07-30,Standard,Organic,False,1048,0,11.94
4787,18,2676.79,13.370000000000001,148.71055555555554,2,0,2024-10-29,Standard,Organic,True,591,0,13.370000000000001
4788,26,119184.85,595.9300000000001,4584.032692307693,0,0,2026-02-01,Business,Organic,True,131,0,595.9300000000001
4789,18,3019.6800000000003,15.1,167.76000000000002,0,0,2023-11-22,Standard,Referral,False,933,20,15.1
4790,21,18964.52,94.82,903.072380952381,2,0,2024-08-09,Premium,Referral,False,672,20,94.82
4791,18,15614.68,78.08,867.4822222222223,0,0,2025-05-24,Premium,Referral,False,384,20,78.08
4792,15,2486.36,12.44,165.75733333333335,0,0,2024-06-30,Standard,Organic,True,712,0,12.44
4793,24,8410.269999999999,42.08,350.4279166666666,1,0,2026-04-20,Standard,Referral,False,53,20,42.08
4794,14,1874.58,9.36,133.89857142857142,0,0,2023-09-13,Standard,Referral,False,1003,20,9.36
4795,19,2847.49,14.23,149.8678947368421,0,0,2023-11-06,Standard,Referral,False,949,20,14.23
4796,14,1856.3799999999999,9.29,132.59857142857143,0,0,2024-03-09,Standard,Referral,False,825,20,9.29
4797,12,1682.09,8.42,140.17416666666665,0,0,2024-06-30,Standard,Organic,True,712,0,8.42
4798,28,20632.58,103.13999999999999,736.8778571428572,1,1,2025-08-28,Standard,Google Ads,False,288,80,103.13999999999999
4799,21,3355.8,16.76,159.8,0,0,2024-04-24,Standard,Organic,False,779,0,16.76
4800,24,3851.22,19.28,160.4675,1,0,2026-05-31,Standard,Facebook Ads,True,12,60,19.28
4801,13,2317.06,11.59,178.23538461538462,1,0,2024-03-17,Standard,Organic,False,817,0,11.59
4802,27,4089.93,20.44,151.4788888888889,0,0,2024-08-26,Standard,Organic,False,655,0,20.44
4803,20,112409.38,562.03,5620.469,0,2,2026-02-14,Business,Google Ads,True,118,80,562.03
4804,12,10659.119999999999,53.31,888.2599999999999,0,0,2025-12-24,Premium,Referral,False,170,20,53.31
4805,10,8862.99,44.33,886.299,0,0,2026-02-02,Premium,Organic,False,130,0,44.33
4806,15,2216.9,11.1,147.79333333333335,0,0,2026-05-07,Standard,Organic,False,36,0,11.1
4807,26,8314.32,41.529999999999994,319.78153846153845,0,0,2025-12-29,Standard,Organic,False,165,0,41.529999999999994
4808,17,2656.49,13.28,156.2641176470588,0,0,2025-04-25,Standard,Google Ads,False,413,80,13.28
4809,19,82332.06999999999,411.64,4333.266842105263,0,0,2024-03-16,Business,Google Ads,False,818,80,411.64
4810,19,18164.49,90.84,956.0257894736843,1,0,2024-04-23,Premium,Google Ads,True,780,80,90.84
4811,22,23256.5,116.27,1057.1136363636363,0,1,2024-08-24,Standard,LinkedIn,True,657,120,116.27
4812,15,2890.91,14.43,192.72733333333332,0,0,2024-03-14,Standard,Facebook Ads,True,820,60,14.43
4813,23,3918.46,19.56,170.3678260869565,0,0,2025-06-29,Standard,Organic,False,348,0,19.56
4814,21,2764.93,13.84,131.66333333333333,1,0,2023-09-04,Standard,Facebook Ads,True,1012,60,13.84
4815,24,3442.11,17.21,143.42125000000001,0,0,2023-12-23,Standard,Referral,False,902,20,17.21
4816,20,2473.81,12.38,123.6905,0,0,2025-02-27,Standard,Organic,False,470,0,12.38
4817,20,16338.66,81.69,816.933,0,0,2024-03-14,Premium,Facebook Ads,True,820,60,81.69
4818,24,4249.91,21.259999999999998,177.07958333333332,0,0,2024-04-03,Standard,Organic,True,800,0,21.259999999999998
4819,20,2632.4,13.18,131.62,0,0,2025-02-22,Standard,Google Ads,False,475,80,13.18
4820,13,2140.57,10.709999999999999,164.6592307692308,0,0,2025-08-27,Standard,Google Ads,False,289,80,10.709999999999999
4821,22,3137.96,15.68,142.63454545454545,0,0,2025-03-23,Standard,Referral,False,446,20,15.68
4822,20,3021.04,15.14,151.052,0,0,2025-12-18,Standard,LinkedIn,False,176,120,15.14
4823,13,1813.16,9.08,139.47384615384615,0,0,2025-12-23,Standard,Google Ads,False,171,80,9.08
4824,22,40538.96,202.68,1842.68,1,1,2025-09-20,Premium,Referral,False,265,20,202.68
4825,17,2732.96,13.67,160.76235294117646,0,0,2023-07-26,Standard,LinkedIn,False,1052,120,13.67
4826,21,130511.89,652.54,6214.851904761905,0,2,2023-12-24,Business,Google Ads,False,901,80,652.54
4827,18,11721.18,58.6,651.1766666666667,0,0,2023-12-12,Premium,Google Ads,False,913,80,58.6
4828,22,3703.7,18.490000000000002,168.35,0,0,2024-08-18,Standard,Referral,False,663,20,18.490000000000002
4829,20,3357.57,16.8,167.8785,0,0,2024-03-04,Standard,Organic,True,830,0,16.8
4830,32,57700.03,288.5,1803.1259375,0,1,2026-03-21,Premium,LinkedIn,False,83,120,288.5
4831,21,9530.55,47.629999999999995,453.83571428571423,0,0,2025-08-19,Standard,Facebook Ads,False,297,60,47.629999999999995
4832,15,2506.2,12.54,167.07999999999998,0,0,2025-07-30,Standard,Google Ads,False,317,80,12.54
4833,12,2171.05,10.85,180.92083333333335,1,0,2024-03-01,Standard,LinkedIn,False,833,120,10.85
4834,13,89137.36,445.7,6856.72,0,3,2024-02-05,Business,Facebook Ads,False,858,60,445.7
4835,17,86747.01,433.72,5102.765294117647,0,1,2025-08-09,Business,Google Ads,False,307,80,433.72
4836,22,3091.31,15.469999999999999,140.5140909090909,0,0,2025-06-17,Standard,Organic,True,360,0,15.469999999999999
4837,16,8399.38,42.010000000000005,524.96125,1,0,2023-11-22,Standard,Organic,False,933,0,42.010000000000005
4838,21,14776.37,73.91,703.6366666666667,0,0,2026-05-24,Premium,Facebook Ads,False,19,60,73.91
4839,16,4626.72,23.150000000000002,289.17,0,0,2025-07-08,Standard,Organic,False,339,0,23.150000000000002
4840,21,3305.16,16.52,157.38857142857142,0,0,2024-10-02,Standard,Organic,True,618,0,16.52
4841,18,2773.85,13.879999999999999,154.10277777777776,0,0,2024-09-29,Standard,Referral,False,621,20,13.879999999999999
4842,19,3010.47,15.06,158.4457894736842,0,0,2024-11-11,Standard,Organic,False,578,0,15.06
4843,23,3402.43,17.02,147.93173913043478,0,0,2025-05-02,Standard,Organic,False,406,0,17.02
4844,24,27672.14,138.35999999999999,1153.0058333333334,1,1,2026-03-14,Standard,Google Ads,True,90,80,138.35999999999999
4845,23,112549.23000000001,562.74,4893.444782608696,0,2,2026-01-11,Business,Google Ads,False,152,80,562.74
4846,22,3825.0299999999997,19.13,173.86499999999998,0,0,2026-01-03,Standard,Referral,False,160,20,19.13
4847,16,1615.1399999999999,8.09,100.94624999999999,0,0,2024-10-10,Standard,Facebook Ads,False,610,60,8.09
4848,19,3181.91,15.91,167.46894736842106,0,0,2023-11-07,Standard,Referral,False,948,20,15.91
4849,17,2436.49,12.18,143.32294117647058,0,0,2025-06-10,Standard,Referral,False,367,20,12.18
4850,14,2124.02,10.62,151.71571428571428,0,0,2024-03-22,Standard,Organic,False,812,0,10.62
4851,20,18602.6,93.03,930.1299999999999,0,0,2026-03-31,Premium,LinkedIn,False,73,120,93.03
4852,24,4321.34,21.58,180.05583333333334,0,0,2024-01-26,Standard,Organic,False,868,0,21.58
4853,16,2110.67,10.57,131.916875,0,0,2024-12-22,Standard,Facebook Ads,False,537,60,10.57
4854,19,9806.72,49.040000000000006,516.1431578947368,0,0,2025-04-01,Standard,Referral,True,437,20,49.040000000000006
4855,10,1850.11,9.25,185.011,0,0,2026-04-16,Standard,Organic,True,57,0,9.25
4856,20,93001.81,465.0,4650.0905,1,1,2025-12-31,Premium,Google Ads,False,163,80,465.0
4857,22,3347.15,16.74,152.14318181818183,0,0,2024-11-09,Standard,Organic,False,580,0,16.74
4858,22,102639.34,513.21,4665.424545454545,0,0,2023-10-26,Business,Organic,True,960,0,513.21
4859,21,116132.90000000001,580.66,5530.138095238096,0,3,2024-12-05,Business,Facebook Ads,False,554,60,580.66
4860,17,14169.19,70.85,833.4817647058824,0,0,2024-12-06,Premium,Organic,False,553,0,70.85
4861,24,57877.100000000006,289.37,2411.5458333333336,0,1,2025-06-07,Premium,Organic,False,370,0,289.37
4862,24,564174.68,2820.89,23507.278333333335,0,4,2026-03-21,Business,Organic,False,83,0,2820.89
4863,25,31466.97,157.32,1258.6788000000001,0,1,2025-09-19,Standard,Facebook Ads,True,266,60,157.32
4864,22,10786.83,53.940000000000005,490.31045454545455,0,0,2024-10-20,Standard,Google Ads,False,600,80,53.940000000000005
4865,23,3345.2799999999997,16.74,145.4469565217391,0,0,2024-07-04,Standard,Google Ads,False,708,80,16.74
4866,16,3058.92,15.29,191.1825,0,0,2025-06-01,Standard,LinkedIn,False,376,120,15.29
4867,21,16888.97,84.45,804.2366666666667,0,0,2025-03-21,Premium,Referral,False,448,20,84.45
4868,16,38622.26,193.11,2413.89125,1,1,2023-09-02,Premium,Google Ads,True,1014,80,193.11
4869,26,3873.82,19.37,148.99307692307693,2,0,2024-05-14,Standard,Google Ads,False,759,80,19.37
4870,24,3730.92,18.65,155.455,0,0,2025-04-13,Standard,Google Ads,True,425,80,18.65
4871,20,15928.5,79.63,796.425,1,0,2025-10-25,Premium,Organic,False,230,0,79.63
4872,25,16520.91,82.59,660.8364,1,0,2023-09-26,Premium,Referral,False,990,20,82.59
4873,23,3808.5,19.08,165.58695652173913,1,0,2024-04-05,Standard,Organic,True,798,0,19.08
4874,26,20336.15,101.67999999999999,782.1596153846154,0,0,2023-09-25,Premium,Organic,True,991,0,101.67999999999999
4875,14,1966.34,9.83,140.45285714285714,0,0,2024-05-30,Standard,Facebook Ads,False,743,60,9.83
4876,17,12144.12,60.71,714.36,1,0,2025-09-10,Premium,Referral,False,275,20,60.71
4877,17,2946.13,14.74,173.30176470588236,0,0,2023-09-17,Standard,Referral,False,999,20,14.74
4878,23,19829.97,99.16,862.1726086956522,1,0,2024-08-30,Premium,Organic,False,651,0,99.16
4879,21,2641.77,13.22,125.79857142857142,0,0,2026-05-04,Standard,Google Ads,True,39,80,13.22
4880,30,27896.7,139.45,929.89,2,0,2023-06-24,Premium,Organic,True,1084,0,139.45
4881,18,2819.79,14.1,156.655,0,0,2024-07-16,Standard,Referral,False,696,20,14.1
4882,16,6491.84,32.48,405.74,0,0,2026-04-19,Standard,Facebook Ads,False,54,60,32.48
4883,20,2859.62,14.280000000000001,142.981,1,0,2026-05-28,Standard,Google Ads,False,15,80,14.280000000000001
4884,19,2798.96,13.979999999999999,147.3136842105263,0,0,2024-06-26,Standard,Organic,False,716,0,13.979999999999999
4885,29,3771.34,18.84,130.04620689655172,0,0,2025-05-24,Standard,Facebook Ads,False,384,60,18.84
4886,16,10504.69,52.5,656.543125,0,0,2026-03-20,Premium,Organic,False,84,0,52.5
4887,25,42614.65,213.07999999999998,1704.586,0,1,2026-03-24,Premium,Organic,True,80,0,213.07999999999998
4888,20,55657.42,278.31,2782.871,1,1,2026-03-26,Premium,Facebook Ads,False,78,60,278.31
4889,23,3007.33,15.03,130.75347826086957,0,0,2024-12-24,Standard,Google Ads,False,535,80,15.03
4890,33,7291.5,36.45,220.95454545454547,1,0,2026-04-26,Standard,Google Ads,True,47,80,36.45
4891,20,3032.32,15.17,151.616,1,0,2025-02-06,Standard,LinkedIn,False,491,120,15.17
4892,18,3252.28,16.259999999999998,180.68222222222224,0,0,2024-12-27,Standard,Google Ads,False,532,80,16.259999999999998
4893,22,2739.23,13.7,124.51045454545455,0,0,2024-04-30,Standard,Organic,False,773,0,13.7
4894,31,4517.3099999999995,22.59,145.7196774193548,0,0,2023-07-10,Standard,LinkedIn,False,1068,120,22.59
4895,24,19116.65,95.59,796.5270833333334,0,0,2024-12-21,Premium,Referral,False,538,20,95.59
4896,17,85121.65,425.62,5007.155882352941,0,0,2025-03-09,Business,Organic,True,460,0,425.62
4897,15,2268.1,11.35,151.20666666666665,0,0,2024-04-12,Standard,Referral,False,791,20,11.35
4898,14,2243.45,11.2,160.24642857142857,0,0,2024-06-13,Standard,Referral,True,729,20,11.2
4899,18,3006.94,15.03,167.0522222222222,0,0,2025-08-23,Standard,Facebook Ads,False,293,60,15.03
4900,21,5585.23,27.939999999999998,265.9633333333333,0,0,2025-02-20,Standard,Facebook Ads,False,477,60,27.939999999999998
4901,24,133544.07,667.74,5564.33625,0,1,2025-12-06,Business,Referral,False,188,20,667.74
4902,24,3115.41,15.58,129.80875,1,0,2025-10-11,Standard,Referral,False,244,20,15.58
4903,20,18579.4,92.9,928.97,0,1,2024-07-30,Standard,Facebook Ads,True,682,60,92.9
4904,21,15441.66,77.21000000000001,735.3171428571428,0,0,2024-07-22,Premium,Google Ads,False,690,80,77.21000000000001
4905,17,2674.79,13.370000000000001,157.34058823529412,0,0,2025-10-03,Standard,Referral,False,252,20,13.370000000000001
4906,21,20824.79,104.13,991.6566666666668,0,0,2023-06-14,Premium,LinkedIn,False,1094,120,104.13
4907,17,3200.99,16.0,188.2935294117647,0,0,2023-07-22,Standard,Facebook Ads,False,1056,60,16.0
4908,21,3500.02,17.509999999999998,166.66761904761904,0,0,2024-11-19,Standard,Google Ads,False,570,80,17.509999999999998
4909,29,9045.33,45.25,311.9079310344828,0,0,2024-03-05,Standard,Google Ads,False,829,80,45.25
4910,12,13355.970000000001,66.79,1112.9975000000002,0,1,2025-01-31,Standard,Organic,False,497,0,66.79
4911,18,2885.19,14.42,160.28833333333333,0,0,2025-08-28,Standard,Google Ads,False,288,80,14.42
4912,11,1639.45,8.2,149.04090909090908,0,0,2023-12-21,Standard,Referral,False,904,20,8.2
4913,22,3997.69,19.98,181.71318181818182,0,0,2026-04-18,Standard,Google Ads,False,55,80,19.98
4914,22,3441.51,17.19,156.43227272727273,1,0,2025-11-27,Standard,Facebook Ads,True,197,60,17.19
4915,27,23418.39,117.07000000000001,867.3477777777778,0,0,2026-03-18,Premium,Referral,False,86,20,117.07000000000001
4916,24,79269.84000000001,396.33,3302.9100000000003,0,1,2024-02-10,Premium,Facebook Ads,False,853,60,396.33
4917,16,2577.21,12.879999999999999,161.075625,0,0,2023-09-27,Standard,Organic,False,989,0,12.879999999999999
4918,16,2923.9900000000002,14.62,182.74937500000001,0,0,2024-03-17,Standard,Organic,False,817,0,14.62
4919,17,46811.159999999996,234.06,2753.5976470588234,0,1,2026-03-01,Premium,Referral,False,103,20,234.06
4920,20,2743.67,13.7,137.1835,0,0,2024-03-23,Standard,LinkedIn,False,811,120,13.7
4921,13,38728.86,193.66,2979.143076923077,1,0,2024-04-19,Business,Google Ads,False,784,80,193.66
4922,22,2479.5099999999998,12.370000000000001,112.70499999999998,0,0,2026-06-02,Standard,Referral,False,10,20,12.370000000000001
4923,21,3356.21,16.79,159.81952380952382,0,0,2023-10-04,Standard,Google Ads,True,982,80,16.79
4924,20,3390.33,16.95,169.5165,0,0,2024-05-12,Standard,Referral,True,761,20,16.95
4925,23,9595.51,47.980000000000004,417.19608695652175,0,0,2024-03-29,Standard,Organic,False,805,0,47.980000000000004
4926,23,19940.45,99.71000000000001,866.9760869565217,0,0,2023-11-09,Premium,Facebook Ads,False,946,60,99.71000000000001
4927,20,86116.79,430.60999999999996,4305.8395,1,1,2025-10-15,Business,Facebook Ads,False,240,60,430.60999999999996
4928,33,21977.75,109.9,665.9924242424242,1,0,2025-07-16,Premium,Referral,False,331,20,109.9
4929,24,2976.05,14.89,124.00208333333335,0,0,2023-10-26,Standard,Referral,False,960,20,14.89
4930,16,3201.56,16.01,200.0975,0,0,2024-10-12,Standard,LinkedIn,False,608,120,16.01
4931,23,20790.09,103.97,903.9169565217392,0,0,2024-04-07,Premium,Organic,False,796,0,103.97
4932,24,3925.6800000000003,19.62,163.57000000000002,1,0,2023-07-03,Standard,Organic,False,1075,0,19.62
4933,22,19081.18,95.4,867.3263636363637,0,0,2024-11-27,Premium,Referral,False,562,20,95.4
4934,24,3800.2200000000003,18.98,158.3425,0,0,2025-01-21,Standard,Organic,False,507,0,18.98
4935,14,2780.74,13.9,198.6242857142857,1,0,2024-10-14,Standard,Facebook Ads,False,606,60,13.9
4936,24,3456.0299999999997,17.28,144.00125,0,0,2024-06-08,Standard,Facebook Ads,False,734,60,17.28
4937,24,78567.43,392.84999999999997,3273.642916666666,1,1,2023-12-01,Premium,Google Ads,True,924,80,392.84999999999997
4938,13,2233.73,11.17,171.82538461538462,0,0,2025-10-16,Standard,Organic,False,239,0,11.17
4939,22,3431.24,17.15,155.96545454545455,0,0,2025-08-20,Standard,Organic,False,296,0,17.15
4940,28,72568.01,362.86,2591.7146428571427,2,1,2025-08-01,Premium,Organic,False,315,0,362.86
4941,22,18739.63,93.7,851.8013636363637,1,0,2025-03-04,Premium,LinkedIn,False,465,120,93.7
4942,21,18340.99,91.73,873.3804761904763,1,0,2023-11-11,Premium,Organic,True,944,0,91.73
4943,12,1717.08,8.58,143.09,0,0,2024-08-04,Standard,Facebook Ads,True,677,60,8.58
4944,26,3589.79,17.94,138.06884615384615,0,0,2026-03-01,Standard,Organic,True,103,0,17.94
4945,17,3215.56,16.08,189.15058823529412,0,0,2024-07-16,Standard,Facebook Ads,False,696,60,16.08
4946,31,26194.48,130.99,844.9832258064516,0,0,2025-02-20,Premium,Organic,False,477,0,130.99
4947,17,15951.560000000001,79.75,938.3270588235295,0,1,2025-09-10,Standard,Organic,False,275,0,79.75
4948,20,14936.3,74.7,746.8149999999999,0,0,2025-01-11,Premium,Referral,False,517,20,74.7
4949,27,22086.23,110.41,818.0085185185185,0,0,2023-10-10,Premium,Google Ads,False,976,80,110.41
4950,27,4120.96,20.6,152.62814814814814,0,0,2025-12-03,Standard,LinkedIn,True,191,120,20.6
4951,26,4008.91,20.04,154.18884615384616,0,0,2026-01-25,Standard,Google Ads,False,138,80,20.04
4952,21,3412.62,17.06,162.50571428571428,0,0,2023-10-26,Standard,Organic,False,960,0,17.06
4953,11,10134.24,50.67,921.2945454545454,0,0,2023-12-08,Premium,Organic,False,917,0,50.67
4954,27,3558.68,17.8,131.80296296296297,0,0,2025-11-14,Standard,Facebook Ads,False,210,60,17.8
4955,21,3338.2599999999998,16.66,158.9647619047619,1,0,2023-07-05,Standard,Google Ads,False,1073,80,16.66
4956,20,2831.59,14.16,141.5795,3,0,2025-04-09,Standard,Organic,False,429,0,14.16
4957,24,3605.78,18.05,150.24083333333334,0,0,2023-12-23,Standard,Google Ads,True,902,80,18.05
4958,24,140324.98,701.62,5846.874166666667,1,4,2025-05-03,Business,Organic,True,405,0,701.62
4959,10,1774.52,8.87,177.452,0,0,2024-05-03,Standard,Facebook Ads,False,770,60,8.87
4960,15,11411.73,57.06,760.7819999999999,1,0,2024-06-22,Premium,Referral,True,720,20,57.06
4961,22,3455.88,17.25,157.08545454545455,0,0,2024-10-07,Standard,Referral,False,613,20,17.25
4962,20,2478.46,12.36,123.923,0,0,2025-07-17,Standard,Facebook Ads,True,330,60,12.36
4963,19,15518.16,77.58,816.7452631578948,1,0,2024-11-24,Premium,Referral,False,565,20,77.58
4964,16,11666.76,58.35999999999999,729.1725,1,1,2025-07-23,Standard,Organic,False,324,0,58.35999999999999
4965,29,13442.38,67.23,463.5303448275862,0,1,2024-12-23,Standard,Google Ads,False,536,80,67.23
4966,15,11087.34,55.46,739.1560000000001,0,0,2024-11-29,Premium,Facebook Ads,False,560,60,55.46
4967,21,6297.5599999999995,31.5,299.8838095238095,0,0,2024-02-20,Standard,Facebook Ads,False,843,60,31.5
4968,20,108666.9,543.34,5433.344999999999,2,2,2024-08-20,Business,Google Ads,False,661,80,543.34
4969,14,12593.859999999999,62.98,899.5614285714285,0,0,2024-03-15,Premium,Google Ads,False,819,80,62.98
4970,15,16875.850000000002,84.36999999999999,1125.0566666666668,0,1,2025-08-28,Standard,Referral,False,288,20,84.36999999999999
4971,25,19964.67,99.84,798.5867999999999,0,0,2025-07-18,Premium,Referral,True,329,20,99.84
4972,21,3738.8900000000003,18.7,178.04238095238097,0,0,2025-08-28,Standard,LinkedIn,False,288,120,18.7
4973,10,1302.59,6.51,130.259,0,0,2025-04-16,Standard,Organic,False,422,0,6.51
4974,16,2433.1,12.15,152.06875,0,0,2024-07-02,Standard,Organic,True,710,0,12.15
4975,24,3976.1,19.9,165.67083333333332,0,0,2025-11-13,Standard,Referral,False,211,20,19.9
4976,17,15431.35,77.14,907.7264705882353,0,0,2025-01-02,Premium,Google Ads,False,526,80,77.14
4977,18,69831.45,349.14000000000004,3879.5249999999996,0,1,2024-12-15,Premium,Organic,False,544,0,349.14000000000004
4978,18,2541.11,12.719999999999999,141.17277777777778,0,0,2025-09-10,Standard,Organic,False,275,0,12.719999999999999
4979,20,14977.74,74.88,748.887,0,0,2023-12-28,Premium,Facebook Ads,False,897,60,74.88
4980,20,3274.26,16.38,163.71300000000002,1,0,2023-09-16,Standard,LinkedIn,True,1000,120,16.38
4981,16,3121.7400000000002,15.6,195.10875000000001,1,0,2024-10-30,Standard,Google Ads,True,590,80,15.6
4982,21,14470.24,72.35000000000001,689.0590476190476,0,0,2025-08-04,Premium,Google Ads,False,312,80,72.35000000000001
4983,13,1564.32,7.8,120.3323076923077,1,0,2025-12-20,Standard,Organic,False,174,0,7.8
4984,20,2907.37,14.55,145.36849999999998,0,0,2023-06-26,Standard,Referral,False,1082,20,14.55
4985,22,15729.94,78.67,714.9972727272727,0,0,2024-08-15,Standard,Referral,False,666,20,78.67
4986,17,11589.48,57.93,681.7341176470588,0,0,2024-04-17,Premium,Organic,False,786,0,57.93
4987,13,2284.41,11.44,175.72384615384615,1,0,2024-05-17,Standard,Organic,False,756,0,11.44
4988,18,2620.19,13.11,145.56611111111113,0,0,2025-01-24,Standard,Facebook Ads,False,504,60,13.11
4989,16,2678.7599999999998,13.4,167.42249999999999,0,0,2025-04-10,Standard,Organic,False,428,0,13.4
4990,22,3484.59,17.419999999999998,158.39045454545456,0,0,2025-12-29,Standard,Organic,False,165,0,17.419999999999998
4991,23,12048.01,60.23,523.8265217391305,0,0,2025-12-11,Standard,Referral,False,183,20,60.23
4992,20,2767.73,13.85,138.3865,1,0,2023-08-13,Standard,Referral,False,1034,20,13.85
4993,22,2870.04,14.37,130.45636363636365,0,0,2025-03-14,Standard,Google Ads,False,455,80,14.37
4994,22,3858.08,19.3,175.36727272727273,0,0,2025-09-30,Standard,Google Ads,False,255,80,19.3
4995,20,3896.51,19.48,194.8255,1,0,2025-05-08,Standard,Google Ads,False,400,80,19.48
4996,29,5134.61,25.69,177.0555172413793,0,0,2026-02-24,Standard,Referral,False,108,20,25.69
4997,16,2136.71,10.69,133.544375,0,0,2025-11-15,Standard,Referral,False,209,20,10.69
4998,17,14395.82,71.99,846.8129411764705,1,0,2024-12-19,Premium,Facebook Ads,False,540,60,71.99
4999,8,7119.51,35.6,889.93875,0,0,2024-05-13,Premium,Facebook Ads,False,760,60,35.6
5000,20,21026.29,105.12,1051.3145,0,0,2024-09-29,Premium,Facebook Ads,False,621,60,105.12
